id,truckstop_id,truckstop_name,address,city,state,rack_id,retail_price,latitude,longitude
2,9,KWIK TRIP #796,"I-94, EXIT 143 & US-12 & SR-21",Tomah,WI,420,3.287,43.978526,-90.51355
5,28,LITTLEFIELD EXPRESS #2,"I-540, EXIT 12 & US-71",Fort Smith,AR,645,3.399,35.372017,-94.386
6,35,ACI TRUCK STOP,US-46,Columbia,NJ,90,3.079,40.78096,-74.385611
7,36,SHENANDOAH TRUCK CENTER,"I-81, EXIT 273 & SR-703/SR-292",Mount Jackson,VA,60,2.899,38.743242,-78.646498
8,44,CIRCLE K #2612042,"I-35,  EXIT 271",Jarrell,TX,595,2.919,30.82639,-97.606035
9,46,PETRO STOPPING CENTER #348,"I-85,  EXIT 22 & CR-138",Shorter,AL,720,3.154,45.638409,-122.5308
10,49,TA SEYMOUR TRAVEL CENTER,"I-65, EXIT 50 & US-50 & US-31",Seymour,IN,415,3.959,38.959251,-85.888222
11,50,TA COUNCIL BLUFFS TRAVEL CENTER,"I-29 & I-80, EXIT 3",Council Bluffs,IA,319,3.726,41.230526,-95.838091
12,56,TOPS TRUCK STOP,"I-94, EXIT 182 & US-83",Sterling,ND,390,3.516,46.301726,-98.949425
13,75,Good 2 Go #709,US-50,Montrose,CO,810,3.424,38.486987,-107.868585
14,77,OASIS TRAVEL PLAZA,US-13,Laurel,DE,243,3.229,38.555203,-75.568254
16,81,One9 #89,"I-75, EXIT 224",Ellenton,FL,225,3.439,27.526708,-82.52277
17,85,DOWNIEVILLE FUEL STOP,"I-70, EXIT 234",Dumont,CO,800,3.459,39.76471,-105.60028
18,91,MOLLYS FOOD & FUEL,"I-20 & ST 22, EXIT 55",Crawfordville                           ,GA,135,3.499,5.679674,-0.173201
19,105,TA SAGINAW I 75 TRAVEL CENTER,"I-75, EXIT 144-B",Bridgeport,MI,260,3.269,43.37888,-83.89361
25,118,Lupton Truck Stop #567,"I-40, EXIT 359",Lupton,AZ,580,3.299,35.354882,-109.052124
26,121,PETRO STOPPING CENTER #306,"I-10, EXIT 200",Eloy,AZ,930,3.474,32.778688,-111.596545
27,127,CIRCLE K #4700095,US-41,Henderson,KY,340,3.609,37.884075,-87.56224
28,128,THE EFFINGHAM CHROME SHOP,"I-57 & I-70, EXIT 159",Effingham                               ,IL,510,3.399,41.791171,-87.586713
31,135,LOVES TRAVEL STOP #766,"I-80, EXIT 27",Atkinson,IL,290,3.589,41.464864,-90.036814
34,147,SPEEDWAY #8039,"I-69, EXIT 234 & SR-67",Daleville,IN,375,3.624,33.03251,-116.883798
36,151,CUBBYS #2101,"I-80, EXIT 211 & SR-47",Gothenburg,NE,475,3.132,40.930235,-100.100822
37,159,PILOT TRAVEL CENTER #87,"I-10, EXIT 343",Jacksonville,FL,75,3.859,30.369914,-81.660992
39,160,PILOT TRAVEL CENTERS #79,"I-12, EXIT 10 AT MILE 10",Denham Springs                          ,LA,600,3.232,30.469044,-90.960085
40,164,FLYING J TRAVEL PLAZA #650,"I-94, EXIT 15 B",Lake Station                            ,IN,365,3.809,41.579279,-87.25305
41,167,FLYING J TRAVEL PLAZA #653,RT 2 & I-65 EXIT 240,Hebron,IN,365,3.436,41.321194,-87.198978
42,174,Hop-In Food Stores,US-59 & SR-224,Nacogdoches                             ,TX,618,2.859,41.151909,-81.386869
43,184,SAPP BROS TRAVEL CENTER,"I-29 & I-80, EXIT 1B",Council Bluffs,IA,486,3.719,41.230526,-95.838091
44,186,COFFEE CUP FUEL STOP #5,"I-90, EXIT 154 & US-16",Moorcroft                               ,WY,822,3.239,42.849754,-106.323386
45,187,DUDLEYS CORNER,"I-35, EXIT 165 & SR-3",Latimer,IA,433,3.232,42.553664,-94.993346
46,191,KUM & GO #0302,"I-35, EXIT 193 & SR 106",Clear Lake,IA,433,3.186,43.13372,-93.365025
47,192,Brew Stuart Truckstop,"I-80, EXIT 93",Stuart                                  ,IA,320,3.099,41.500039,-94.31861
48,195,PETRO STOPPING CENTER #311,"I-40 & I-55, EXIT 280",West Memphis,AR,435,3.367,35.150295,-90.134052
49,198,SINCLAIR,"I-76, EXIT 115",Atwood,CO,800,3.299,40.549574,-103.274594
50,199,PETRO STOPPING CENTER #366,"I-70, EXIT 252",Salina,KS,523,3.806,38.82358,-97.610411
53,207,MARATHON,SR-32,Sardinia                                ,OH,300,3.566,39.004754,-83.80519
54,216,CIRCLE K #2721593,"I-10, EXIT 50",Ocean Springs,MS,715,3.416,30.404027,-88.788015
55,217,NORTH 9TH 24/7,"I-70, EXIT 252",Salina,KS,523,3.026,38.82358,-97.610411
56,231,DERBY CITYS TRUCK PLAZA,"I-75, EXIT 62 & US-25",Mount Vernon,KY,410,2.999,37.5806,-87.35435
57,235,PILOT TRAVEL CENTERS #92,"I-75, EXIT 358",Ocala,FL,225,3.359,29.19339,-82.136635
59,240,LA 1 SOUTH TRUCKSTOP,"I-10, EXIT 153 & SR-1",Port Allen,LA,600,3.039,43.920084,10.883101
60,243,SAVE,US-41 & SR-10,Lake Village,IN,399,3.179,40.755633,-73.945481
61,244,BIG D TRUCK TRAVEL PLAZA,"I-10, EXIT 92 & SR-95",Duson,LA,725,2.982,53.697551,-113.223865
62,248,Mardi Gras Truck Stop,"I-10, EXIT 236",New Orleans,LA,725,3.729,30.056708,-89.889852
64,253,LOVES TRAVEL STOP #450,"I-40, EXIT 280 & I-55, EXIT 4",West Memphis,AR,435,3.326,37.723089,-122.446977
65,256,BFS FOODS #66,"I-68/US-40, EXIT 22 & US-219",Grantsville                             ,MD,165,3.899,39.699558,-79.158698
66,257,PILOT TRAVEL CENTER #917- TOWN PUMP,I-15 & 31ST STREET EXIT 277,Great Falls                             ,MT,815,3.636,47.529455,-111.235626
67,263,CASEYS #3956,I-94 EXIT 16,Bridgman,MI,465,3.559,41.939308,-86.567562
68,267,CORNER MARKET #117,SR-154 & SR-129,Dodge City,KS,357,3.399,34.610644,-120.05879
69,269,PILOT TRAVEL CENTERS #24,"I-75, EXIT 15",Monroe                                  ,MI,325,3.299,40.31678,-74.41626
74,278,CARLISLE PLAZA,US-41,Carlisle,IN,510,3.499,38.962723,-87.400079
75,281,CIRCLE K #4700065,"I-65, EXIT 76 & US-31",Taylorsville,IN,375,3.399,40.71118,-78.97642
76,289,LOVES TRAVEL STOP #173,"I-70, MM 209",Lawrence,KS,553,3.229,38.954795,-95.260629
77,292,PETES #56,US-169 & CR-5000,Cherryvale,KS,307,3.232,25.826458,-80.121597
79,304,FL Roberts,"I-91, EXIT 4",Springfield,MA,100,3.599,42.118225,-72.539526
80,309,QUIKTRIP #231,"I-635, EXIT 3",Kansas City,KS,400,3.199,39.113581,-94.630146
81,323,SAPP BROS TRAVEL CENTER,"I-80, EXIT 126",Ogallala,NE,475,3.466,41.129278,-101.722911
82,326,FLYING J TRAVEL PLAZA #748,"I-15, EXIT 357",Willard                                 ,UT,835,3.749,41.414026,-112.044646
83,341,TA JACKSONVILLE SOUTH TRAVEL CENTER,"I-95, EXIT 329",Saint Johns,FL,75,3.469,29.913888,-81.41394
84,347,7-ELEVEN #40514,I-90/80-IN TOLL RD MM 22E,Portage,IN,365,3.991,41.584252,-87.183278
89,361,CIRCLE K #2726293,"I-295, EXIT 25",Jacksonville,FL,75,3.316,30.369914,-81.660992
92,372,GAS DEPOT,"I-94, EXIT 5",Hammond,IN,365,3.999,41.593176,-87.502724
93,381,7-Eleven #41830,US-69 & US-135,Jacksonville,TX,630,2.916,31.961001,-95.262445
94,387,Circle K #2709664,"I-8, EXIT 12",Yuma,AZ,930,3.489,32.553325,-114.510731
95,388,Pilot Travel Centers #14,"I-71, EXIT 131",Sunbury,OH,315,3.719,39.61311,-84.36578
96,391,PILOT TRAVEL CENTERS #13,"I-71, EXIT 209",Seville,OH,305,3.699,41.016563,-81.868423
97,403,TRUCKOMAT OF HEBRON,"I-70, EXIT 126 & SR-37",Hebron,OH,315,3.429,40.290233,-83.031788
98,407,FUEL MART #641,"I-80 & I-280, EXIT 71",Perrysburg                              ,OH,550,3.499,39.211107,-84.694807
99,421,PETRO STOPPING CENTER #316,"I-40 & I-35, EXIT 127",Oklahoma City,OK,483,3.302,35.45757,-97.620521
100,424,E EXPRESS,"I-40, EXIT 166",Choctaw,OK,483,2.899,35.479513,-97.265703
101,425,Neighbors Express,"I-16, EXIT 51",Dublin                                  ,GA,85,3.299,32.53877,-82.921248
102,442,WESTERN COOP,US-385 & SR-2,Alliance,NE,795,3.324,46.989515,6.930901
103,455,MR FUEL #753,"I-95, EXIT 104 & SR-207",Ruther Glen,VA,180,3.266,39.409179,-83.026579
105,458,HAPPY HILLS GAS & COFFEE,I-29 EXIT 110,Rock Port,MO,400,3.399,40.410496,-95.52837
106,460,TRUCK STOP 44,I-20 EXIT 44,Gilbert,SC,135,3.079,33.924078,-81.392968
107,461,SPINX #271,"I-26, EXIT 145 & US-601",Orangeburg,SC,42,3.262,33.496498,-80.862668
108,469,LOAF N JUG #750010,US-160 & SR-17,Alamosa,CO,803,3.259,39.97486,-105.157478
109,474,KEWANEE 1 STOP,"I-20, EXIT 169 & US-80",Toomsuba,MS,705,3.299,27.930099,-82.730217
110,478,GASTRAK OF PEMBINA,"I-29, EXIT 215",Pembina                                 ,ND,355,3.299,48.771848,-97.551796
111,483,ALLSUPS #2387,US-54/SR-136/SR-3 & US-64,Guymon,OK,585,2.976,36.688676,-101.478377
112,486,LA NORIA CONV STORES,"I-35 N, EXIT 4",Laredo                                  ,TX,693,3.299,27.53548,-99.483817
113,489,EDDIES CORNER,US-87 & US-191,Moore,MT,815,3.749,46.974864,-109.693715
114,491,One9 #403,"I-75, EXIT 117",Heiskell,TN,405,2.999,36.08175,-84.0538
116,509,LOVES TRAVEL STOPS #256,"I-10, EXIT 140B",Van Horn,TX,640,3.649,31.040253,-104.831363
118,522,GO MART FOOD STORE #57,"I-70 & ST-285, EXIT 186",Lore City                               ,OH,430,3.179,39.772243,-104.810471
119,523,CIRCLE K #2723322,"I-985, EXIT 20 & SR-60",Gainesville,GA,18,3.266,27.639032,-80.488942
120,525,FASTBREAK,US-45 ALT,West Point,MS,705,3.059,33.607018,-88.657161
121,546,PLAZA 30,US-30,Wanatah,IN,365,3.499,41.431534,-86.897166
122,557,SAPP BROS TRAVEL CENTER,"I-80, EXIT 73",Peru,IL,290,3.389,41.363656,-89.144366
126,559,SHELL MORGAN ROAD TRUCK STOP,"I-40, EXIT 142",Maumelle,AR,695,3.207,34.858852,-92.403179
127,566,TA GARY TRAVEL CENTER,"I-80/I-94, EXIT 6",Gary,IN,365,3.831,41.589885,-87.346784
128,567,TA ELOY TRAVEL CENTER,"I-10 & I-8, EXIT 203",Eloy,AZ,930,3.459,33.494996,-111.905059
131,576,PETRO STOPPING CENTER #343,"I-10, EXIT 76",Egan,LA,600,3.624,30.244597,-92.513464
132,578,LOVES TRAVEL STOP #449,"I-84, EXIT 17",Troutdale,OR,935,3.779,45.533555,-122.395959
133,579,FLYING J TRAVEL PLAZA #764,"I-80, EXIT 104 & US-191",Rock Springs,WY,835,3.671,41.594274,-109.246355
134,586,AMERISTAR TRAVEL PLAZA #120,"I-82, EXIT 80",Prosser,WA,925,4.399,46.203165,-119.766964
136,588,TA TUSCALOOSA TRAVEL CENTER,"I-20/I-59, EXIT 77",Cottondale,AL,615,2.964,31.20518,-85.38188
137,591,TA Concordia Travel Plaza,"I-70, EXIT 58 & SR-23",Concordia,MO,400,3.226,53.453459,-113.429531
138,599,Sapp Bros Travel Center,"I-80, EXIT 59 & SR-17J",Sidney,NE,475,3.501,41.132458,-102.967539
139,602,JIFFY MART EXIT 18 TRUCK STOP,"I-89/SR-120, EXIT 18 & SR-120",Lebanon,NH,12,3.599,32.5785,-116.628444
140,614,TA MAYBROOK TRAVEL CENTER,"I-84, EXIT 5",Montgomery,NY,120,4.359,41.560212,-74.231774
141,628,KWIK FILL #227,"I-90,  EXIT 218",Geneva,OH,305,3.152,39.66201,-82.43349
142,629,FLYING J #850,TCH-16,Edmonton,AB,80,4.399,39.71614,-96.999246
148,636,UNION 76,"I-5, EXIT 233 E",Albany,OR,935,3.379,44.622238,-123.092707
149,651,ONE9 #1366,"I-40, EXIT 126 & US-641",Holladay,TN,460,2.986,36.14284,-85.54331
151,659,FLYING J #869,HWY 2 SOUTH,Nanton,AB,50,4.399,42.598189,-73.973582
157,669,PETRO STOPPING CENTER #350,"I-10,  EXIT 4",Canutillo,TX,640,3.499,31.918022,-106.598
158,672,CROWN POINT TRUCK STOP,"I-295/US-130,EXIT 22",Thorofare,NJ,150,3.549,39.84234,-75.19629
159,680,TA EXPRESS SUMMIT,"I-29, EXIT 207 & US-12",Summit,SD,566,3.206,34.798485,-86.952669
160,684,7-ELEVEN #35101,"I-86/SR-17, EXIT 16",Randolph,NY,38,4.499,42.118113,-79.000377
161,689,FLYING EAGLE,"I-235, EXIT 4",Wichita,KS,570,3.499,37.687288,-97.338469
162,692,BP,US-63,Ottumwa,IA,489,3.399,41.000951,-92.403524
163,739,Arco #364420,US-23,Greenup,KY,255,3.649,38.526128,-82.943154
164,748,QUIKTRIP #4231,US-85,Evans,CO,800,3.172,40.390542,-104.687999
165,769,AYERCO #26,US-61/US-136,Alexandria,MO,345,3.016,40.35975,-91.460043
166,815,Kwik Trip #1508,"US-18/SR-151, EXIT 58",Barneveld,WI,420,3.489,43.01242,-89.897096
167,855,SPEEDWAY #7459,US-41 & SR-137,North Chicago,IL,293,3.379,35.011806,-77.571517
171,906,PILOT TRAVEL CENTERS #429,"I-40, EXIT 280",West Memphis,AR,435,3.499,35.1514,-90.185285
173,908,CIRCLE K #2704888,"I-65, EXIT 246 & SR-119",Pelham,AL,615,3.466,34.610644,-120.05879
174,912,PETRO STOPPING CENTER #319,"I-20/59,  EXIT 100",Mc Calla,AL,615,3.126,32.391047,-85.668882
175,936,CASEYS #4254,"I-40, EXIT 129",Conway,AR,695,3.032,35.086096,-92.453883
176,970,CIRCLE K #2702885,"I-17/SR-60, EXIT 199A",Phoenix,AZ,930,3.392,33.60503,-112.070892
177,977,PILOT TRAVEL CENTER #328,"I-10, EXIT 17",Quartzsite,AZ,930,3.959,33.667535,-114.217043
179,981,STINKER #85,"I-15, EXIT 93",Blackfoot,ID,825,3.532,43.190128,-112.350346
181,1028,FOUR STATES TRUCK STOP,"I-495, EXIT 4 & SR-9",New Castle,DE,243,3.449,39.664685,-75.566167
183,1042,Union 76,US-441 & SR-100A,Lake City,FL,75,3.562,30.188826,-82.637793
184,1043,ONE9 #1401,I-75 EXIT 414  & US-41,Lake City,FL,75,3.259,30.188826,-82.637793
187,1075,PILOT TRAVEL CENTER #68,"I-16 /SR-404, EXIT 51 & US-441",Dublin,GA,85,3.432,32.53877,-82.921248
189,1106,CIRCLE K #2705367,"I-20, EXIT 172",Thomson,GA,16,3.399,33.466053,-82.501796
190,1112,BC AMPRIDE TRUCK PLAZA,US-59/SR-141,Denison,IA,527,3.399,42.015823,-95.352878
191,1115,KWIK STAR #704,SR-57/SR-14,Parkersburg,IA,565,3.582,42.573652,-92.778797
192,1121,TRAVELERS OASIS,"I-84, EXIT 182",Eden,ID,787,3.799,42.605539,-114.209203
193,1128,TA CHICAGO NORTH TRAVEL CENTER,"I-94/US-41, EXIT 1",Wadsworth,IL,444,3.819,42.426933,-87.915438
197,1132,SPEEDWAY #7423,"I-57, EXIT 83",Ina,IL,293,3.249,38.150317,-88.903065
198,1136,PILOT TRAVEL CENTER #171,"I-74, EXIT 206",Oakwood,IL,280,3.399,40.139877,-87.8125
201,1140,CIRCLE K #4701398,"I-55, EXIT 82 & SR-104",Divernon,IL,280,3.499,47.891346,-122.732318
202,1149,PILOT TRAVEL CENTER #30,"I-70, EXIT 96",Greenfield,IN,375,3.959,39.795363,-85.768886
204,1151,SPEEDWAY #8061,"I-70, EXIT 115 & SR-109",Knightstown,IN,375,3.759,39.795413,-85.527991
206,1156,CIRCLE K #4700028,"I-74/US-421, EXIT 116 & SR-44",Shelbyville,IN,375,3.599,40.588908,-85.022152
207,1157,One9 #297,"I-70, EXIT 11 & SR-46",Terre Haute                             ,IN,510,3.436,39.439861,-87.336499
208,1158,PILOT TRAVEL CENTERS #36,US-30  & SR-49,Valparaiso,IN,365,3.869,40.760667,-73.907999
210,1163,SHORT STOP #13,US-54,Emporia,KS,553,2.839,38.410394,-96.191799
211,1176,PILOT TRAVEL CENTERS #353,"I-75, EXIT 129",Georgetown,KY,410,3.206,36.88926,-83.05517
212,1179,PILOT TRAVEL CENTERS #399,"I-65, EXIT 105",Lebanon Junction,KY,415,3.609,37.839258,-85.722006
213,1196,SOUTHERN BELLE TRUCK STOP,US-61 & SR-964,Saint Francisville,LA,725,3.384,30.783415,-91.373357
214,1199,ALLTOWN MARKETS #306,"I-190, EXIT 7",Leominster,MA,178,3.682,42.519615,-71.777338
215,1202,ONE9 #290,"I-95, EXIT 93 & SR-222",Perryville,MD,22,3.599,39.569611,-76.069864
220,1208,D AVENUE FUEL PLAZA,US-131,Kalamazoo,MI,465,3.499,42.314813,-85.592991
222,1210,ROADHAWK TRAVEL CENTER,"I-94, EXIT 56 & SR-51",Paw Paw                                 ,MI,465,3.599,33.639649,-112.004933
224,1217,KWIK TRIP #250,"I-90, EXIT 179",Austin,MN,515,3.374,43.66604,-92.988013
225,1218,CASEYS #3658,SR-210,Pillager,MN,522,3.299,46.327844,-94.475013
226,1225,AYERCO #35,US-61 & US-61 BUS,Bowling Green,MO,494,3.016,39.34029,-91.195747
227,1234,Lamar Travel Plaza,US-71 & US-160,Lamar,MO,416,3.199,40.49444,-95.08442
228,1236,AYERCO #44,US-36 & US-24,Palmyra,MO,494,3.016,39.798365,-91.526854
229,1240,TEMP STOP #103,US-65,Sedalia,MO,400,3.199,38.703696,-93.23627
230,1247,SNAPPY MART #11,US-63 & SR-14,West Plains,MO,535,3.299,42.5776,-87.827264
231,1251,MAPCO #3009,US-72,Corinth,MS,435,3.154,34.904505,-88.483813
232,1256,DOUBLE QUICK #89,US-82/US-278,Greenville,MS,655,3.256,33.39019,-91.052512
234,1304,LOVES TRAVEL STOP #667,"I-85, EXIT 152",Mebane,NC,65,3.947,36.089779,-79.272072
235,1315,CIRCLE K #2720218,US-421 BUS & US-15/US-501/US-1,Sanford,NC,177,3.082,35.486513,-79.196449
236,1325,SCOTCHMAN #3303,US-421 & US-74,Wilmington,NC,245,3.629,34.225493,-77.946116
237,1326,SPEEDWAY #7949,US-301/US-264 ALT & CR-1674,Wilson,NC,205,3.199,35.730745,-77.925115
238,1333,PUMP & PANTRY #15,US-30,Grand Island,NE,330,3.307,40.929415,-98.365395
239,1340,BORDENTOWN VALERO,"NJ TNPK, EXIT 7 & US-206",Bordentown,NJ,230,3.499,40.126888,-74.713343
240,1342,Delta,"I-80, EXIT 47B",Fairfield,NJ,115,3.202,40.88371,-74.30598
241,1344,BOLLA TRUCK STOP #193,US-202 & SR-17,Mahwah,NJ,115,3.532,40.954344,-74.211309
242,1348,GLOBAL,SR-73,Palmyra,NJ,150,3.359,40.0053,-75.033894
244,1364,7- ELEVEN #40507,"I-80/I-90, MM 56 WB",Rolling Prairie,IN,465,3.982,41.674502,-86.622183
245,1372,PILOT TRAVEL CENTER #469,"I-77, EXIT 101 & SR-627",Canton,OH,249,3.622,40.803604,-81.375052
246,1376,FUEL MART #782,"I-75, EXIT 118",Lima                                    ,OH,411,3.086,40.741448,-84.108082
247,1379,TA LODI TRAVEL CENTER,"I-71, EXIT 209 & I-76/US-224, EXIT 1",Seville,OH,305,3.739,39.907347,-75.241447
248,1384,SUNOCO,"I-80/I-90, EXIT 13 & US-20ALT/SR-15",Montpelier,OH,550,3.416,41.581935,-84.602896
249,1391,ONCUE EXPRESS #2045,"I-35, EXIT 203 & SR-15",Billings,OK,500,3.216,45.787229,-108.501912
250,1395,DOMINO FOOD AND FUEL #1,"I-40, EXIT 66",Clinton                                 ,OK,483,3.099,35.505003,-98.973886
251,1404,ONE9 #339,"I-74, EXIT 4 & SR-63",Covington,IN,375,3.262,40.639018,-74.020536
253,1424,GETTYSBURG TRAVEL PLAZA,US-15 & SR-394,Gettysburg,PA,70,3.899,40.794689,-77.858961
254,1428,CIRCLE K #4702408,"I-65, EXIT 168 & SR-38/SR-25",Lafayette,IN,375,3.432,33.639043,-112.004242
255,1432,KWIK FILL #259,"I-81, EXIT 57",Mechanicsburg                           ,PA,70,4.049,40.213158,-77.007868
256,1444,PILOT TRAVEL CENTERS #346,"I-20, EXIT 92 & US-601",Lugoff,SC,135,3.432,34.220977,-80.668447
257,1445,PILOT TRAVEL CENTERS #402,"I-80, EXIT 367",Cheyenne,WY,795,3.709,41.138437,-104.812406
258,1447,HOT SPOT #3005,US-221,Chesnee,SC,210,3.199,35.148484,-81.863651
259,1453,EXPRESS STOP,US-278/SR-101/SR-6 & SR-113,Rockmart,GA,193,3.319,34.089216,-84.340005
260,1455,PETRO FLORENCE,"I-95, EXIT 169",Florence,SC,46,3.326,34.182369,-79.786461
261,1461,CIRCLE K #2705370,"I-26, EXIT 15 & US-176",Inman,SC,210,3.099,35.048498,-82.09011
262,1464,CIRCLE K #2723254,"I-20, EXIT 55 & SR-6",Lexington,SC,135,3.199,-27.086605,-48.907528
263,1470,CIRCLE K #2705348,US-1,Beech Island,SC,135,3.159,33.42736,-81.89095
264,1479,TA SPARTANBURG TRAVEL CENTER,"I-85, EXIT 63 & SR-290",Duncan,SC,210,3.432,34.936023,-82.145408
266,1492,MAPCO #3538,"I-24, EXIT 174",Chattanooga,TN,285,2.899,35.091981,-85.234979
267,1507,CIRCLE K #4703941,"I-55, EXIT 5A",Memphis,TN,435,3.189,35.112125,-89.954644
268,1516,LOVES TRAVEL STOP #261,I-27 EXIT 116,Amarillo,TX,585,3.232,35.221849,-101.840963
269,1531,CircleK #4702365,"I-74, EXIT 112 & SR-9",Shelbyville,IN,375,3.509,40.475594,-85.967487
270,1533,YESWAY #1157,US-62,Brownfield,TX,700,2.992,33.178657,-102.274741
271,1546,SHELL,"I-35, EXIT 86 & SR-85",Dilley,TX,740,3.099,-29.032169,167.952483
272,1548,TOOT N TOTUM #107,US-287,Dumas,TX,585,3.032,35.865392,-101.962718
274,1555,SEIBERT TRAVEL PLAZA,"I-70, EXIT 405 & SR-59",Seibert,CO,800,3.499,41.151909,-81.386869
275,1560,CATTREZ,US-20 & SR-5,Irving,NY,38,2.899,25.795362,-80.204681
277,1562,I MART #108,"I-40, EXIT 108",Wildersville                            ,TN,435,3.099,35.78145,-88.36032
278,1567,KUM & GO #4110,"I-235, EXIT 11",Des Moines,IA,320,3.027,41.574349,-93.61043
280,1582,LOVES TRAVEL STOP #250,I-40 EXIT 60,Amarillo,TX,585,3.314,35.221849,-101.840963
281,1585,Stripes 7Fleet #42498,US-385 & CR-1910,Andrews,TX,710,3.369,31.825485,-102.356098
282,1590,ROAD RANGER #240,"I-80 & I-94, EXIT 15-A",Lake Station,IN,365,3.559,40.887328,-96.678697
283,1596,FLYING J #305,"I-40, EXIT 39",Jamestown,NM,580,3.442,35.480487,-108.430767
284,1597,7-ELEVEN #36156,"I-70 & SR-519, EXIT 25/333",Eighty Four,PA,165,4.999,40.1755,-80.12977
285,1599,ONVO TRAVEL PLAZA,"I-81, EXIT 10",Mc Graw,NY,220,3.439,40.68295,-73.9708
287,1602,CIRCLE K #2723387,US-98,Beaumont,MS,620,3.566,31.165217,-88.933445
288,1606,DONNAS TRAVEL PLAZA,"I-5, EXIT 202",Marysville,WA,962,4.559,48.062073,-122.160311
289,1610,TA BALTIMORE TRAVEL CENTER,"I-95, EXIT 57",Baltimore                               ,MD,22,4.759,39.319732,-76.649533
290,1618,GO MART FOOD STORE #33,US-33,Ripley                                  ,WV,44,3.499,38.820415,-81.726704
291,1621,CIRCLE K #2709337,"I-65, EXIT 262B",Birmingham                              ,AL,615,3.489,33.530651,-86.800929
292,1622,RACEWAY #6973,US-380 & SR-114/SR-101,Bridgeport,TX,630,2.782,33.212762,-97.765116
293,1623,SAPP BROS TRAVEL CENTER,"I-70 & I-270, EXIT 278",Commerce City,CO,800,3.389,39.772243,-104.810471
294,1625,PILOT TRAVEL CENTERS #60,"I-26, EXIT 159",Bowman                                  ,SC,42,3.432,33.349348,-80.683349
296,1633,7-ELEVEN #36302,"I-35, EXIT 144",Von Ormy,TX,740,3.109,29.278779,-98.658588
297,1634,PILOT TRAVEL CENTERS #40,"I-94, EXIT 322",Oak Creek,WI,444,3.889,42.879225,-87.914669
298,1644,ALLSUPS CONVENIENCE STORE #2414,"I-20, EXIT 235",Roscoe,TX,575,2.929,32.440683,-100.544007
299,1646,SPEEDWAY #8310,US-6  & US-31,Plymouth,IN,465,3.609,41.350048,-86.321181
300,1647,SPEEDWAY #8305,US-41 & SR-312,Hammond,IN,290,3.766,35.011806,-77.571517
301,1653,ROAD RANGER #187,"I-55, EXIT 289",Chicago,IL,520,3.569,41.87897,-87.66063
303,1654,CEFCO #3,US-77/US190/SR-36,Cameron,TX,670,2.989,30.858717,-96.975012
304,1661,CHEVRON,"I-20, EXIT 101 & SR-151",Calhoun,LA,590,3.159,32.514968,-92.353924
305,1669,BETTY BEAVERS TRUCKSTOP,"I-90, EXIT 28",Fultonville,NY,12,3.149,42.946202,-74.370213
307,1670,Petro Stopping Center #54,"I-44, EXIT 4 & SR-3",Joplin,MO,277,3.449,46.786685,-92.106493
308,1671,LOVES TRAVEL STOP #412,"I-95, EXIT 77",Dunn,NC,205,3.699,35.310395,-78.613831
309,1672,HANA TRAVEL PLAZA,"I-40,  EXIT 77",Amarillo,TX,585,2.899,35.221849,-101.840963
310,1699,ALLENS FOOD MART280,US-280/US-231/SR-53/SR-38 & CR-8/CR-34,Sylacauga,AL,615,3.799,33.160974,-86.25918
311,1700,TOPPS FUEL STOPS,US-259/SR-49,Daingerfield,TX,723,3.109,33.03415,-94.726691
312,1720,TOOT N TOTUM #120,US-54 & S WESTERN AVE,Liberal,KS,585,3.016,22.282425,114.146396
314,1753,PWI #169,"I-35/US-77, EXIT 359 & CR-1304",Abbott,TX,765,2.899,31.893236,-97.103895
315,1773,M-46 AUTO TRUCK PLAZA,"US-131, EXIT 120 & SR-46",Howard City,MI,344,3.199,45.014796,-92.984666
318,1791,PILOT TRAVEL CENTERS #257,"I-20, EXIT 126 & FM-1788",Midland                                 ,TX,710,3.566,32.020111,-102.117875
319,1807,LOVES TRAVEL STOP #229,I-40 EXIT 96 & SR-207,Panhandle,TX,585,3.314,33.22124,-94.34603
320,1810,KENT KWIK #804,US-83,Perryton,TX,585,2.999,36.391666,-100.805346
321,1829,PILOT TRAVEL CENTERS #96,"SR- 60 & FL TURNPIKE, EXIT 193",Okeechobee,FL,143,3.719,27.242799,-80.830148
323,1832,CORNER FUEL CENTER,US-49,Hattiesburg,MS,620,3.299,31.307424,-89.316604
324,1834,PUMP N PANTRY #15,"I-20, EXIT 617 & US-59",Marshall,TX,766,2.899,30.16563,-96.842107
325,1849,Stripes #42457,US-67/US-277,San Angelo,TX,740,3.244,31.459689,-100.444688
326,1855,EXIT 76 AUTO TRUCK PLAZA,US-131,Byron Center,MI,344,3.499,42.812224,-85.72793
328,1859,GO MART FOOD STORE #44,"I-79, EXIT 67 & US-19/SR-4",Sutton,WV,44,3.559,38.665398,-80.710359
329,1860,MR FUEL #278,"I-75/71, EXIT 175 & SR-338",Walton,KY,300,3.019,38.86354,-84.614704
330,1861,PETRO STOPPING CENTER #315,"I-40, EXIT 66",Kingman,AZ,910,3.899,35.208957,-114.023342
331,1866,PRI MART FUEL CENTER,"I-94, EXIT 29",Benton Harbor                           ,MI,465,3.799,42.111161,-86.45104
333,1873,JDS TRUCKSTOP,"US-12 & US-31, EXIT 3",Niles,MI,465,3.749,41.866764,-86.295113
335,1874,CIRCLE K #2744529,US-175,Seagoville,TX,630,2.951,32.644724,-96.520915
336,1879,HOLIDAY STATIONSTORE #3552,"I-35, EXIT 81 & SR-70",Lakeville,MN,448,3.549,47.923999,-122.300371
337,1888,STRIPES 7FLEET #42449,US-87,Sterling City,TX,710,3.281,31.836723,-100.996326
338,1889,TOOT N TOTUM #105,US-54 & US-287,Stratford,TX,585,2.966,36.33641,-102.073073
339,1893,MIKE MCDONALD TRUCK STOP,"I-20, EXIT 509",Terrell                                 ,TX,637,2.871,30.221303,-102.067703
340,1894,CIRCLE K #2741544,"I-37 & SR-72, EXIT 69",Three Rivers,TX,747,3.066,40.290233,-83.031788
341,1897,YESWAY #1077,"I-20/US-84, EXIT 278",Tye,TX,575,2.876,32.458204,-99.862533
343,1909,RALLYSTOP #1,"I-15, EXIT 62",Cedar City,UT,791,3.459,37.67748,-113.06189
344,1914,LOVES TRAVEL STOP #792,"I-70, EXIT 160",Green River,UT,835,3.709,38.991788,-110.11284
345,1921,BELL TRUCK STOP,"I-80, EXIT 146",Park City,UT,835,3.452,40.64482,-111.496653
346,1923,SCENIC QUIK STOP,"I-70, EXIT 54 & US-89",Salina,UT,835,3.459,38.927041,-111.863495
347,1930,CASEYS #3058,"I-35, EXIT 19 & US-160 E",Wellington,KS,570,3.299,37.271514,-97.397345
349,1934,CIRCLE K #2723710,"I-77, EXIT 24",Austinville,VA,185,3.241,36.85123,-80.91202
350,1936,QUICK STOP MARKET #36,"I-81, EXIT 10 & US-11",Bristol,VA,185,3.399,36.59649,-82.18847
351,1940,7-ELEVEN #40063,"I-81, EXIT 98 & SR-100",Dublin,VA,65,3.199,-27.91858,153.170689
352,1944,LOVES TRAVEL STOPS #399,"I-77, EXIT 1 & SR-620",Lambsburg,VA,65,3.589,37.330966,-79.21695
354,1950,7-ELEVEN #34515,"I-81, EXIT 205",King George,VA,180,3.399,38.258353,-77.139346
355,1951,CIRCLE K #2723713,"I-81, EXIT 205",Staunton,VA,185,3.386,38.14958,-79.0717
356,1953,FAS MART #3555,"I-64, EXIT 136 & US-15",Gordonsville,VA,180,3.699,25.644555,-80.335923
357,1954,Joe's Kwik Mart #8409,US-58 & CR-645,Suffolk,VA,130,3.032,38.176423,-78.889338
358,1956,PILOT TRAVEL CENTER #4642,"I-81, EXIT 291",Toms Brook,VA,60,3.659,38.946926,-78.439519
359,1958,SPEEDWAY #4618,"I-81 & I-77, EXIT 77",Wytheville,VA,185,3.412,37.357226,-79.958157
361,1962,SUPER QUIK,"I-64, EXIT 172 & SR-1/SR-7",Grayson,KY,255,3.799,36.712205,15.091886
362,1976,One9 #963,"I-90, EXIT 276",Spokane                                 ,WA,970,3.989,47.660011,-117.4058
364,1977,GEE CEES TRUCK STOP,"I-5, EXIT 57",Toledo,WA,977,3.839,46.438612,-122.84894
365,1983,KWIK TRIP #427,"US-53, EXIT 110 & SR-40",Bloomer,WI,295,3.416,26.175429,-80.099384
366,1985,Camp Douglas BP,"I-90 & I-94, EXIT 55",Camp Douglas                            ,WI,420,3.154,44.96419,-92.557913
367,2000,RIVER CITY TRAVEL PLAZA,US-41,Marinette,WI,360,3.399,45.088331,-87.633148
368,2002,KWIK TRIP #222,US-53/US-2,Superior,WI,334,3.339,46.70563,-92.103003
369,2009,KWIK TRIP #139,"I-43, EXIT 120 & CR-V/CR-OK",Sheboygan,WI,444,3.291,35.48621,-78.257364
370,2020,BFS FOODS #72,"I-68, EXIT 23 & SR-26",Bruceton Mills,WV,165,3.499,39.298879,-78.437016
371,2021,GO MART FOOD STORE #59,"I-64, EXIT 15 & US-60",Huntington,WV,255,3.499,38.413815,-82.428601
373,2029,HOMAX SERVICE,"I-25, EXIT 188",Mills                                   ,WY,790,3.169,42.845141,-106.386072
374,2030,GHOST TOWN FUEL STOP,US-26/US-20,Casper,WY,790,3.429,42.844293,-106.311687
375,2034,TA CHEYENNE TRAVEL CENTER,"I-80, EXIT 377 & SR-217/CR-140",Cheyenne,WY,795,3.699,41.138437,-104.812406
376,2040,Fast Stop Travel Centers #1133,"I-25, EXIT 126 & US-18/20",Douglas,WY,790,3.499,42.755834,-105.379458
377,2041,PINE BLUFFS SINCLAIR,"I-80, EXIT 401 & US-30",Pine Bluffs,WY,795,3.699,42.849754,-106.323386
378,2044,One9 #1251,"I-80, EXIT 173",Wamsutter,WY,795,3.499,41.668378,-107.979034
379,2074,STRIPES #40522,"I-10, EXIT 550",San Antonio,TX,740,3.059,29.374994,-98.588562
380,2076,ALLSUPS CONVENIENCE STORE #2159,US-283 BUS/US-277 BUS & SR-422,Seymour,TX,770,3.299,-26.316359,-48.835183
381,2078,ALLSUPS CONVENIENCE STORE #2366,US-84 & CR-3300,Slaton                                  ,TX,700,2.969,27.75205,-82.678047
382,2084,Main Street Market #112,"I-20, EXIT 73",Wickett,TX,710,2.879,31.568452,-103.00384
383,2087,LWS TRUCK STOP,SR-30,Logan,UT,835,3.426,41.737965,-111.846011
384,2088,FLYING J TRAVEL PLAZA #773,"I-70, EXIT 40",Richfield                               ,UT,835,3.699,38.772523,-112.088746
385,2089,FLYING J TRAVEL PLAZA #774,"I-84, EXIT 7",Snowville                               ,UT,835,3.749,41.972778,-112.716387
386,2115,KWIK TRIP #838,SR-23/SR-33,Reedsburg,WI,420,3.194,43.535918,-89.989935
387,2125,BIG D #44,"I-80, EXIT 311 & SR-130",Laramie,WY,795,3.249,41.313704,-105.602581
388,2144,Mountain View Truck Stop,US-15,Thurmont,MD,60,4.099,39.623572,-77.410966
389,2152,SPEEDWAY #4709,"I-90, EXIT 102",Fairmont,MN,425,3.299,43.64956,-94.467251
391,2182,PILOT TRAVEL CENTER #4649,"I-64 & I-81, EXIT 205",Raphine,VA,185,3.659,37.357226,-79.958157
392,2192,GO MART FOOD STORE #51,US-19/SR-129,Mount Nebo                              ,WV,44,3.599,39.6023,-79.70783
393,2194,A AND A TRUCKSTOP,US-35 & CR-41,Jackson,OH,315,3.799,25.809097,-80.124558
394,2196,Certified Oil #400410,I-76 EXIT 43,Ravenna,OH,249,3.316,41.156697,-81.24258
395,2204,NATURAL BRIDGE SHELL,US-278 & SR-5,Lynn,AL,615,3.682,33.169399,-101.80756
396,2209,Roadrunner #471,"I-40/US-65, EXIT 142 & SR-365",North Little Rock,AR,695,3.032,34.784787,-92.258199
397,2219,PILOT TRAVEL CENTER #66,"I-85, EXIT 129",Braselton,GA,16,3.272,34.10326,-83.831106
399,2223,PO JOS GAS N GO,"I-16 SR-404, EXIT 116 & US-301/SR-73",Register,GA,195,3.232,32.365927,-81.884804
400,2227,SPEEDWAY #7448,SR-59,Naperville,IL,293,3.299,41.762684,-88.190457
402,2231,QUIKTRIP #605,"I-270, EXIT 33",Saint Louis,MO,540,2.899,38.633024,-90.244086
404,2267,Circle K #4703917,"I-65, EXIT 112 & SR-25",Cross Plains,TN,460,2.949,12.824653,80.04648
405,2283,CIRCLE K #2707321,SR-60,Bartow,FL,225,3.522,27.875866,-81.804177
406,2287,SAC SHOP #511,"I-76/I-70, EXIT 146 & I-99/US-220 EXIT 1",Bedford,PA,14,4.099,40.072831,-78.484576
407,2306,SCOTCHMAN #3894,"I-77, EXIT 73 & SR-901",Rock Hill,SC,210,3.079,34.933452,-81.019857
408,2310,MAPCO #3686,"I-24, EXIT 175",Chattanooga,TN,285,2.889,35.091981,-85.234979
409,2311,SHELL,"I-24 & EPPS MILL RD, EXIT 89",Christiana                              ,TN,460,3.132,35.719501,-86.325307
410,2331,PINNERS POINT,SR-135,Portsmouth,VA,130,3.499,36.83543,-76.29827
411,2336,FLYING J TRAVEL PLAZA #754,"I-77 & I-81, EXIT 77",Wytheville,VA,185,3.549,37.357226,-79.958157
412,2340,RSTORE #4478,SR-8 & SR-13,Prentice,WI,395,3.039,44.090584,-87.659118
413,2557,PWI #106,"I-30, EXIT 77B",Royse City,TX,630,2.899,32.971462,-96.330093
415,2623,TA JANESVILLE TRAVEL CENTER,"I-90/I-39, EXIT 171B & US-14",Janesville,WI,420,3.299,42.678636,-89.025807
416,2626,WEST END SINCLAIR,"I-80, EXIT 211",Rawlins,WY,838,3.319,41.786119,-107.232205
417,2629,PILOT TRAVEL CENTERS #253,"I-295 & NJ TRNPK,  EXIT 2B",Penns Grove,NJ,243,3.989,40.756426,-74.057187
418,2635,FLYING J #584,"I-5, EXIT 278",Aurora,OR,935,3.859,29.908973,-89.941475
420,2640,LITTLE NASHVILLE,"I-64, EXIT 50 & SR-127",Nashville,IL,540,3.399,34.985637,-78.044823
422,2644,FREDERICKS TRAVEL CENTER,"I-25/US-87, EXIT 235 & SR-52",Erie,CO,800,3.499,40.743122,-83.823024
423,2756,PAR MAR FOOD STORE #89,"I-77/SR-2, EXIT 170 & SR-14 E",Mineral Wells,WV,430,3.499,51.209546,-2.644899
424,2761,PONY EXPRESS SERVICE CENTER,US-36 & SR-148,Hanover,KS,316,2.956,26.173507,-80.099685
425,2764,LOVES TRAVEL STOP #046,US-64/54 & SR-94,Hooker,OK,585,3.562,32.604927,-116.610496
426,2765,LOVES TRAVEL STOP #023,US-50 & US-287,Lamar,CO,525,3.462,38.074768,-102.618518
427,2772,PILOT TRAVEL CENTERS #29,"I- 80, EXIT 144; I-69, EXIT 357",Fremont                                 ,IN,465,3.899,41.733299,-84.891454
429,2779,Stinker #121,I-84 & EXIT 208,Heyburn,ID,787,3.561,41.423343,-73.629503
430,2788,JIFFY MART #451,"I-91, EXIT 17 & SR-302",Wells River,VT,39,3.569,13.397174,-15.801286
431,2805,Fast Stop Travel Centers #1145,"I-15,  EXIT 31",Downey,ID,825,3.799,42.428844,-112.1235
432,2807,SUDDEN SERVICE #25,"I-24, EXIT 11",Clarksville,TN,460,3.307,36.575216,-87.333526
433,2811,KWIK FILL #22,"I-90, EXIT 40 & SR-34/SR-31",Weedsport,NY,220,3.899,43.048169,-76.563629
434,2817,Chevron #382354,"I-5/US-12, EXIT 72",Chehalis,WA,977,4.299,46.66986,-122.973954
435,2848,TA TONOPAH TRAVEL CENTER,"I-10, EXIT 103",Tonopah,AZ,930,3.939,33.487475,-112.931053
436,2851,SPEEDWAY #2958,"I-8, EXIT 12",Yuma,AZ,900,3.479,32.553325,-114.510731
438,2864,KUM & GO #0493,I-49 BUS/SR-59,Neosho,MO,535,3.059,36.819086,-94.3759
439,2875,CIRCLE K #2744138,"I-25, EXIT 101 & US-50/SR-47",Pueblo,CO,803,3.399,38.293737,-104.606727
440,2883,PILOT TRAVEL CENTER #293,"I-75, EXIT 341 & CR-484",Ocala                                   ,FL,140,3.412,27.752071,-82.679855
442,2885,SP Truckstop & Travel Center,US-84/SR-38,Bainbridge,GA,20,3.599,30.906693,-84.57325
443,2889,MOULTON COWBOYS,SR-157,Moulton                                 ,AL,615,3.099,34.480629,-87.282619
444,2891,PETRO STOPPING CENTER #338,"I-80, EXIT 21",Sparks,NV,966,3.949,39.591446,-119.705402
445,2895,EAGLE TRUCK STOP,I-77 EXIT 81,New Philadelphia,OH,249,3.316,40.495684,-81.450724
446,2896,NORTH LEWISTON DYNAMART,US-12 & SR 128,Lewiston,ID,970,3.669,47.488945,-122.325829
447,2897,GAS N GO #15,"I-80, EXIT 41",Lyman,WY,827,3.466,41.327394,-110.297477
449,2913,ONE9#226,"I-40, EXIT 417 & SR-92",Dandridge,TN,405,3.259,33.691873,-84.66438
450,2915,TP TRUCK STOP,"I-15, EXIT 80",Fort Hall                               ,ID,825,3.519,43.019047,-112.451642
451,2917,GOLDYS TRUCK PLAZA,US-29,Rustburg,VA,185,3.519,37.264635,-79.098589
452,2922,LOVES TRAVEL STOP #210,"I-40, EXIT 158",Albuquerque,NM,580,3.521,35.128683,-106.579128
453,2923,LOVES TRAVEL STOP #435,"I-95, EXIT 104 & SR-207",Ruther Glen,VA,180,3.611,39.409179,-83.026579
455,2924,HWY 190 FUEL STOP,US-190,Jasper                                  ,TX,610,3.132,30.903614,-94.020899
456,2926,EXIT 77 TRAVEL PLAZA,"I-81, EXIT 77 & SR-39",Harrisburg,PA,70,3.499,39.192685,-83.147726
457,2929,TA EXPRESS STEELE,"I-94, EXIT 200 & SR- 3",Steele,ND,390,3.599,47.774083,-122.360625
458,2935,CIRCLE K #2726163,"I-295, EXIT 22",Jacksonville,FL,75,3.299,30.369914,-81.660992
459,2937,FLYING J TRAVEL PLAZA #664,"I-75, EXIT 171",Walton,KY,300,3.086,38.86354,-84.614704
460,2956,PILOT TRAVEL CENTERS #275,"I-85, EXIT 39 I-77, EXIT 13",Charlotte,NC,46,3.552,35.19534,-80.81711
461,2963,SUPERPUMPER #26,"I-94, EXIT 258 & US-281",Jamestown,ND,390,3.629,46.906458,-98.705817
463,2968,E-Z MART #4460,"I-20,  EXIT 124",Monroe,LA,719,3.129,32.81513,-92.20569
464,2977,DISCOUNT FUEL,"I-90, EXIT 150 & SR-73",Kadoka,SD,506,3.229,43.83227,-101.508081
465,2982,CIRCLE K #2723726,"I-59/I-20, EXIT 52 & US-11/US-43/SR-7",Knoxville,AL,705,3.089,33.59177,-85.89719
466,3003,CHEVRON,"I-20, EXIT 186",Delta                                   ,LA,760,2.994,32.324875,-90.922654
467,3008,BUSY BEE,"I-10, EXIT 283 & US-129",Live Oak,FL,10,3.779,30.293743,-82.984647
468,3022,TA GREENCASTLE TRAVEL CENTER,"I-81, EXIT 5",Greencastle,PA,70,3.959,39.790238,-77.726423
469,3030,Mr Ts Riverside,US-412,Cardwell                                ,MO,435,3.199,36.047942,-90.290776
470,3064,PORTS TO PLAINS TRAVEL PLAZA,US-50 & US-287,Lamar,CO,800,3.399,38.074768,-102.618518
471,3086,SPEEDWAY #4638,US-29,Madison Heights,VA,185,3.496,37.452256,-79.10939
472,3093,RSTORE #4488,US-51,Merrill,WI,395,3.241,45.252864,-89.682451
473,3096,HOBO PANTRY #6,US-431/SR-210,Dothan,AL,20,3.959,31.228421,-85.405308
475,3128,TA ATLANTA SOUTH TRAVEL CENTER,"I-75, EXIT 201 & SR-36",Jackson,GA,18,3.334,26.173507,-80.099685
476,3138,TA EXPRESS #6264,"I-70, EXIT 26 & US-50",Grand Junction,CO,800,4.049,39.091798,-108.554491
477,3139,CHEROKEE TRAVEL MART,"I-40,  EXIT 108",Calumet                                 ,OK,483,3.106,35.602108,-98.125723
478,3148,YESWAY #1038,US-60 & SR-86,Neosho,MO,307,3.059,27.639032,-80.488942
479,3155,QUIK MART #18,US-72/SR-157,Tuscumbia                               ,AL,615,3.007,34.724587,-87.700771
480,3163,QUIKTRIP #71,"I-44, EXIT 238",Tulsa,OK,560,3.039,36.105819,-95.916194
481,3164,QUIKTRIP #102,"I-44, EXIT 222A",Tulsa,OK,560,3.039,36.105819,-95.916194
483,3167,JASPER FOOD MART,US-78,Jasper,AL,615,3.229,33.837731,-87.264946
484,3171,One9 #265,"I-40, EXIT 287 & SR-136",Cookeville,TN,405,3.084,32.977517,-97.425278
485,3176,BP,US-6 & SR-15,New Paris                               ,IN,365,3.657,40.475594,-85.967487
487,3179,MR FUEL #1020,"I-80 & I-94, EXIT 15B",Lake Station,IN,365,3.566,40.887328,-96.678697
489,3205,CROSSROADS TRUCK STOP STATION,"I-29 & SR 34, MM 109",Colman                                  ,SD,530,3.159,26.170294,-80.100072
490,3206,PERHAM OASIS,US-10 & SR-78,Perham,MN,250,3.499,45.152225,10.705963
491,3215,SHELL TRUCKSTOP,"I-4, EXIT 44",Polk City,FL,225,3.449,28.174683,-81.825674
492,3216,MAXS #124,"I-24, EXIT 86 & US-41",Oak Grove,KY,460,3.042,37.97753,-85.73014
493,3221,Pilot #1440,"US-67, EXIT 55 & US-64/US-167 & SR-367",Bald Knob,AR,695,3.399,35.308002,-91.56618
495,3222,POMPANO TRUCK STOP,"I-95, EXIT 36B",Pompano Beach,FL,95,3.759,26.243162,-80.130316
496,3226,ONE9 #245,"I-81, EXIT 77 & SR-39",Harrisburg,PA,70,3.609,39.192685,-83.147726
497,3227,ONE9 MR FUEL #64,"I-26 & US-17, EXIT 199",Summerville,SC,42,3.219,33.012176,-80.182766
499,3230,STRIPES #40815,US-281 & US-285,Falfurrias,TX,625,3.299,27.223161,-98.146448
500,3264,TA WEST MEMPHIS TRAVEL CENTER,"I-40/US-63, EXIT 260 & SR-149",Earle,AR,435,3.367,35.268157,-90.46814
501,3280,OUTPOST TRUCK STOP,US-85 & US-18/US-20,Lusk,WY,790,3.689,42.763414,-104.455232
502,3281,AMERICAN TRUCK PLAZA,I-80 EXIT 215 & SR-254,Milton,PA,138,3.799,41.019613,-76.852116
504,3297,SAPP BROS TRAVEL CENTER,"I-80, EXIT 370",Cheyenne,WY,795,3.701,41.138437,-104.812406
505,3316,TRUCKOMAT OF N LITTLE ROCK,"I-40, EXIT 161 & SR-391",North Little Rock                       ,AR,695,3.249,34.784787,-92.258199
506,3326,MIRABITO #61,"I-81, EXIT 32",Central Square,NY,12,4.299,43.284341,-76.143582
507,3330,TA # 211 GREENLAND TRAVEL CENTER,"I-95, EXIT 3A & US-101",Greenland,NH,34,3.759,43.036971,-70.838721
508,3349,QUEEN CITY TRUCK STOP,"I-20 & I-59, EXIT150",Meridian,MS,705,2.939,37.329401,-121.96408
509,3383,E-Express at Central Truck Stop,"I-35, EXIT 137",Oklahoma City,OK,483,2.879,35.393761,-97.602513
510,3386,LONGMONT TRUCK STOP,"I-25/US-87, EXIT 240 & SR-119",Longmont,CO,800,3.239,40.163537,-105.16261
511,3401,POPS Mart #333,"I-77, EXIT 48 & SR-200",Winnsboro,SC,46,3.091,45.04557,7.671084
512,3413,COUNTRY GIRL TRUCK STOP,US-167 & SR-156,Winnfield,LA,590,3.319,47.378169,-122.242278
514,3418,Par Mar Store #164,"I-79, EXIT 105 & CR-7",Jane Lew,WV,165,3.999,53.512289,-113.500093
515,3421,ERNIES TRUCK STOP,"I-5, EXIT 142",Federal Way,WA,977,4.599,47.306433,-122.336834
516,3422,PWI #167,"I-10, EXIT 601",Seguin,TX,740,2.889,29.582392,-97.967398
517,3427,JOHNNYS MARKET,"I-69, EXIT 357",Fremont,IN,465,3.699,41.733299,-84.891454
518,3432,PILOT TRAVEL CENTER #34,"I-65, EXIT 201 & US-231",Remington,IN,365,3.709,40.763075,-87.152334
520,3435,PWI #168,"I-35, EXIT 266 & SR-195",Georgetown,TX,740,2.799,30.642511,-97.67433
521,3444,Acme Truck Stop,US-441/SR-500,Orlando,FL,140,3.449,28.41959,-81.293691
522,3460,CHROME TRUCK STOP,US-18 & US-169,Algona,IA,433,3.499,43.072788,-94.227136
523,3464,BOISE PETROLEUM LLC,"I-84,  EXIT 71",Boise,ID,785,3.379,43.945777,-115.884627
524,3471,MR FUEL DBA ONE9 #72,"I-16, EXIT 160",Savannah,GA,195,3.132,32.043334,-81.099581
526,3475,PILOT TRAVEL CENTERS #56,"I-85, EXIT 63",Kannapolis,NC,46,3.499,35.477919,-80.626823
527,3477,CIRCLE K #4707404,"I-91, EXIT 7",Springfield,VT,170,3.699,43.265216,-72.514312
529,3493,CIRCLE K #2723675,"I-75, EXIT 290 & SR-20",Cartersville,GA,18,3.086,30.772973,-83.306188
530,3519,PILOT TRAVEL CENTERS #431,"I-10, EXIT 873",Orange,TX,610,3.309,30.12294,-93.890687
531,3522,SUNMART #308,US-59,Livingston                              ,TX,610,2.859,30.731384,-94.936
532,3526,JOE STOP 99,"I-75, EXIT 99 & SR-119",Anna,OH,411,3.064,47.492153,-122.292683
533,3530,SPARKYS ONE STOP #22,"I-35, EXIT 111B & US-30",Jefferson,IA,320,3.232,41.032238,-91.948874
534,3536,PETRO STOPPING CENTER #307,I-40 EAST & S LAKESIDE Dr,Amarillo,TX,585,3.279,35.197911,-101.741358
535,3539,Bigs 211,"I-10, EXIT 620 & SR-123",Seguin,TX,740,3.099,29.582392,-97.967398
536,3545,STOCKMENS TRUCK PLAZA,"I-494, EXIT 64A",South Saint Paul,MN,450,3.499,44.95304,-93.09013
537,3580,STINKER I 80 TRAVEL PLAZA,"I-80, EXIT 221 & SR-76",Sinclair,WY,838,3.759,47.929243,-122.301906
538,3585,CHEVRON,"I-80, EXIT 129",Lovelock,NV,966,3.499,40.17863,-118.477397
540,3592,TA BRIDGER TRAVEL CENTER #188,"I-80, EXIT 30 & CR-202",Fort Bridger,WY,835,3.716,13.729929,-60.952677
541,3593,TA Parowan Travel Center,"I-15, EXIT 78",Parowan,UT,910,3.706,37.840126,-112.829391
542,3605,SPEEDYS #6,"I-35, EXIT 33",Saint Joseph,MO,400,3.169,39.765776,-94.81477
543,3608,FUEL MART #787,"I-57, EXIT 212 & US-36",Tuscola,IL,280,3.199,32.722635,-86.236665
544,3614,PILOT TRAVEL CENTERS #35,"I-80/90, EXIT 72 & US-31",South Bend                              ,IN,465,3.799,41.672118,-86.277976
546,3616,PILOT TRAVEL CENTERS #15,"I-75, EXIT 210",Toledo,OH,550,3.772,41.673729,-83.563577
547,3619,ROAD RANGER #141,"I-70, EXIT 23",Brazil,IN,375,3.659,39.536303,-87.12219
548,3620,One9 #16,"I-71 & US-68, EXIT 50",Wilmington                              ,OH,315,3.142,39.895427,-83.812664
549,3645,SNOW SHOE TRAVEL PLAZA,"I-80, EXIT 147 & SR-144",Snow Shoe,PA,14,3.469,41.067188,-77.879949
550,3678,TIMES MARKET #299,US-281 BUS,Alice,TX,625,3.099,27.755771,-98.065931
551,3688,SPEEDWAY #2314,"I-94, EXIT 243 & SR-29",New Baltimore,MI,342,3.559,5.396046,100.286474
553,3692,CHARLOTTE TRAVEL PLAZA,"I-77,  EXIT 16B",Charlotte,NC,46,3.532,35.19534,-80.81711
555,3702,BEARS DEN TRADING POST #101,ST 37 11 MI E OF MASSENA,Hogansburg                              ,NY,39,3.649,44.97394,-74.66324
556,3707,SPEEDWAY #4704,"I-90, EXIT 154",Albert Lea,MN,425,3.299,43.653102,-93.369291
557,3718,SPEEDWAY #4706,"I-90, EXIT 265",Chamberlain,SD,455,3.299,43.825993,-99.29419
558,3719,KEYSTONE TRUCK STOP,US-22 & SR-164,Loretto,PA,14,3.999,39.445474,-83.854496
559,3725,GENEVA TRUCK STOP,"I-79, EXIT 35/141",Cochranton                              ,PA,240,3.816,41.520594,-80.047841
562,3745,PILOT TRAVEL CENTER #906-TOWN PUMP,"I-90, EXIT 408 & SR-78",Columbus,MT,780,3.581,33.183669,-117.297418
563,3759,EXXON,US-67 & SR-18,Newport,AR,695,4.132,33.03251,-116.883798
564,3767,SIMMONS TRAVEL CENTER,"I-95, EXIT 8 & US-301",Emporia,VA,180,3.099,36.69512,-77.535614
565,3772,Brake Time Corner Market,"I-25, EXIT 240",Burlington                              ,CO,800,3.499,40.46392,-86.434373
566,3774,SINCLAIR,"I-70, EXIT 438",Burlington                              ,CO,796,3.889,40.46392,-86.434373
567,3781,REATTA TRAVEL STOP,"I-76, EXIT 149 & SR-55/CR-81",Crook,CO,475,3.382,40.858794,-102.801396
568,3783,CIRCLE K #2744095,"I-25, EXIT 215",Denver,CO,800,3.299,39.740959,-104.985798
569,3794,SPEEDWAY #4701,"I-90, EXIT 73",Jackson,MN,425,3.299,43.674163,-95.154128
570,3817,FAST MARKET,"I-25, EXIT 158",Colorado Springs,CO,803,3.159,38.875356,-104.813228
571,3843,ONCUE EXPRESS #61,"I-35, EXIT 185 & US-77",Perry,OK,500,3.216,49.517202,17.76305
572,3868,SHORE STOP #279,US-13,Greenwood,DE,194,3.239,38.806951,-75.590665
575,3889,CIRCLE K #2701686,"I-75, EXIT 220",Bradenton,FL,225,3.439,27.491923,-82.58077
576,3907,SUNOCO,US-46 & SR-93,Palisades Park,NJ,105,3.279,40.84728,-73.996632
577,3908,SEMINOLE TRUCK STOP,"I-75, EXIT 354",Fort Lauderdale,FL,95,3.699,26.121044,-80.142951
578,3927,MICCOSUKEE SERVICE PLAZA,"I-75, EXIT 49 & SR-84",Fort Lauderdale                         ,FL,95,3.666,27.849255,-82.699951
579,3936,Uncle Petes Truck  Stop,"I-40, EXIT 239 & US-70/SR-26",Lebanon,TN,460,2.989,36.203187,-86.320404
580,3946,Fast Lane,US-24 & US-63,Moberly,MO,310,3.469,39.408431,-92.427938
581,3949,SUNSTOP #337,"I-10/SR-8, EXIT 303 & US-441",Lake City,FL,75,3.699,30.188826,-82.637793
582,3956,CIRCLE K #2707451,US-27/SR-25 & SR-70,Lake Placid,FL,225,3.399,28.306864,-81.383714
583,3964,SPEEDWAY #6604,"I-94, EXIT 66",Mattawan,MI,465,3.489,42.21848,-85.787589
585,3970,EXXON - Pilot #1293,"I-30, EXIT 61",Garland,TX,630,2.842,32.907748,-96.640291
587,3974,LOVES TRAVEL STOP #201,I-40 EXIT 41,Elk City,OK,483,3.126,35.412043,-99.410897
588,3975,SUNSTOP #334,"I-10, EXIT 335 & SR-121",Macclenny,FL,75,3.459,30.27947,-82.122946
589,3979,PETRO GARY 369,"I-80 & I-94, EXIT 9",Gary,IN,365,3.831,40.887328,-96.678697
590,4006,MISSILE MART #1,US-167 & SR-7,El Dorado,AR,635,3.499,25.928824,-80.186093
591,4008,BALDWIN TRAVEL PLAZA,"I-94, EXIT 19 & US HWY 63",Baldwin                                 ,WI,295,3.503,27.828938,-82.679794
592,4025,BP,"I-85, EXIT 21  & US-178",Anderson,SC,30,2.909,34.510773,-82.647178
593,4035,PILOT TRAVEL CENTER #430,"I-40,  EXIT 84",Russellville,AR,695,3.375,35.272489,-93.143411
595,4062,DUDLEYS TRUCK STOP RESTAURANT,US-220,Rocky Mount,VA,185,3.299,37.023618,-79.882589
596,4063,STUCKEY'S,"I-59, EXIT 67 & US-49",Hattiesburg,MS,620,2.999,31.302297,-89.309991
597,4080,SHELL DBA PILOT DEALER #874,US-41,Miami,FL,176,3.699,25.766368,-80.210268
599,4101,E-Z MART #4411,HIGHWAY 69 & COBBLESTONE DR,Pryor,OK,560,3.099,45.442085,-122.747254
601,4115,QUIKTRIP #707,"I-85 , EXIT 96",Atlanta,GA,18,3.341,33.769805,-84.414581
602,4119,JET FOOD STORE #82,US-441 & CR-13,Douglas,GA,10,3.441,5.557826,-0.306904
603,4156,PETRO STOPPING CENTER #305,"I-10, EXIT 582",San Antonio,TX,740,3.207,29.374994,-98.588562
604,4161,EL CHEAPO,I-95 & EXIT 76,Midway                                  ,GA,195,3.526,31.237081,-81.499646
605,4164,CIRCLE K #2723897,"I-75, EXIT 138",Thomasville,GA,20,3.236,30.840007,-83.978242
606,4169,TA KINGMAN TRAVEL CENTER,"I-40, EXIT 48 & US-93",Kingman,AZ,910,3.899,35.208957,-114.023342
607,4171,PETRO SERVE USA #11,US-2 & US-71,Bemidji,MN,355,3.499,47.476672,-94.88026
608,4172,FLYING J TRAVEL PLAZA #639,"I-90, EXIT 2",Post Falls,ID,970,3.762,47.716651,-116.947057
610,4187,FLYING J TRAVEL PLAZA #632,"I-75, EXIT 320",Resaca,GA,285,3.296,34.580459,-84.942637
611,4193,TIGER MART #63,"I-20, EXIT 454",Grand Prairie,TX,630,3.599,32.676959,-97.023474
612,4199,PWI #574,"I-70, EXIT 193/US-40",Bunker Hill,KS,357,2.959,38.874495,-98.698935
613,4204,PILOT TRAVEL CENTERS #415,"I-59, EXIT 4",Rising Fawn,GA,285,3.859,34.76008,-85.53108
615,4211,FLYING J #513,"I-15, EXIT 1",Jean,NV,910,3.732,35.77887,-115.32388
616,4220,KENNETT TRUCK STOP,"I-275, EXIT 16",Lawrenceburg                            ,IN,300,3.424,39.113838,-84.872112
617,4222,Circle K #4703906,"I-24, EXIT 24 & SR-49",Pleasant View,TN,460,2.899,12.824653,80.04648
618,4223,TA PEMBROKE TRAVEL CENTER,"I-90, EXIT 48A",Corfu,NY,38,3.939,42.961275,-78.40261
622,4227,LOVES TRAVEL STOP #203,"I-40, EXIT 140",Oklahoma City,OK,483,3.356,35.393761,-97.602513
623,4233,QUIKTRIP #7220,"I-20, EXIT 8",Shreveport,LA,745,2.892,32.467848,-93.764207
624,4239,SPEEDWAY #8256,"I-64, EXIT 94 & SR-1958 & US-60",Winchester,KY,410,2.922,37.99598,-84.180147
625,4241,EXXON,"I-285, EXIT 53",Conley,GA,18,3.999,33.639628,-84.332358
626,4267,CONOCO,US-30 & SR-41,Gap,PA,160,3.799,40.794689,-77.858961
627,4292,KUM & GO #0032,"I-80/US-6, EXIT 155 & SR-117",Colfax,IA,320,3.082,35.087409,-78.128651
629,4311,Saveway Truck Plaza,"I-65, EXIT 164 & US-31",Hope Hull,AL,720,3.139,34.711117,-86.65316
630,4331,KWIK STOP C STORES,US-61/US-151,Dubuque,IA,335,3.559,42.502247,-90.692006
631,4332,PILOT TRAVEL CENTER #468,"I-57, EXIT 283 & US-24",Gilman,IL,280,3.399,41.878425,-87.628073
635,4335,HIGHWAY 20  AUTO TRUCK PLAZA,US-20,Peosta,IA,335,3.489,42.449029,-90.845522
636,4339,ROAD RANGER #273,I-69E/US-77 & SR-107,Combes,TX,639,3.049,39.292839,-83.044882
637,4349,ROAD RANGER #144,"I-380, EXIT 68US-20, EXIT 68",Evansdale,IA,565,3.729,42.469635,-92.283092
638,4363,EL CHEAPO #4,"I-95, EXIT 87",Richmond Hill,GA,195,3.096,31.947028,-81.308085
639,4368,HOODS SERVICE CENTER,"I-44, EXIT 61",Bois D Arc,MO,535,3.074,38.353141,-92.747022
1047,6744,FLYING J #550,US-2/US-52,Minot,ND,273,3.936,48.227693,-101.300918
641,4373,KUM & GO #0043,"I-35, EXIT 43 & SR-207/CRG76",New Virginia,IA,320,3.114,28.659236,-81.393222
642,4389,TAYLOR QUIK-PIK,"I-29, EXIT 75 & US-30",Missouri Valley,IA,486,3.399,41.559142,-95.902428
643,4395,BREAK TIME #3147,"I-55, EXIT 67 & US-62",Sikeston,MO,275,3.499,36.877202,-89.59053
644,4417,TA MORIARITY TRAVEL CENTER,"I-40, EXIT 194",Moriarty,NM,580,3.217,35.008493,-106.029269
645,4419,CASEYS #3081,"I-35, EXIT 92 & US-136",Bethany,MO,400,3.061,36.61172,-90.06926
647,4431,CASEYS #2653,"US-63 & US-30, EXIT 202",Toledo,IA,320,3.349,41.989288,-92.580318
648,4437,UNDERWOOD TRUCK STOP I 80,"I-80, EXIT 17",Underwood                               ,IA,319,3.001,41.386605,-95.680976
649,4441,PILOT TRAVEL CENTERS #51,"I-81 BAILEYTON RD, EXIT 36",Greeneville,TN,405,3.562,36.165174,-82.812518
650,4442,Minuteman Food Mart #58,US-74/US-76,Delco,NC,245,3.507,34.319961,-78.226342
651,4445,TA Rogers,"I-94/US-52, EXIT 207 & SR-101",Rogers,MN,448,3.274,39.499313,-83.148052
652,4446,LOVES TRAVEL STOP #200,I-40 EXIT 74,Amarillo,TX,585,3.209,35.221849,-101.840963
653,4451,PRAIRIE JUNCTION TRUCK STOP,"I-29, EXIT 109 & SR-34",Colman,SD,530,3.099,26.170294,-80.100072
654,4452,CASEYS #2867,US-63 & US-20,Waterloo,IA,380,3.499,42.49261,-92.354009
655,4458,KUM & GO #1443,"I-80, EXIT 216",Williamsburg,IA,380,3.131,41.660597,-92.00714
657,4463,QUIKTRIP #7901,"I-20, EXIT 556 & US-69",Lindale,TX,710,2.807,35.032903,-78.105841
658,4482,FLYING J TRAVEL PLAZA #777,"I-84, EXIT 54(FEDERAL WAY)",Boise,ID,785,3.809,43.945777,-115.884627
660,4492,3 MILE CORNER TRUCK STOP,US-2 & US-95,Bonners Ferry,ID,970,3.734,48.696735,-116.318563
661,4525,STINKER #42,US-12/US-95 & SR-128,Lewiston,ID,970,3.697,47.488945,-122.325829
662,4528,WENATCHEE VALLEY TRUCK STOP,US-97 ALT,Wenatchee,WA,920,4.199,47.42363,-120.326871
665,4533,SPEEDWAY #1449,"I-65, EXIT 262B",Birmingham                              ,AL,615,2.976,33.530651,-86.800929
666,4544,BIG CHARLIES TRUCK PLAZA,"I-64, EXIT 282 & US-13",Virginia Beach,VA,130,3.489,36.88141,-76.18557
668,4560,FAST STOP TRAVEL CENTERS #1109,"I-15, EXIT 392",Plymouth,UT,835,3.582,41.875499,-112.142657
669,4563,PILOT TRAVEL CENTERS #299,"I-55/I-74/US-51, EXIT 160 & US-150/SR-9",Bloomington                             ,IL,280,3.599,40.47707,-88.956459
675,4568,ONVO TRAVEL PLAZA,"I-90, EXIT 28",Fultonville,NY,12,3.199,42.946202,-74.370213
677,4569,METROPOLIS TRUCK STOP,"I-24, EXIT 37 & US-45",Metropolis,IL,490,3.599,37.147152,-88.691547
678,4574,Circle K #4701432,"I-74, EXIT 174",Mahomet,IL,280,3.669,40.198435,-88.404904
679,4582,BIG CHIEF TRUCK STOP,"I-94/US-52, EXIT 61 & US-59/CR-82",Fergus Falls,MN,250,3.236,46.285964,-96.068654
680,4605,PILOT DEALER #898 SADLERS TRUCK STOP,"I-95, EXIT 11B & US-58",Emporia,VA,180,3.799,36.69512,-77.535614
681,4618,OUTPOST TRAVEL CENTER,"I-20, EXIT 5 & US-80",Greenwood,LA,745,2.899,29.62049,-90.90371
682,4620,PILOT TRAVEL CENTERS #95,"I-75, EXIT 329 & SR-44",Wildwood                                ,FL,225,3.226,40.739651,-73.921678
684,4622,TA LEE HI TRAVEL PLAZA,"I-81,  EXIT 195",Lexington,VA,185,3.659,37.782024,-79.443877
685,4628,QUARLES #4601,US-29/US-17/US-15,Warrenton,VA,60,3.322,38.720015,-77.796979
690,4642,MARSHAL JUNCTION,"I-70, EXIT 147 & SR-1",Marshall                                ,IL,510,3.199,41.622946,-87.674436
692,4644,CIRCLE K #4706703,"I-80, EXIT 145A",Mokena,IL,290,3.399,41.5331,-87.86872
694,4654,7-ELEVEN #35087,"I-490, EXIT 2 & SR-33 & SR-19",Bergen,NY,190,4.029,43.095434,-77.982934
695,4655,QUICKLEES TRAVEL CENTER,"I-86, EXIT 30 & CR-20",Belmont,NY,190,3.999,37.526363,-122.28437
696,4690,PWI #401,"I-20 & I-30, EXIT 1B",Aledo,TX,630,2.799,32.451851,-94.710618
697,4700,A C TRUCKSTOP,"I-80, EXIT 290",Laramie                                 ,WY,795,3.079,41.313704,-105.602581
698,4704,THE RIDGE,"I-68/US-219, EXIT 14 & US-40",Accident,MD,165,4.199,-3.36667,36.85
699,4707,SMITHTON TRUCKSTOP,"I-70, EXIT 39 & SR-3059",Smithton,PA,165,3.899,40.154113,-79.742255
700,4729,MINIT MART #600244,"I-70, EXIT 131",Straughn,IN,457,3.859,39.808183,-85.290936
701,4742,FLYING J TRAVEL PLAZA #684,"I-94, EXIT 1 & SR-16",Beach,ND,807,3.966,25.789881,-80.131801
702,4750,BROOKE TRAVEL PLAZA,"I-80, EXIT 259",West Liberty,IA,380,2.987,41.572418,-91.262385
703,4762,TA MONROE TRAVEL CENTER,"I-75, EXIT 15",Monroe,MI,325,3.349,40.31678,-74.41626
707,4806,TRACK AND TRAVEL,"I-20, EXIT 406",Weatherford,TX,630,2.917,32.745542,-97.779857
708,4818,PILOT TRAVEL CENTER #350,"I-84 & US-20, EXIT 95",Mountain Home,ID,785,3.799,36.311547,-92.27312
710,4819,Alta Convenience #6333,"I-25, EXIT 11",Trinidad,CO,803,3.399,37.169262,-104.506275
711,4826,I-20 Truck Stop,"I-20, EXIT 165",Lincoln,AL,615,2.999,33.621234,-86.114688
713,4837,SHELL,US-10 & SR-210,Motley,MN,522,3.399,45.152225,10.705963
714,4856,PILOT TRAVEL CENTER #910- TOWN PUMP,"I-90, EXIT 274 & US-287",Three Forks,MT,786,3.597,48.11357,-113.3087
715,4858,PILOT TRAVEL CENTER #1346,"I-135, EXIT 31",Newton,KS,570,3.312,38.040521,-97.338792
717,4860,PILOT TRAVEL CENTER #476,"I-74, EXIT 32 & SR-17",Woodhull,IL,270,3.899,26.168259,-80.100266
719,4872,TA COMMERCE TRAVEL CENTER,"I-85, EXIT 149 & US-441",Commerce,GA,16,3.216,34.213044,-83.459508
720,4874,PWI #110,"I-20, EXIT 112 & FM-1936",Odessa,TX,710,3.049,31.875956,-102.360258
722,4881,PETRO STOPPING CENTER #14,"I-295, EXIT 56",Bordentown,NJ,230,4.029,40.126888,-74.713343
723,4885,LOVES TRAVEL STOP #384,"I-70, EXIT 45",Greenville,IL,540,3.689,38.883544,-89.376134
729,4887,SUNOCO,"I-80 & I-90, EXIT 3",Wauseon                                 ,OH,550,3.699,41.791167,-80.854071
730,4894,CLOVERDALE TRAVEL PLAZA,"I-70, EXIT 41 & US-231",Cloverdale,IN,375,3.699,39.522005,-86.799128
731,4905,HY-MILER #2204,SR-250,Sandusky,OH,550,3.532,41.458946,-82.712823
732,4909,CIRCLE K #2723916,US-441/US-301/US/27/SR-500,Ocala,FL,140,3.459,29.19339,-82.136635
734,4918,PILOT TRAVEL CENTERS #219,"I-40, EXIT 398",Knoxville,TN,405,3.699,35.973011,-83.969472
735,4920,TA LAPLACE,"I-10, EXIT 209 & US-5",La Place,LA,600,3.227,34.05513,-118.25703
737,4927,CIRCLE K #2704886,"I-65, EXIT 205 & US-31/SR-22",Clanton,AL,720,3.207,32.839862,-86.622877
738,4933,VILLAGE TRUCK STOP,"I-81, EXIT 18",Rural Retreat                           ,VA,185,3.299,36.898109,-81.275059
739,4977,KWIK TRIP #331,SR-54,Wisconsin Rapids,WI,395,3.262,44.398361,-89.841477
740,4981,JOHNNYS MARKET,"I-94, EXIT 110 & US-27",Marshall,MI,385,3.499,27.871473,-82.706863
741,4983,KWIK TRIP #603,"I-94, EXIT 28 & SR-128",Wilson,WI,451,3.549,39.352892,-83.146967
742,4996,ZIP TRIP #54,"I-90, EXIT 452",Billings,MT,780,3.591,45.774972,-108.55997
744,5006,SUNOCO,US-1/US-9,Linden,NJ,79,3.799,40.627092,-74.233706
745,5024,I 55 MOTOR PLAZA,"I-55,  EXIT 180",Pevely,MO,540,2.991,38.279223,-90.400732
746,5030,YESWAY #1030,US-63 & E MARY ST,Ottumwa,IA,320,3.399,41.665985,-91.530388
747,5044,TA MOUNT VERNON TRAVEL CENTER,"I-44, EXIT 46 & SR-39/SR265",Mount Vernon,MO,535,3.409,28.715138,-81.048731
748,5050,ROCK PORT TRUCK PLAZA,"I-29 & US-136, EXIT 110",Rock Port,MO,400,3.099,39.280857,-94.676141
749,5056,TREX MART #16,"I-35, EXIT, 61 & US-69",Winston,MO,276,3.119,39.870111,-94.141423
750,5057,PHILLIPS 66,"I-35, EXIT 54 & I-35 BUS/US-36",Cameron,MO,276,3.099,25.809097,-80.124558
751,5060,CRAZY FREDS TRUCK SHOP,"I-40, EXIT 44 & US-66",Kingman,AZ,910,3.539,35.208957,-114.023342
752,5064,CLARK OIL #44,"I-59, EXIT 97",Laurel                                  ,MS,620,2.879,31.695144,-89.139761
753,5079,FASTLANE TAYLOR 63,US-61 & SR-6,Taylor,MO,494,3.016,38.574184,-90.418282
754,5085,K AN T TRUCKSTOP,"I-79, EXIT 137 & SR-310",Fairmont,WV,165,3.399,39.47713,-80.15882
755,5111,CIRCLE K #2723385,"I-59, EXIT 67 & US-49/SR-42",Hattiesburg,MS,620,3.149,31.302297,-89.309991
756,5117,CIRCLE K #4702361,"I-65, EXIT 130 & SR-334",Whitestown,IN,375,3.292,36.3944,-119.02207
757,5128,CASEYS #2769,"I-80, EXIT 220 & SR-149",Williamsburg,IA,380,3.142,41.660597,-92.00714
759,5132,Travel Centers of America,"I-44, EXIT 208 & SR-19",Cuba,MO,574,3.266,23.094824,-82.377724
760,5160,FUEL MART #727,"I-70, EXIT 193",Quaker City                             ,OH,249,3.166,39.969646,-81.297357
761,5163,Blue Sky #733,"US-78, EXIT 81 & SR-178",Belden,MS,742,2.939,53.514815,-113.629133
762,5165,ONE9 #046,"I-65, EXIT 6 & SR-100",Franklin,KY,415,3.086,40.817171,-77.029233
763,5167,SPEEDWAY #7575,"I-65, EXIT 255",Hobart,IN,290,3.632,41.51567,-87.283508
764,5170,FLYING J #516,"I-76, EXIT 161 & I-70",Breezewood,PA,14,5.099,39.920703,-75.241346
765,5183,PETRO STOPPING CENTER #74,I-95 & EXIT 106,Kenly,NC,205,3.709,35.006767,-78.815942
766,5191,NORTH POINT PLAZA,"I-90 & I-94, EXIT 115",Poynette,WI,420,3.172,44.96419,-92.557913
767,5202,Chevron #306185,US-30,Montpelier,ID,825,3.699,42.322532,-111.30152
768,5203,OASIS TRAVEL CENTER,"I-10, EXIT 53",Robertsdale,AL,715,3.469,30.552996,-87.707908
770,5227,PILOT TRAVEL CENTERS #900,"I-95, EXIT 75",Dunn,NC,205,3.709,35.310395,-78.613831
771,5230,ONE9 #496,"I-80, EXIT 265",Atalissa,IA,270,3.016,41.57177,-91.16652
772,5232,CM EUNICE,US-190,Eunice,LA,730,3.399,30.495103,-92.446466
773,5234,SINCLAIR,SR-37,Monett,MO,277,3.291,36.8999,-93.937273
774,5236,FLYING J #875,"I-95,  EXIT 109",Elkton,MD,243,4.199,39.611527,-75.836554
775,5245,CASEYS #3842,US-36 & US-283,Norton,KS,357,3.157,39.784257,-99.903472
776,5247,EDGERTON TRAVEL PLAZA,"I-90, EXIT 160 & US-51",Edgerton,WI,420,3.199,43.029958,-87.961634
777,5249,Taylor's Stateline Travel Center,US-67 & SR-278,Neelyville,MO,275,2.999,40.586583,-83.826453
778,5254,TA CANDLER TRAVEL CENTER,"I-40, EXIT 37",Candler,NC,210,3.799,35.5365,-82.69291
779,5255,7-ELEVEN #35788,"I-35, EXIT 215",Olathe,KS,400,3.339,38.883639,-94.810546
781,5282,CASEYS #3548,US-54 & US-61,Pratt,KS,357,3.141,37.645849,-98.736848
782,5285,TULLO TRUCK STOP,"I-95, EXIT 15E & US-1/US-9",Kearny,NJ,79,3.799,40.75664,-74.113386
783,5297,ERNIES TRUCK STOP,"I-90,  EXIT 179 & I-90 BUS/SR-17",Moses Lake,WA,920,3.999,47.13014,-119.27808
786,5299,Sudden Service #62,"I-65, EXIT 6 & SR-100",Franklin,KY,460,3.084,40.817171,-77.029233
787,5302,ONE9 #258,"I-81, EXIT 150 & US-220 ALT & US-11",Troutville,VA,185,3.032,37.417721,-79.878839
788,5306,PILOT TRAVEL CENTERS #11,"I-76, EXIT 232",North Lima                              ,OH,573,3.799,40.94839,-80.65896
789,5309,NEWBORN TRUCK STOP,I-20 EXIT 5,Tallapoosa,GA,48,3.407,33.749182,-85.289093
790,5310,FLYING J #576,"I-35, EXIT 69",Northfield,MN,515,3.859,44.452922,-93.166592
791,5324,HY-MILER #2245,SR-53,Fremont,OH,550,3.382,41.381832,-83.116446
792,5341,KWIK STAR #1160,"US-75, EXIT 118 & SR-3",Le Mars,IA,408,3.299,39.978424,18.117726
794,5363,SPEEDWAY #6767,"I-75, EXIT 20",Manheim,PA,70,4.499,40.093817,-76.29646
795,5389,FLYING J TRAVEL PLAZA #744,"I-15, EXIT 343",Ogden,UT,835,3.749,41.231877,-111.962366
796,5391,PWI #605,"I-10, EXIT 378",San Simon,AZ,640,2.959,32.267955,-109.230984
797,5399,FLYING J TRAVEL PLAZA #750,"I-81 & I-77, EXIT 80",Max Meadows,VA,185,3.549,37.357226,-79.958157
798,5407,CASEYS #4535,US 81,Concordia                               ,KS,570,2.912,39.566516,-97.660611
799,5414,One9 #1216,"I-10 ,EXIT 200 & SR-84",Eloy,AZ,930,3.199,45.04557,7.671084
801,5419,USA TRAVEL CENTER,"I-40, EXIT 48 & US-93",Kingman,AZ,910,3.399,35.208957,-114.023342
802,5422,K AND H TRUCK PLAZA,"I-57, EXIT 283 & US-24",Gilman,IL,290,3.159,41.878425,-87.628073
804,5424,WK TRUCK STOP,"US-231 & SR-9001, EXIT 75",Beaver Dam,KY,340,3.399,47.395126,-122.044701
806,5436,PARKWAY MARATHON,"US-79, EXIT 94",Caneyville,KY,415,3.732,37.419642,-86.495307
808,5462,BOOZER KWIK STOP,"I-15, EXIT 118",Idaho Falls                             ,ID,825,3.447,43.492904,-112.035234
809,5464,PILOT TRAVEL CENTERS #48,"I-65, EXIT 86",Glendale,KY,415,3.609,37.60173,-85.90552
810,5474,One9 #88,"I-95/SR-9, EXIT 201 & SR-520",Cocoa,FL,143,3.376,47.645228,-122.135327
812,5479,PILOT TRAVEL CENTERS #94,"I-75, EXIT 161",Punta Gorda,FL,225,3.799,26.703792,-80.225028
814,5491,49ER FUEL CENTER,"I-75, EXIT 49",East Bernstadt                          ,KY,410,2.999,37.191094,-84.117227
815,5492,BFS FOODS #68,"I-70, EXIT 3",Hancock                                 ,MD,22,4.129,39.705311,-78.17542
816,5522,ONE9 #301,"I-55,  EXIT 40",Marston,MO,275,3.109,36.516764,-89.608749
817,5523,TA LIMON TRAVEL CENTER,"I-70, EXIT 359 & US-24",Limon,CO,800,3.921,37.226374,-107.70097
818,5529,FLYING J #549,"I-77, EXIT 100 & 101",Mount Airy,NC,65,3.599,50.978934,-3.222801
824,5554,Southfork TRUCK STOP,"I-30, EXIT 63 & SR-53",Gurdon,AR,635,3.459,28.372372,-81.503433
825,5560,MIDWAY TRAVEL PLAZA,I-70 EXIT 121 & US-40,Columbia,MO,310,3.539,38.94726,-92.327555
826,5569,TA EXPRESS NORWOOD #0450,US-60,Norwood,MO,535,3.449,38.737458,-90.262758
827,5570,PETRO STOPPING CENTER #310,"I-12, EXIT 40 & US-51 BUS",Hammond,LA,725,3.249,30.501623,-90.46711
828,5579,SAPP BROS TRAVEL CENTER,US-30,Columbus,NE,486,3.219,41.429316,-97.360115
829,5592,TA COLUMBIA NORTH,"I-20, EXIT 71 & US-21",Columbia,SC,46,3.439,34.044165,-80.846323
830,5597,CM LAKE CHARLES FUEL STOP 36,"I-10, EXIT 36 & SR-397",Lake Charles,LA,690,3.299,26.173507,-80.099685
831,5601,BP,"I-24, EXIT 16",Paducah,KY,490,3.429,37.079097,-88.620251
832,5603,TA NORTH CANTON TRAVEL CENTER,"I-77, EXIT 111",North Canton,OH,249,3.624,40.87465,-81.402232
833,5606,FLYING J #511,"I-94, EXIT 147",Mandan,ND,273,3.952,46.830288,-100.886016
834,5607,RICE MART,"I-45 & FM 1603, EXIT 238",Rice,TX,630,3.019,30.017198,-95.437928
835,5608,SHOP A LOTT  #3,US-84 & US-171,Mansfield                               ,LA,766,3.136,32.036354,-93.694242
836,5613,CHEVRON #381108,"I-82, EXIT 36",Yakima,WA,925,3.999,46.593247,-120.547823
838,5649,Fast Stop,"I-10, EXIT 182 & SR-22",Sorrento                                ,LA,623,3.699,39.445474,-83.854496
839,5651,LOVES TRAVEL STOP #303,"I-64, EXIT 43 & SR-395",Waddy,KY,415,3.749,28.659236,-81.393222
840,5659,TEX-BEST #526,US-59 & US-281,George West,TX,625,3.299,28.328821,-98.116734
841,5660,Pride Convenience Store,"I-90, EXIT 51 & I-291",Chicopee,MA,100,3.509,38.901593,-94.353402
842,5661,TA Express #287,"I-40, EXIT 288 & SR-111",Cookeville,TN,460,3.299,36.156923,-85.500647
843,5667,PILOT TRAVEL CENTERS #393,"I-40, EXIT 24 & SR-209",Waynesville                             ,NC,210,3.759,34.957745,-77.981698
844,5669,KWIK TRIP #497,I-90 EXIT 266 & CR-12,Dakota,MN,515,3.474,44.661381,-93.119466
845,5670,TA MOUNT VERNON TRAVEL CENTER,"I-57 & I-64, EXIT 95",Mount Vernon,IL,574,3.449,41.778929,-87.586543
848,5674,TA MADISON TRAVEL CENTER,"I-20, EXIT 114 & US-441",Madison,GA,16,3.891,34.127845,-83.230339
849,5677,YESWAY #1178,CR-13,Kadoka,SD,506,3.189,43.83227,-101.508081
850,5691,Pilot Travel Center #666,"I-94, EXIT 30",Benton Harbor,MI,465,3.059,42.111161,-86.45104
851,5700,BEACON & BRIDGE #18,US-131 BUS,Big Rapids,MI,456,3.559,43.684106,-85.518787
854,5718,TOOT N TOTUM #104,US-287,Dalhart,TX,585,3.199,36.059148,-102.514478
856,5729,MENOMONIE FARMERS UNION,"I-94, EXIT 45 & CR-B",Menomonie,WI,295,3.649,44.877545,-91.929709
857,5730,SCOTTS QUICK STOP,SR-53 & SR-46,Marlette,MI,342,3.399,28.372372,-81.503433
858,5739,PILOT TRAVEL CENTERS #284,"I-75, EXIT 18",Monroe                                  ,MI,325,3.399,40.31678,-74.41626
863,5751,TA LAKE PARK TRAVEL CENTER,"I-75,  EXIT 2",Lake Park,GA,20,3.316,30.683581,-83.180562
864,5754,ROAD TRIP OASIS PERRY,"I-69, EXIT 105 & SR-52",Perry,MI,406,3.799,47.933455,-122.30648
866,5758,SPEEDY Q MARKET #8206,"I-94, EXIT 274",Port Huron                              ,MI,325,3.899,42.973785,-82.436173
867,5770,Kwik Trip # 1281,"I-43, EXIT 107",Belgium                                 ,WI,444,3.256,43.517311,-87.88653
868,5771,DUNES AUTO TRUCK PLAZA,"I-94, EXIT 12",Sawyer,MI,465,3.499,43.924812,-84.633107
870,5774,PJ TRAVEL PLAZA,"I-80, EXIT 192 & SR-880",Loganton,PA,138,3.479,41.032711,-77.303168
872,5799,STAPLES OIL,"I-90, EXIT 146",Alden,MN,425,3.299,43.669531,-93.573499
873,5801,TA WYTHEVILLE TRAVEL CENTER,"I-81, EXIT 72 & I-77, EXIT 41",Wytheville,VA,185,3.519,36.67273,-80.46717
874,5821,TA PORTLAND TRAVEL CENTER,"I-5,  EXIT 278",Aurora,OR,935,4.032,29.908973,-89.941475
875,5823,ENMARKET #863,"I-95, EXIT 8 & SR-88",Hardeeville,SC,195,3.082,-27.085733,-48.905861
876,5830,115 TRUCKSTOP #5001,"I-94, EXIT 115",Marshall,MI,431,3.429,42.270874,-84.955633
879,5842,PETRO STOPPING CENTER #6367,"I-57,  EXIT 335",Monee,IL,290,3.459,41.419139,-87.750859
882,5860,SPEEDWAY #4610,"I-35, EXIT 59 & SR-21",Faribault,MN,448,3.759,41.151909,-81.386869
883,5873,SOUTHERN VALLEY COOP,ST 14 BYPASS,Mankato                                 ,MN,425,3.499,44.161276,-93.987847
884,5901,ROTHSAY TRUCK STOP,"I-94, EXIT 38",Rothsay,MN,341,3.209,46.477424,-96.28599
885,5903,Circle K #2746447,I-94/US-52 EXIT 127 & US-71/SR-28,Sauk Centre,MN,250,3.189,45.697362,-94.980535
886,5907,SPEEDWAY #4035,CR-101,Shakopee,MN,448,3.599,44.799968,-93.525551
887,5909,SINCLAIR,"I-90, EXIT 233",Saint Charles,MN,515,3.529,37.59205,-85.34374
888,5927,HARRISONBURG TRAVEL CENTER,"I-81,  EXIT 243 & US-11",Harrisonburg,VA,185,2.899,36.970137,-80.71273
889,5935,WESTHAMPTON VALERO,I-295 EXIT 47A,Mount Holly                             ,NJ,160,3.329,39.995777,-74.786278
890,5942,EXPRESS MART TRUCK STOP,"I-55, EXIT 185 & US-67/US-61",Barnhart,MO,540,2.997,38.337801,-90.406996
892,5946,PILOT TRAVEL CENTERS #918,I-90 EXIT 55,Rapid City,SD,506,3.999,44.068767,-103.226164
894,5951,ROAD RANGER #157,I-64 EXIT 41,Okawville,IL,540,3.799,38.434394,-89.550746
895,5963,OZONA ONE STOP,"I-10, EXIT 372",Ozona                                   ,TX,710,2.982,30.707037,-101.211726
897,5971,WACO TRAVEL CENTER,SR-19,Perry,FL,20,3.699,30.109034,-83.582309
898,5979,TA LAFAYETTE TRAVEL CENTER,"I-10 & SR-182, EXIT 101",Lafayette,LA,600,3.134,6.603755,3.619687
899,5980,THRIFT MART TRUCK PLAZA,"I-85/US-460, EXIT 63A & US-1/US-460 BUS",Petersburg,VA,180,3.199,37.206189,-77.392631
900,5990,360 TRUCK STOP,US-360,Amelia Court House,VA,180,3.599,37.355115,-77.969092
901,5996,Fast Stop Travel Centers #1134,"I-80/US-30, EXIT 99 & US-191/SR-373",Rock Springs,WY,827,3.499,41.594274,-109.246355
902,5999,PILOT TRAVEL STOP #492,"I-30, EXIT 78 & SR-7",Arkadelphia,AR,635,3.559,43.749857,11.822804
904,6001,ALLSUPS #2392,US-70 & US-285,Roswell,NM,700,3.199,33.398291,-104.530202
905,6009,CASEYS #2652,US-65 & US-36,Chillicothe,MO,400,3.289,39.79383,-93.57168
906,6010,SEGOVIA TRUCK STOP,"I-10, EXIT 465",Junction,TX,739,2.999,30.490039,-99.772233
907,6018,TA BLOOMINGTON TRAVEL CENTER,"I-55, I-74 & I-39 , EXIT 160",Bloomington,IL,280,3.619,41.760754,-87.586174
912,6033,EMERY'S,US-54,Deerfield,MO,277,3.349,37.838249,-94.409553
913,6037,CRYSTAL OIL,"I-129/US-20/US-75,  EXIT 2",South Sioux City,NE,527,3.549,42.463701,-96.415294
915,6047,FAST LANE #26,US-61,Eolia,MO,494,3.099,39.239515,-91.011097
916,6051,CIRCLE K #2709846,"I-25, EXIT 240",Longmont,CO,800,3.057,40.163537,-105.16261
917,6057,PILOT TRAVEL CENTER #903,"I-70/US-40, EXIT 252",Salina,KS,523,3.759,38.82358,-97.610411
919,6058,MOTOR INN AUTO TRUCK STOP,I-75 EXIT 110,Mendon,OH,370,3.199,40.671352,-84.518386
920,6068,AYERCO #24,US-61 & CR MM,Hannibal,MO,494,3.099,1.312583,103.899198
921,6082,Palmetto Truck Plaza,US-27/SR-25 & SR-826,Hialeah,FL,95,3.399,25.929422,-80.124547
922,6083,BP,"I-35, EXIT 33",Holt                                    ,MO,400,3.049,40.115035,-95.211237
923,6087,BREAK TIME #3173,US-54 & CR-HH,Fulton,MO,310,3.299,37.162683,-91.118462
924,6093,ONE9 #901,"I-80 & US-183, EXIT 257",Elm Creek,NE,330,2.966,-30.2469,-57.655034
925,6096,Waverly Travel Center,US-23,Waverly                                 ,OH,315,3.416,39.122141,-82.988132
926,6097,SAPP BROS TRAVEL CENTER,"I-80, EXIT 263",Elm Creek,NE,330,3.187,40.750546,-99.346291
927,6106,TA HUNTINGTON,"I-84, EXIT 353",Huntington,OR,982,3.639,33.678349,-117.999037
929,6150,CIRCLE K #2723707,"I-81,  EXIT 150",Troutville,VA,65,3.066,37.417721,-79.878839
930,6154,TA MOBILE TRAVEL CENTER,"I-10,  EXIT 4",Grand Bay,AL,715,3.136,30.468937,-88.344267
931,6164,PILOT TRAVEL CENTER #268,"I-80/US-6, EXIT 284",Walcott,IA,270,3.859,41.586548,-90.774179
933,6165,TEMP STOP #117,I-70 & GRAIN VALLEY RD EXIT 24,Grain Valley,MO,400,2.959,39.017004,-94.208181
934,6167,PILOT TRAVEL CENTERS #167,US-71,Nevada,MO,277,3.496,37.840428,-94.326905
935,6172,SPEEDWAY #2319,"I-96, EXIT 77",Portland,MI,431,3.699,41.58463,-72.624362
937,6173,PILOT TRAVEL CENTERS #21,"I-94, EXIT 167",Dexter,MI,325,3.659,42.38265,-83.959341
941,6175,ONVO TRAVEL PLAZA - MIFFLINTOWN,US-322/US-22 & SR-35,Mifflintown,PA,138,3.479,39.445474,-83.854496
943,6180,Circle #4703923,"I-24, EXIT 180B & US-27",Chattanooga,TN,285,2.786,35.091981,-85.234979
944,6182,Exxon,"I-20, EXIT 205 & SR-46",Heflin,AL,587,3.016,28.734777,-81.117728
945,6188,SIGNAL FOOD STORE #112,US-65 & SR-J,Ozark,MO,535,2.999,37.056832,-93.228205
946,6198,DAVIS TRAVEL CENTER #102,"I-95/US-301, EXIT 33 & SR-602",Stony Creek,VA,180,3.066,36.3944,-119.02207
947,6200,KWIK FILL #388,"I-80, EXIT 29 & SR-8",Harrisville,PA,165,3.404,40.794689,-77.858961
948,6206,PETRO PORTAGE,"I-90 & I-94, EXIT 108-A",Portage,WI,420,3.807,44.96419,-92.557913
949,6212,MR FUEL,"I-55, EXIT 180",Pevely,MO,540,3.016,38.279223,-90.400732
950,6214,PIONEER Travel Plaza,"I-41, EXIT 60 & SR-145",Richfield,WI,444,3.216,27.639032,-80.488942
951,6215,FUEL HUB,"I-87, EXIT 21B",West Coxsackie,NY,12,3.599,42.36064,-73.81679
952,6218,LOVES TRAVEL STOP #215,"I-40, EXIT 16 & US-40 BUS/US-66",Gallup,NM,580,3.437,38.669306,29.406673
953,6219,SCHATZ CROSSROADS,US-2 /US-52,Minot,ND,452,3.549,48.227693,-101.300918
954,6221,LOVES TRAVEL STOP #214,I-10 EXIT 37,El Paso,TX,640,3.076,31.818409,-106.488793
955,6222,QUIKTRIP #236,"I-29/US-71, EXIT 18 & SR-92",Platte City,MO,400,2.999,39.352321,-94.766581
957,6229,FUEL MART #764,"I-70, EXIT 66 & SR- 54",South Vienna                            ,OH,315,3.129,28.194327,-82.593124
958,6232,OASIS TRUCK STOP,"I-44 & SR-133, MM 145",Richland,MO,416,3.324,40.739651,-73.921678
959,6242,TA FORISTELL TRAVEL CENTER,"I-70, EXIT 203",Foristell,MO,540,3.019,38.810595,-90.964996
960,6243,GARDEN INN TRAVEL PLAZA,US-60/US-63,Cabool,MO,535,3.299,37.126311,-92.103314
961,6251,BREAUX BRIDGE VALERO #1408,"I-10 & SR-347, EXIT 115",Breaux Bridge,LA,730,3.499,6.603755,3.619687
962,6252,PILOT TRAVEL CENTERS #12,I-80 & I-90 EXIT 71,Perrysburg,OH,550,3.759,42.223034,-72.969046
963,6258,CASEYS #6342,"I-29, EXIT 144 & US-169",Saint Joseph,MO,400,3.169,39.765776,-94.81477
964,6271,TA DENTON TRAVEL CENTER,"I-35, EXIT 471 & US-77",Denton,TX,630,3.254,30.200761,-98.172894
965,6275,TA SEATTLE EAST TRAVEL CENTER,"I-90, EXIT 34",North Bend,WA,962,3.959,47.498745,-121.79543
968,6284,7-ELEVEN #40513,I-90/80-IN TOLL RD MM 22W,Portage,IN,365,3.999,41.584252,-87.183278
969,6286,APPLE MARKET #526,"I-64, EXIT 94",Winchester,KY,410,2.916,37.99598,-84.180147
971,6293,PETRO STOPPING CENTER #313,"I-40, EXIT 79",Milan,NM,580,3.571,35.205218,-107.894983
972,6296,GRAY TRUCK STOP,US-71/US-136,Maryville,MO,400,3.266,40.348159,-94.876908
973,6299,HWY 34 TRUCKSTOP,"US-34, EXIT 258",West Burlington                         ,IA,345,3.374,40.823705,-91.176371
975,6307,QUIKTRIP #608,"I-70, MID RIVERS MALL",Saint Peters,MO,540,2.904,38.796075,-90.611532
976,6308,Pilot Travel Centers #354,"I-64, EXIT 28",Simpsonville,KY,415,3.759,38.218156,-85.353904
977,6309,WINNERS CIRCLE #1,"I-30 & US-270, EXIT 98A",Malvern,AR,695,3.352,-3.36667,36.85
978,6310,CIRCLE K #2707515,US-27/SR-25 & US-98/US-700/SR-700/SR-66,Sebring,FL,140,3.389,27.492041,-81.454995
979,6315,AYERCO #25,US-24,Taylor,MO,494,3.016,39.9381,-91.52377
981,6326,KANZA TRAVEL PLAZA,"I-35, EXIT 231 AND US-177",Braman,OK,500,3.027,36.923433,-97.334251
982,6327,PETRO STOPPING CENTER #312,"I-40 & I-75, EXIT 369",Knoxville,TN,405,3.426,36.0148,-83.970819
983,6330,TA EDINBURG TRAVEL CENTER,I-69C/US-281 & FM-2812,Edinburg,TX,639,3.011,26.386175,-98.148773
984,6334,231 PLAZA AND TRUCK STOP,US-231/SR-75 & SR-20,Youngstown,FL,20,3.494,28.306864,-81.383714
985,6341,TA RAWLINS TRAVEL CENTER,"I-80, EXIT 214",Rawlins,WY,795,3.722,41.786119,-107.232205
986,6346,SPEEDWAY #4710,US-71/SR-60,Windom,MN,425,3.299,44.897604,-93.28227
987,6351,FLYING J TRAVEL PLAZA #608,"I-10, EXIT 1",Ehrenberg,AZ,930,3.959,33.615289,-114.48924
988,6356,CIRCLE K #2721536,ST 6 EAST,Batesville,MS,435,3.241,34.316272,-89.915389
989,6370,TA ROCKWALL TRAVEL CENTER,"I-30/US-67, EXIT 68 & SR-205",Rockwall,TX,630,3.137,14.597083,120.982877
990,6374,TA ELGIN WEST TRAVEL CENTER,I-90 &  US-20,Hampshire,IL,290,3.459,42.71471,-88.98206
995,6387,FLYING J FRANCHISE #966,"I-80, EXIT 229",Battle Mountain,NV,966,3.792,40.640753,-116.938851
996,6391,TOOT N TOTUM #106,US-287,Dumas,TX,585,3.006,35.865392,-101.962718
999,6401,CIRCLE K #2723457,"I-10, EXIT 34-B",Gulfport,MS,715,2.989,30.420791,-89.056882
1000,6434,AMPRIDE ALL ROUND TRUCK STOP,US-20,Fort Dodge,IA,343,3.299,42.489543,-94.128743
1001,6441,GRAND OIL,"I-75, EXIT 41 & SR-80",London                                  ,KY,410,3.499,47.926099,-122.300145
1002,6442,CLARK OIL #49,US-84,Laurel,MS,620,2.999,31.697449,-89.110438
1003,6448,CIRCLE K #2723392,"I-59, EXIT 97 & US-84",Laurel,MS,620,2.952,31.695144,-89.139761
1004,6462,ARCO #471770,US-281 & SR-5,Dunseith,ND,452,3.499,33.639649,-112.004933
1005,6468,TA SAYRE TRAVEL CENTER,"I-40 & CEMETARY RD, EXIT 26",Sayre,OK,483,3.064,40.03192,-83.131633
1006,6480,FLYING J #934,"I-84, EXIT 265",La Grande,OR,982,3.536,45.324532,-118.093888
1007,6492,FLICKS,US-49,Richland,MS,760,2.999,32.242349,-90.164817
1008,6496,SPEEDY EXPRESS #38,"I-35, EXIT 305",Mathis,TX,625,3.199,28.094872,-97.822554
1009,6502,SQUAW CREEK TRAVEL PLAZA,"I-29, EXIT 79 & US-159",Forest City,MO,400,3.339,39.982242,-95.18832
1010,6517,HARDYS #5,"I-80, EXIT 4   4",Wendover,UT,835,3.499,40.723214,-114.025273
1011,6518,TOWN PUMP FOOD STORE #310,"I-15, EXIT 164",Boulder,MT,816,3.559,46.236017,-112.120306
1012,6526,TULIP CITY TRUCK STOP,"I-196 & SR-40, EXIT 49",Holland,MI,344,3.739,45.488194,10.152909
1013,6527,ZIP TRIP #50,"I-90, EXIT 426",Park City,MT,780,3.584,46.54132,-112.10945
1015,6562,PILOT #1323,"I-29, EXIT 35                 ",Faucett                                 ,MO,400,3.272,39.6,-94.79746
1016,6563,Road Ranger #282,"I-35, EXIT 500",Gainesville,TX,630,3.176,33.632177,-97.136641
1017,6564,FLYING J FRANCHISE #970,US-395,Pasco                                   ,WA,925,4.599,46.25273,-119.084702
1018,6565,TA Greeneville Travel Center,"I-81,  EXIT 36",Greeneville,TN,405,3.552,36.165174,-82.812518
1019,6567,YELLOWSTONE TRUCK SHOP,"I-90, EXIT 330",Livingston,MT,786,3.649,45.658399,-110.566348
1020,6577,AC & T TRAVEL CENTER,"I-81, EXIT 5 W",Hagerstown,MD,70,3.659,39.644106,-77.722476
1022,6588,TOWN PUMP FOOD STORE #4300,"I-90, EXIT 249",Whitehall,MT,786,3.659,45.870591,-112.098681
1023,6593,LITTLE AMERICA TRAVEL CENTER,"I-40, EXIT 198",Flagstaff,AZ,930,3.539,35.190767,-111.573928
1024,6607,TRANSIT TRUCK STOP,"I-97, EXIT 10",Millersville,MD,22,3.466,39.05955,-76.64802
1025,6608,7-ELEVEN #35560,SR-16,Charlotte,NC,46,3.999,35.19534,-80.81711
1026,6628,FLYING J TRAVEL PLAZA #682,"I-85, EXIT 150",Haw River,NC,65,3.942,36.091789,-79.365298
1027,6632,TA SAVANNAH TRAVEL CENTER,"I-95/SR-405,  EXIT 87 & US-17/SR-25",Richmond Hill,GA,195,3.351,31.947028,-81.308085
1028,6633,BAKER TRUCK CORRAL,"I-84, EXIT 304",Baker City,OR,982,3.426,44.77432,-117.831987
1029,6640,PETRO STOPPING CENTER JOHNSTOWN,"I-25, EXIT 254",Johnstown                               ,CO,800,3.427,40.335918,-104.94236
1030,6642,TA VERO BEACH TRAVEL CENTER #197,"I-95/SR-9, EXIT 147 & SR-60",Vero Beach,FL,95,3.484,27.639032,-80.488942
1031,6646,FAMILY EXPRESS #35 (DISCOUNT AVAILABLE),"I-65, EXIT 215 & SR-114",Rensselaer                              ,IN,365,3.132,41.014927,-84.275132
1032,6655,BP DBA TA ELKTON TRAVEL CENTER,"I-95,  EXIT 109B",Elkton,MD,150,4.969,39.611527,-75.836554
1033,6659,GURNEE TRUCK STOP,US-41,Gurnee                                  ,IL,290,3.289,42.370023,-87.930813
1035,6661,TA FRANKLIN TRAVEL CENTER,"I-65, EXIT 61",Franklin,TN,460,3.839,35.916833,-86.850875
1036,6663,TA of Mocksville,"I-40, EXIT 170 & US-601",Mocksville,NC,46,3.699,35.895187,-80.558076
1038,6693,SAPP BROS TRAVEL CENTER,US-77,Fremont,NE,486,3.346,41.441221,-96.492469
1039,6701,JACKS TRUCK STOP,"I-65, EXIT 304 & SR-69",Cullman,AL,615,3.999,34.171754,-86.840307
1040,6704,FL Roberts,"I-91, EXIT 24",Whately,MA,100,3.559,42.439066,-72.639425
1041,6716,MARATHON,"I-29/US-81, EXIT 65 & I-94 BUS/US-10",Fargo,ND,341,3.449,44.96419,-92.557913
1042,6721,STAMART 1222,"I-29, EXIT 64",Fargo,ND,341,3.386,46.867513,-96.82287
1043,6725,TA EXPRESS GRAND FORKS #948,"I-29, EXIT 141 & US-2",Grand Forks,ND,355,3.539,47.94862,-97.177222
1044,6734,TOMAHAWK TRUCK STOP,"I-25, EXIT 128",Fountain,CO,803,3.299,38.676951,-104.655814
1045,6736,EAGLEVILLE TRAVEL CENTER,"I-35 & ROUTE N, EXIT 106",Eagleville,MO,320,2.936,38.556417,-90.406058
1046,6742,Holiday #3810,"I-94/US-52, EXIT 178 & SR-24",Clearwater,MN,453,3.221,45.152225,10.705963
1050,6760,BETTY BEAVERS TRUCKSTOP,"I-87, EXIT 32",Lewis,NY,12,3.719,43.755176,-75.411804
1052,6765,CIRCLE C TRAVEL PLAZA,"I-95, EXIT 68 & SR-61",Walterboro,SC,195,3.079,32.903117,-80.675451
1053,6806,Onvo Travel Plaza,"I-78/US-22, EXIT 45 & SR-863",Kutztown,PA,90,3.327,40.519569,-75.776072
1054,6810,TA RICHMOND,"I-95, EXIT 89 & SR-802",Ashland,VA,180,3.606,37.75988,-77.471896
1055,6811,PUMP & PANTRY #24,US-6/CR-74,Hastings,NE,330,3.399,40.589413,-98.385151
1056,6823,PETRO STOPPING CENTER #301,"I-10, EXIT 37",El Paso,TX,640,3.124,31.818409,-106.488793
1057,6840,PETRO DEMING,"I-10, EXIT 68",Deming,NM,640,3.386,32.25478,-107.734343
1058,6842,FLYNNS TRUCK PLAZA,"US-20, EXIT 11 & SR-140",Shrewsbury,MA,175,3.616,42.211514,-73.376535
1059,6845,NEBRASKALAND TIRE SHOP,"I-80, EXIT 237 & US-283",Lexington,NE,330,2.999,40.780359,-99.742437
1060,6850,BROKEN WHEEL TRUCK STOP,"I-25, EXIT 135",Douglas,WY,790,3.759,42.755834,-105.379458
1062,6859,PRIME STOP,US-81,Norfolk,NE,470,3.229,42.036163,-97.429389
1063,6864,JJS TRUCK STOP,"I-30, EXIT 106",Malvern,AR,695,3.316,34.368338,-92.812842
1064,6869,TA WHEELING TRAVEL CENTER,"I-70, EXIT 11 & CR-41",Valley Grove,WV,165,3.529,40.506429,-80.605953
1065,6883,PILOT TRAVEL CENTERS #517,US- 22 & SR-322,Duncannon,PA,70,4.199,39.445474,-83.854496
1066,6885,GO MART FOOD STORE #31,"I-77, EXIT 95 & SR-61",Charleston                              ,WV,44,3.499,41.101114,-84.045152
1067,6886,PWI #535,"I-70, EXIT 47",Palisade,CO,800,3.379,39.109476,-108.358051
1068,6897,Speedee Mart #2890,US-20 & US-83,Valentine,NE,475,3.329,42.910327,-100.442387
1069,6901,PRIME STOP,US-275,Wisner,NE,470,3.259,41.960199,-96.963082
1070,6915,FLITE LINE SUNOCO,"I-95, EXIT 3",Portsmouth,NH,34,3.696,43.058708,-70.783285
1071,6927,TORCH 85 TRUCK PLAZA,"I-85, EXIT 42",Tuskegee,AL,720,3.272,32.424081,-85.696712
1073,6948,PILOT #4563,"I-8I, EXIT 77",Harrisburg,PA,70,3.869,40.264376,-76.881242
1074,6951,ARROWHEAD TRAVEL PLAZA,"I-84, EXIT 216 & SR 331,",Pendleton,OR,982,3.259,47.407796,-122.038276
1075,6954,BOLLA MARKET #198,SR-17MAHWA,Mahwah,NJ,115,3.586,41.08871,-74.14376
1076,6960,FLYING J TRAVEL PLAZA #761,"I-80 & US-189, EXIT 3",Evanston,WY,835,3.699,42.055391,-87.699931
1077,6961,LITTLE AMERICA,"I-80, EXIT 358 & I-25, EXIT 9 & US-30",Cheyenne,WY,795,3.709,41.110894,-102.951232
1078,6962,LITTLE AMERICA TRAVEL CENTER,"I-80, EXIT 68 & SR-374",Little America,WY,835,3.526,41.547333,-109.869448
1079,6963,Atlantis Fresh Market #553,"I-84, EXIT 1",Montague,NJ,120,3.509,41.30315,-74.7935
1080,6968,R STORE #4513,US-41,Fond Du Lac,WI,360,3.299,43.737854,-88.444993
1081,6970,TA Twin City East Travel Center,I-94  EXIT 4 & US-12,Hudson,WI,450,3.547,44.967196,-92.741726
1082,6971,KWIK TRIP #1013,"I-41, EXIT 57 & SR-167",Richfield,WI,444,3.391,47.378169,-122.242278
1084,6976,MOASIS TRUCK CENTER,US-41,Little Chute,WI,444,3.199,44.298047,-88.336564
1085,6980,TA MADISON TRAVEL CENTER,"I-90/I-94/I-39, EXIT 132 & US-51",De Forest,WI,420,3.839,43.250667,-89.350849
1086,6981,Kwik Trip #1197,"US-151, EXIT 26",Belmont,WI,335,3.564,42.77055,-90.36652
1087,6984,TA HURRICANE TRAVEL CENTER,"I-64, EXIT 39 & SR-34",Hurricane,WV,255,3.632,26.170294,-80.100072
1088,6986,LOVES TRAVEL STOP #448,"I-5, EXIT 136B, SR-509",Tacoma,WA,977,4.589,47.235357,-122.452504
1090,6987,One9 #965,"I-90, EXIT 109 & US-97",Ellensburg                              ,WA,977,3.859,47.977561,-122.209008
1093,6992,FLYING J #1169,"I-5, EXIT 99",Tumwater,WA,977,4.599,46.988326,-122.910976
1094,6994,FLYING J FRANCHISE #967,"I-90, EXIT 286",Spokane,WA,970,4.059,47.660011,-117.4058
1099,6999,SIMMONS TRAVEL CENTER,"I-85, EXIT 4 & SR-93/SR-903",Bracey,VA,180,3.099,36.575158,-78.109837
1100,7003,TA ASHLAND TRAVEL CENTER,"I-95, EXIT 92 & SR-54",Ashland,VA,180,3.642,28.194327,-82.593124
1101,7004,FRANKS TRUCKING CENTER,"I-264, EXIT 13B",Chesapeake,VA,130,3.449,36.673937,-76.302431
1103,7007,KUM & GO #0201,"I-80, EXIT 242",Coralville,IA,380,3.294,41.698072,-91.597163
1104,7013,ERNIES TRUCK PLAZA,"I-15, EXIT 112",Beaver,UT,910,3.399,38.362004,-113.235816
1105,7016,TA SALT LAKE CITY TRAVEL CENTER,"I-80, EXIT 99",Tooele,UT,835,3.769,40.535157,-112.302266
1106,7018,FLYING J TRAVEL PLAZA #746,"I-15 & I-80 SR 201, EXIT 305",Salt Lake City,UT,835,3.732,40.761715,-111.888539
1107,7023,TA AMARILLO WEST TRAVEL CENTER,"I-40, EXIT 74",Amarillo,TX,585,3.279,35.221849,-101.840963
1108,7037,SAMS TRUCK STOP,"I-10, EXIT 138",Van Horn,TX,640,3.999,31.040253,-104.831363
1109,7045,BUBBLE CITY TRUCK STOP,US-64,Farmington,NM,614,3.706,36.738958,-108.269079
1110,7051,PILOT #887,US-84 & US-180,Snyder,TX,575,3.246,32.719353,-100.914173
1111,7056,TA SWEETWATER TRAVEL CENTER,"I-20, EXIT 242",Sweetwater,TX,575,3.152,32.469748,-100.407036
1112,7058,YESWAY #1125,"I-27, EXIT 1C",Lubbock,TX,700,2.969,33.561746,-101.898472
1114,7064,SPEEDWAY #9804,"I-10, EXIT 25",El Paso,TX,640,3.416,31.818409,-106.488793
1115,7066,REFUEL #328,"I-35,  EXIT 204",San Marcos,TX,595,2.999,29.879991,-97.94095
1116,7072,TA ANTIOCH TRAVEL CENTER,"I-24, EXIT 62",Antioch,TN,460,3.506,36.35588,-86.25499
1117,7077,THE TENNESSEAN TRUCKSTOP,"I-65, EXIT 22 & US-31 ALT/SR-11",Cornersville,TN,460,3.799,35.386328,-86.872732
1118,7078,TA DENMARK TRAVEL CENTER,"I-40 & SR-138, EXIT 68",Denmark,TN,435,3.539,45.488194,10.152909
1119,7080,ONE9 #1422,"I-40, EXIT 197",Moriarty,NM,580,3.116,35.008493,-106.029269
1120,7082,Chevron,"I-65, EXIT 6",Ardmore,TN,460,3.599,35.00203,-86.854752
1121,7084,Holiday StationStore #2746500,US-12 & US-281,Aberdeen,SD,248,3.114,45.467033,-98.473914
1122,7087,PILOT #599,"I-90, EXIT 192 & I-90 BUS/US-83",Murdo,SD,506,3.799,34.928032,-78.011466
1123,7088,FLYING J FRANCHISE #931,"I-90, EXIT 61",Rapid City,SD,506,3.157,44.068767,-103.226164
1592,52441,PILOT #6990,"I-95, EXIT 106",Kenly,NC,205,3.709,35.59408,-78.124355
1127,7112,TA HARRISBURG TRAVEL CENTER,"I-81, EXIT 77 & SR-39",Harrisburg,PA,70,3.816,39.192685,-83.147726
1128,7116,TA MILESBURG TRAVEL CENTER,"I-80, EXIT 158",Milesburg,PA,14,4.049,40.941047,-77.788545
1129,7121,TA BLOOMSBURG TRAVEL CENTER,"I-80, EXIT 232",Bloomsburg,PA,138,3.957,41.000999,-76.449621
1130,7126,SAPP BROS TRAVEL CENTER,"I-80, EXIT 120",Clearfield,PA,14,3.899,41.021791,-78.438745
1131,7128,FLYING J #518,"I-78, EXIT 10 (PA 645)",Myerstown,PA,208,3.869,40.372661,-76.304375
1132,7129,TA BROOKVILLE TRAVEL CENTER,"I-80 EXIT 78, & SR-36",Brookville,PA,14,4.029,41.160078,-79.078967
1133,7131,TA BREEZEWOOD TRAVEL CENTER,"I-76 & US30, EXIT 161",Breezewood,PA,14,4.299,39.99925,-78.23862
1134,7132,Terrible Herbst dba/One9 #1395,"I-15, EXIT 12",Jean,NV,910,3.459,35.77887,-115.32388
1136,7136,TA LAMAR TRAVEL CENTER,"I-80, EXIT 173 & SR-64",Lamar,PA,14,4.036,41.011999,-77.529428
1137,7137,TA BARKEYVILLE TRAVEL CENTER,"I-80, EXIT 29 & SR-8",Harrisville,PA,165,4.044,40.794689,-77.858961
1138,7147,JUBITZ TRAVEL PLAZA,"I-5, EXIT 307",Portland,OR,935,3.859,45.533467,-122.650095
1139,7148,TA TROUTDALE TRAVEL CENTER,"I-84, EXIT 17",Troutdale,OR,935,3.932,45.533555,-122.395959
1140,7154,TA OKLAHOMA CITY WEST TRAVEL CENTER,"I-40, EXIT 140",Oklahoma City,OK,483,3.302,35.393761,-97.602513
1141,7156,TA OKLAHOMA CITY EAST TRAVEL CENTER,"I-40, EXIT 142",Oklahoma City,OK,483,3.301,35.393761,-97.602513
1142,7166,TA London Travel Center,"I-70 & US-42, EXIT 79",London,OH,315,3.492,35.712185,-78.624726
1143,7169,TA YOUNGSTOWN TRAVEL CENTER,"I-80 & SR 46, EXIT 223",Youngstown,OH,573,3.444,47.926099,-122.300145
1144,7170,TRUCK WORLD TRUCKSTOP,"I-80, EXIT 234",Hubbard,OH,573,3.259,41.168276,-80.567964
1145,7172,TA TOLEDO EAST TRAVEL CENTER,"I-80 & I-280, EXIT 71",Perrysburg,OH,550,3.781,39.211107,-84.694807
1146,7173,SPEEDWAY #9954,"SR-17, EXIT 66",Apalachin,NY,32,3.999,42.069818,-76.162865
1149,7179,JIMS TRUCK PLAZA,"I-90, EXIT 52E",Buffalo                                 ,NY,38,3.799,42.890831,-78.852918
1151,7180,TA HebronTravel Center,"I-70, EXIT 126 & SR-37",Hebron,OH,315,3.382,39.9617305,-82.4912676
1152,7183,TA KINGSVILLE TRAVEL CENTER,"I-90, EXIT 235 & SR-193",Kingsville,OH,305,3.882,41.890774,-80.6766179
1153,7184,TA JEFFERSONVILLE EAST TRAVEL CENTER,"I-71, EXIT 65 & SR-435 & US-35",Jeffersonville,OH,315,3.327,39.6536719,-83.5638094
1154,7189,S and R Truck Plaza,"I-94, EXIT 260",Jamestown,ND,390,3.586,46.910544,-98.708436
1155,7190,Tower Travel Center,"I-94, EXIT 307",Tower City,ND,341,3.516,46.922755,-97.673989
1156,7196,SALUDA TRUCK PLAZA,"I-26, EXIT 28",Saluda                                  ,NC,210,3.099,35.2362264,-82.3492839
1157,7197,7-ELEVEN #35115,"I-90, EXIT 42",Phelps,NY,190,4.049,42.973178,-77.010576
1159,7198,LOVES TRAVEL STOP #507,"I-85, EXIT 71",Salisbury,NC,46,3.511,35.665452,-80.476366
1160,7212,ONVO TRAVEL PLAZA,"I-90 & RTE 22, EXIT B-3",Canaan,NY,12,3.439,42.4118426,-73.4496088
1164,7215,TA FULTONVILLE TRAVEL CENTER,"I-90, EXIT 28",Fultonville,NY,12,4.039,42.9478357,-74.3699085
1165,7216,ONVO TRAVEL PLAZA - LOUNSBERRY,"SR-17, EXIT 63",Nichols,NY,220,3.399,42.031536,-76.314817
1167,7220,CUMBERLAND FARMS #001662,US-9W/SR-32,Glenmont,NY,12,3.799,42.604802,-73.7695658
1169,7222,TA SANTA ROSA TRAVEL CENTER,"I-40/US-54, EXIT 277 & US-84",Santa Rosa,NM,580,3.452,32.4409556,-104.2585331
1170,7225,LOVES TRAVEL STOP #329,US-60,Clovis,NM,593,4.089,34.399164,-103.209911
1171,7226,TA LAS CRUCES TRAVEL CENTER,"I-10, EXIT 139",Las Cruces,NM,640,3.141,32.3140354,-106.779807
1172,7227,NATIONAL TRUCK STOP,"I-10, VADO EXIT 155",Vado                                    ,NM,640,2.999,32.129239,-106.657072
1173,7228,MAVERIK COUNTRY STORE #638,"I-40, EXIT 159D & I-25/US-85, EXIT 227",Albuquerque,NM,580,3.207,35.0841034,-106.650985
1174,7229,TA GALLUP TRAVEL CENTER,"I-40, EXIT 16 & HWY 66",Gallup,NM,580,3.432,35.5283506,-108.743907
1175,7230,DEMING TRUCK STOP,"I-10, EXIT 81",Deming,NM,640,2.899,32.25478,-107.734343
1177,7234,TA BLOOMSBURY TRAVEL CENTER,"I-78/US-22, EXIT 7 & SR-173",Bloomsbury,NJ,115,3.791,40.6539892,-75.0865619
1178,7237,TA COLUMBIA TRAVEL CENTER,"I-80, EXIT 4 & SR-94",Columbia,NJ,115,4.099,40.9262077,-75.0926763
1179,7239,TA PAULSBORO TRAVELCENTER,"I-295, EXIT 18A",Paulsboro,NJ,150,3.999,39.830391,-75.2404608
1180,7240,Pilot Travel Centers #190,"I-78, EXIT 12 & US-22",Hampton                                 ,NJ,105,3.809,40.7070446,-74.9560032
1181,7244,TA LAS VEGAS TRAVEL CENTER,"I-15, EXIT 33",Las Vegas,NV,910,3.736,36.273909,-115.140547
1182,7248,WILD WILD WEST TRAVEL PLAZA,"I-15, EXIT 37",Las Vegas,NV,910,3.767,36.273913,-115.140702
1183,7263,FLYING J #904,"I-80, EXIT 107",Big Springs,NE,475,3.482,41.061381,-102.074349
1184,7264,TA GRAND ISLAND WEST TRAVEL CENTER,"I-80, EXIT 305",Alda,NE,330,3.169,40.8701915,-98.4674217
1185,7265,Fast Stop Travel Centers #1151,"I-80, EXIT 164 & CR-56C",Hershey,NE,475,3.499,41.1586455,-101.0023673
1186,7267,TA OGALLALA TRAVEL CENTER,"I-80, EXIT 126",Ogallala,NE,475,3.466,41.11527,-101.71573
1187,7268,SAPP BROS TRAVEL CENTER,"I-80, EXIT 440 & SR-50, EXIT 440",Omaha,NE,486,3.281,41.2587459,-95.9383758
1189,7282,ALLTOWN FRESH,"I-87, EXIT 17N & US-9",Fort Edward,NY,12,3.759,43.269161,-73.581215
1192,7285,SENECA ONE STOP,"SR-17, EXIT 20",Salamanca                               ,NY,38,3.309,42.1579214,-78.7151629
1193,7286,TA MISSOULA,"I-90, EXIT 96 & US-93",Missoula,MT,820,3.699,46.822486,-114.081238
1194,7288,TA LAUREL,"I-90, EXIT 437",Laurel,MT,780,3.612,45.6691159,-108.771532
1195,7289,TA STRAFFORD,"I-44, EXIT 88 & SR-125",Strafford,MO,535,3.366,37.2683803,-93.1171264
1196,7291,TA OAK GROVE TRAVEL CENTER,"I-70, EXIT 28",Oak Grove,MO,400,3.222,39.0048397,-94.1291914
1197,7293,TA Matthews Travel Center,"I-55, EXIT 58 & SR-80",Matthews,MO,574,3.206,36.7592218,-89.5867458
1198,7299,GASPERS - FAST LANE,"I-70, EXIT 148 & US-54",Kingdom City,MO,392,2.959,38.9427219,-91.9417153
1200,7310,AAA HOSPITALITY,"I-55, EXIT 220",Tillatoba,MS,435,2.784,33.98484,-89.86898
1201,7312,208 FUEL PLAZA,"I-70, EXIT 208",Belmont,OH,430,3.419,40.028304,-81.042541
1203,7323,TRUCKERS INN,"I-94/US-52, EXIT 127 & US-71",Sauk Centre,MN,453,3.226,45.7377454,-94.9523889
1204,7326,PETRO STOP #398,"I-35 & I-90, EXIT 11",Albert Lea,MN,515,4.099,43.6480127,-93.3682656
1205,7327,TA TEKONSHA,"I-69,EXIT 25 & SR-60",Tekonsha,MI,385,3.599,42.0933791,-84.9858051
1208,7331,SPEEDWAY #9266,US-52 & SR-234,Ironton,OH,255,3.699,38.5367471,-82.6829406
1209,7332,FLYING J #895,"I-75, EXIT 32A",Trenton,MI,325,3.559,42.1406552,-83.1800544
1214,7335,TA SAWYER TRAVEL CENTER,"I-94, EXIT 12",Sawyer,MI,465,3.699,42.2753169,-83.533131
1216,7337,TA BATTLE CREEK,"I-94, EXIT 104",Battle Creek,MI,385,4.039,42.3192548,-85.1824269
1220,7341,INTERSTATE TRAVEL PLAZA,"I-495, EXIT 14A & US-1",Wrentham,MA,175,3.699,42.0667652,-71.3281114
1221,7344,BEST QUICK STOP,US-1,Peabody,MA,178,3.616,42.5399381,-70.9499707
1222,7353,DYSARTS SERVICE,"I-95, EXIT 44",Bangor,ME,26,3.799,44.8016255,-68.7713289
1224,7357,TA SLIDELL TRAVEL CENTER,"I-10, EXIT 266 & US-190",Slidell,LA,725,3.154,30.2751945,-89.7811745
1225,7360,KINGS TRUCK STOP,ST 103,Port Barre                              ,LA,600,3.189,30.5224229,-91.9804172
1226,7364,Petro Stopping Center,"I-80, EXIT 226",Girard,OH,573,3.452,41.1540381,-80.7009406
1227,7370,TA SMITHS GROVE,"I-65, EXIT 38 & SR-101",Smiths Grove,KY,415,3.432,37.0525453,-86.2077608
1228,7371,One9 #392,"I-65, EXIT 81 & SR-84",Sonora,KY,415,3.196,37.524226,-85.8930192
1229,7372,TA WALTON #28,"I-75/I-71, EXIT 175 & SR-338",Walton,KY,300,3.002,38.8756194,-84.6102213
1230,7379,KEYSTOP TRAVEL CENTER,"I-65, EXIT 2 & US-31W",Franklin,KY,460,2.899,36.722263,-86.5772177
1231,7382,TA FLORENCE TRAVEL CENTER,"I-75, EXIT 181",Florence,KY,300,3.071,38.9989499,-84.6266111
1233,7387,TA Oakley,"I-70, EXIT 76 & US-40/US-83",Oakley,KS,525,3.649,39.1257566,-100.8683236
1234,7389,GO MART FOOD STORE #58,"I-77, EXIT 1 & SR-7",Marietta,OH,430,3.799,39.4167742,-81.4548392
1235,7396,7-ELEVEN #36180,US-20/SR-18,Monroeville,OH,550,3.614,41.270058,-82.819516
1236,7398,FLYING J #913,"I-80, EXIT 142 & US-65",Altoona                                 ,IA,320,3.356,41.6437308,-93.4696031
1238,7403,FUEL MART #714,"I-75, EXIT 168",North Baltimore                         ,OH,550,3.112,41.1828302,-83.6782668
1239,7406,PILOT TRAVEL CENTER #594,"I-29, EXIT 143",Sioux City,IA,527,3.606,42.4966815,-96.4058782
1241,7407,TA IOWA 80 TRAVEL PLAZA,"I-80, EXIT 284",Walcott,IA,270,3.902,41.6167,-90.78292
1242,7408,FRIENDSHIP FOOD MART #99,US-224 & SR-61/SR-598,Willard,OH,249,3.632,40.8613106,-82.7768952
1245,7412,PETRO STOPPING CENTER #374,"I-69, EXIT 245 & SR-28",Gaston,IN,457,3.536,40.3139311,-85.5005278
1246,7416,GOOD TO GO #40,"I-65, EXIT 215 & SR-114",Rensselaer,IN,290,3.201,40.9367045,-87.1508562
1247,7417,SKY CITGO,US-30 & SR-23,Grovertown,IN,365,3.499,41.3750434,-86.5047339
1248,7418,JJS TRAVEL PLAZA,US-31 & US-24,Peru,IN,370,3.444,40.7715426,-86.1281105
1249,7421,MIDLAND #1901,"I-70, EXIT 137 AT MILE 137",Cambridge City,IN,375,3.432,39.8129285,-85.1708971
1250,7425,Petro Brazil,"I-70,  EXIT 23",Brazil,IN,375,3.989,39.523652,-87.1250154
1251,7429,TA CLAYTON,"I-70, EXIT 59 & SR-39",Clayton,IN,375,3.939,39.6892129,-86.5224984
1252,7435,PETRO STOPPING CENTER #375,"I-65, EXIT 201 & US-231/US-24",Remington,IN,365,3.699,40.7658606,-87.1441593
1253,7436,TA WHITESTOWN,"I-65/US-52, EXIT 130",Whitestown,IN,375,3.571,39.9972626,-86.3458296
1254,7437,PETRO STOPPING CENTER #379,"I-74,  EXIT 143",Greensburg,IN,375,3.999,39.3372722,-85.483581
1255,7457,TA EFFINGHAM TRAVEL CENTER,"I-57 & I-70, EXIT 160",Effingham,IL,574,3.349,39.12032,-88.57033
1259,7459,TA Morris Travel Center,"I-80, EXIT 112 & SR-47",Morris,IL,290,3.849,41.3574135,-88.4215234
1260,7466,PILOT #595,"I-57, EXIT 54B & SR-13",Marion,IL,540,3.759,37.7306054,-88.9331256
1266,7471,ROAD RANGER #185,"I-55, EXIT 145 & US-136",Mc Lean,IL,280,3.349,40.265028,-89.191575
1269,7492,Mobil dba One9 #1365,"I-85, EXIT 70",Cusseta,AL,720,2.999,32.74624,-85.28105
1271,7495,RACETRAC #2574,"I-75, EXIT 237, SR-331 & US-41",Forest Park,GA,18,3.109,33.623011,-84.371078
1272,7504,TEXACO,"I-75, EXIT 306 & SR-140",Adairsville,GA,193,3.106,34.3683267,-84.9349057
1273,7506,CHAPMANS TRUCK STOP,"I-85 & SR-219, EXIT 13",Lagrange,GA,50,3.916,33.04207,-84.96938
1274,7523,EXPRESS STOP FOOD STORE #4644,"I-75, EXIT 181",Pinconning,MI,260,3.639,43.85417,-84.02056
1275,7533,TA WILDWOOD TRAVEL CENTER,"I-75, EXIT 329 & SR-44",Wildwood,FL,225,3.214,28.865286,-82.0394286
1276,7534,TA BALDWIN TRAVEL CENTER,"I-10, EXIT 343 & US-301",Jacksonville,FL,75,3.899,30.325196,-81.962936
1277,7535,GIANT #198,"I-4/SR-400, EXIT 7 & US-301/SR-41",Tampa,FL,225,3.257,27.9498292,-82.4516587
1278,7543,TA NEW HAVEN TRAVEL CENTER,"I-95, EXIT 56",Branford,CT,100,5.069,41.2827,-72.811532
1279,7545,CITGO,"I-95, EXIT 40",Milford,CT,100,3.399,41.2222218,-73.0570603
1280,7546,SHELL DBA PILOT DEALER #882,"I-95, EXIT 93 & SR-216",North Stonington,CT,73,4.299,25.5648341,-80.3414666
1282,7551,PWI #525,"I-70, EXIT 295",Watkins,CO,800,3.139,39.7443406,-104.6031986
1283,7552,TA DENVER WEST TRAVEL CENTER,"I-70, EXIT 266",Wheat Ridge,CO,800,3.416,39.766098,-105.0772063
1284,7553,BRUSH TRAVEL PLAZA,"I-76, EXIT 90B & SR-71",Brush,CO,800,3.699,40.2584914,-103.623473
1286,7611,LOVES TRAVEL STOP #167,"I-44, EXIT 83",Chickasha                               ,OK,483,3.166,35.0512159,-97.9370036
1287,7615,HOPI TRAVEL PLAZA CONOCO DBA ONE9 #1270,"I-40, EXIT 292",Holbrook,AZ,930,3.139,34.9037105,-110.1593261
1289,7617,TUCSON TRUCK TERMINAL,"I-10, EXIT 268",Tucson,AZ,980,3.222,32.2228765,-110.974847
1290,7622,COPAN TRUCK STOP,US-75,Copan                                   ,OK,307,3.119,36.9028047,-95.9155331
1291,7624,WILLCOX TRUCK PLAZA,"I-10, EXIT 340",Willcox,AZ,980,3.341,32.2529138,-109.8315759
1293,7627,DAVIS TRADING POST,"I-35, EXIT 55",Davis                                   ,OK,569,2.979,34.5034796,-97.1188924
1295,7635,TA MONTGOMERY TRAVEL CENTER,"I-65, EXIT 168 & US-80/US-82/SR-6/SR-8",Montgomery,AL,720,3.252,32.3777111,-86.3090775
1296,7636,PILOT TRAVEL CENTER #76,"I-20 & I-59, EXIT 76",Tuscaloosa,AL,615,2.999,33.2095614,-87.5675258
1298,7655,LOVES TRAVEL STOP #253,I-40 EXIT 7 & SR 30,Erick,OK,483,3.206,35.212709,-99.8690567
1299,7705,FLYING J TRAVEL PLAZA #610,"I-40, EXIT 53",Kingman,AZ,910,3.882,35.1895921,-114.0532996
1300,7708,PILOT TRAVEL CENTER #352,"I-75, EXIT 139",Fort Myers                              ,FL,225,3.799,26.640628,-81.8723084
1302,7715,LONDON AUTO TRUCK CENTER,"I-75, EXIT 41 & SR-80",London,KY,405,3.399,37.1283343,-84.0835576
1303,7718,MR FUEL #717,"I-44, EXIT 251",Villa Ridge,MO,540,3.016,38.4725525,-90.8868042
1304,7719,FLYING J TRAVEL PLAZA #674,"I-70, EXIT 188",Warrenton,MO,540,3.116,38.810751,-91.150268
1305,7721,TRAIL STAR TRUCK STOP,"ST 16, EXIT 213",Glendive,MT,807,3.459,47.10529,-104.71246
1306,7722,SAPP BROS TRAVEL CENTER,"I-80, EXIT 353 & US-81",York,NE,330,3.324,40.8680593,-97.5919166
1307,7724,FUEL MART #767,US-6 & US-23,Bradner,OH,550,3.407,41.323708,-83.417525
1308,7725,BELL STORES #48,US-30 & SR-94,Dalton,OH,249,3.386,40.7991618,-81.6953867
1309,7733,FLYING J TRAVEL PLAZA #723,"I-40, EXIT 76",Amarillo,TX,585,3.266,35.20729,-101.8371192
1310,7746,PILOT TRAVEL CENTER #888,"I-27, EXIT 74",Tulia,TX,585,3.341,34.5390629,-101.767781
1311,7753,LOVES TRAVEL STOP #166,SR-351,Muskogee,OK,560,3.337,35.747305,-95.387993
1312,7767,FLYING J TRAVEL PLAZA #759,"I-25, EXIT 7",Cheyenne,WY,795,3.709,41.132129,-104.787535
1314,7792,FLYING J TRAVEL PLAZA #630,"I-75/SR-401, EXIT 201 & SR-36",Jackson,GA,67,3.384,33.2945651,-83.9660209
1315,7798,CIRCLE K #2745100,"I-95, EXIT 7",Woodbine,GA,75,3.232,30.94607,-81.68622
1316,7825,PILOT TRAVEL CENTERS #356,"I-65, EXIT 121",Shepherdsville,KY,415,3.609,37.9190896,-85.6624258
1317,7838,PILOT #581,"US-52/SR-55, & 117TH ST, MM300",Inver Grove Heights,MN,515,3.579,44.8479039,-93.0428119
1318,7871,STRIPES 7FLEET #42454,"US-60, US-70 & US-84",Texico,NM,700,3.829,34.3928788,-103.047733
1319,7873,One9 #387,"I-80, EXIT 280 & SR- 278",Carlin                                  ,NV,835,3.439,40.713059,-116.1070877
1320,7886,PETRO STOPPING CENTER #357,"I-70, EXIT 156B & US-40",New Paris,OH,317,3.487,39.8569934,-84.7932918
1321,7930,I 24 TRUCK PLAZA,"I-24, EXIT 114 & US-41",Manchester,TN,460,3.099,35.4832001,-86.0887296
1323,7959,SPF #45,"I-25/US-87, EXIT 7 & US-212",Cheyenne,WY,795,3.226,41.139981,-104.820246
1324,8840,LOVES TRAVEL STOP #211,"I-35, EXIT 120",Oklahoma City,OK,483,3.256,35.4729886,-97.5170536
1325,8895,PAULS VALLEY TRAVEL CENTER,"I-35, EXIT 72  & SR-19",Pauls Valley,OK,569,2.999,34.7392055,-97.218509
1326,8927,LOVES TRAVEL STOP #219,"I-40, EXIT 200",Seminole,OK,560,3.362,35.2300087,-96.6762229
1327,8936,CIRCLE K #107,US-220 & CR-902,Ridgeway,VA,65,3.399,36.5768047,-79.8583721
1328,8948,PARK N PUMP CIRCLE C,"I-15, EXIT 222",Nephi,UT,835,3.449,39.7102336,-111.836321
1329,8961,FLYING J TRAVEL PLAZA #736,"I-20, EXIT 42 & US-285",Pecos,TX,710,3.466,31.4259988,-103.4944025
1330,8977,LOVES TRAVEL STOP #168,"I-44, EXIT 20",Walters                                 ,OK,253,3.194,34.361953,-98.355857
1331,8987,LOVES TRAVEL STOP #255,"I-40, EXIT 287 & SR-100",Webbers Falls,OK,645,3.789,35.5109296,-95.1299597
1332,9160,PILOT TRAVEL CENTERS #912,"I-80, EXIT 300 & SR-40D",Wood River,NE,330,3.282,40.821054,-98.600621
1333,9161,TREXLER PLAZA TRUCK STOP,I-78/US-22,Allentown,PA,160,3.632,40.5625712,-75.466665
1334,9206,CIRCLE K #4707005,US-2 & SR-4,Farmington,ME,170,3.899,44.6624979,-70.1497155
1335,9216,309 TRUCK STOP,SR-309,Coopersburg                             ,PA,90,3.759,40.5179314,-75.3871452
1336,9241,7-ELEVEN #40286,"I-76,  EXIT 23/312",Elverson,PA,160,3.889,40.1567641,-75.8327088
1337,9280,ONVO TRAVEL PLAZA - LAKEWOOD,"I-84, EXIT 20 & SR-507",Greentown,PA,200,3.546,41.321755,-75.3054585
1338,9289,ONVO EXPRESS,"I-81, EXIT 217 & SR-547",Harford,PA,200,3.609,41.7821907,-75.7010563
1339,9340,LANCASTER TRAVEL PLAZA,US-30,Ronks,PA,208,3.899,40.0262104,-76.168566
1341,9365,FLYING J TRAVEL PLAZA #713,"I-95, EXIT 181",Latta,SC,63,3.349,34.3371047,-79.4311616
1342,9381,SCOTT FUEL TRAVEL PLAZA,"I-81, EXIT 199",Dalton                                  ,PA,200,3.599,41.5342441,-75.7360253
1343,9382,PILOT TRAVEL CENTERS #286,"I-70, EXIT 10 & SR-127",Eaton,OH,317,3.462,39.7439398,-84.6364891
1344,9383,PILOT TRAVEL CENTERS #285,"I-70, EXIT 126 & SR-37",Hebron,OH,315,3.446,39.9617305,-82.4912676
1345,9386,PETRO STOPPING CENTER #325,"I-75,  EXIT 167",North Baltimore,OH,550,3.271,41.1828302,-83.6782668
1346,9403,PILOT TRAVEL CENTERS #280,"I-78, EXIT 7 & SR-173",Bloomsbury                              ,NJ,105,3.809,40.6539892,-75.0865619
1347,9415,7-ELEVEN #40287,"I-76, EXIT 24A/326",Wayne,PA,160,3.889,40.0440149,-75.3878616
1348,9423,PETRO STOPPING CENTER #318,"I-70, EXIT 148",Kingdom City,MO,540,3.057,38.9427219,-91.9417153
1349,9449,CORNER PANTRY #127,"I-26, EXIT 115 & US-321",West Columbia,SC,135,3.412,33.991869,-81.0640341
1351,9467,TA PORTER TRAVEL CENTERS,"I-94, EXIT 22B & US-20",Chesterton,IN,365,3.849,41.6107243,-87.0522661
1352,9468,TA LAKE STATION,"I-80 & I-94, EXIT 15B",Lake Station,IN,365,3.849,41.5750369,-87.2389246
1353,9469,TA EXPRESS COWPENS #477,"I-85, EXIT 83 & SR-110",Cowpens,SC,210,3.399,35.0167918,-81.8039916
1354,9485,PILOT TRAVEL CENTER #4559,"I-20, EXIT 26",Villa Rica,GA,18,3.389,33.72483,-84.90077
1356,9513,CIRCLE K #2705350,"I-20, EXIT 5 & US-25",North Augusta,SC,135,3.159,33.4943487,-81.9705909
1357,9525,SCOTCHMAN #3891,"I-77, EXIT 65 & SR-9",Richburg,SC,46,3.109,34.716394,-81.0189337
1358,9528,GO MART FOOD STORE #43,"I-64, EXIT 39 & SR-34",Teays,WV,44,3.499,38.4417571,-81.9529125
1359,9542,SPINX #266,"I-26, EXIT 104",Columbia,SC,135,3.132,34.05685,-80.940834
1360,9550,Mauston Interstate BP,"I-90/I-94, EXIT 69 & SR-82",Mauston,WI,420,3.227,43.7968543,-90.0756767
1363,9614,DITTYS,"I-90, EXIT 284 & SR-45",Kimball,SD,455,3.089,43.746665,-98.958426
1364,9618,FLYING J #477,US-75,Anna,TX,630,3.239,33.335795,-96.547348
1365,9638,PILOT TRAVEL CENTERS #62,"I-95, EXIT 170 & SR-327",Florence,SC,46,3.349,34.1984435,-79.7671658
1366,9668,COFFEE CUP FUEL STOP #4,"I-90, EXIT 310 & SR-281",Plankinton                              ,SD,455,3.027,43.714461,-98.485005
1367,9675,FLYING J TRAVEL PLAZA #722,"I-75 & I-40, EXIT 369",Knoxville,TN,405,3.439,35.9603948,-83.9210261
1368,9699,SPEEDWAY #9400,US-30/US-62 & SR-297,Canton,OH,249,3.369,40.7811256,-81.4119755
1369,9703,PILOT TRAVEL CENTERS #2,"I-90, EXIT 223 & SR-45",Austinburg                              ,OH,305,3.859,41.7720075,-80.8546999
1370,9712,TA GREENSBORO TRAVEL CENTER,"I-40 & I-85, EXIT 138 & SR-61",Whitsett,NC,65,3.997,36.0712466,-79.5644686
1371,9713,TA Express Vermillion #275,"I-29, EXIT 26 & SR-50",Burbank,SD,572,3.099,42.745276,-96.8292077
1373,9724,One9 #1339,"I-81,  EXIT 34",Parish,NY,190,3.799,43.408825,-76.059511
1374,9746,TA MILL CITY TRAVEL CENTER,"I-80, EXIT 151",Imlay,NV,966,3.794,40.6594711,-118.149015
1375,9747,GOOD TO GO TRAVEL CENTER,"I-80, EXIT 353 & US-81",York,NE,350,3.317,40.8680593,-97.5919166
1376,9763,DELUXE TRUCK STOP,SR-759,Saint Joseph,MO,400,3.149,39.7686055,-94.8466322
1377,9783,KANGAROO CROSSING #1101,"I-55, EXIT 144",Pickens                                 ,MS,705,3.099,32.8837433,-89.9714731
1378,9803,TA KNOXVILLE WEST TRAVEL CENTER,"I-40 & I-75, EXIT 369",Knoxville,TN,405,3.426,35.9603948,-83.9210261
1379,9808,TA ANN ARBOR TRAVEL CENTER,"I-94, EXIT 167",Dexter,MI,325,3.699,42.3372998,-83.8842
1383,9812,LEES FOOD MART #1398,"I-40, EXIT 398",Knoxville,TN,405,3.299,35.9603948,-83.9210261
1384,9818,CIRCLE K #4707002,"I-95, EXIT 157",Newport,ME,170,3.899,44.8353424,-69.2739365
1385,9821,PILOT TRAVEL CENTERS #52,"I-24, EXIT 64",La Vergne                               ,TN,460,3.472,36.0201984,-86.5779196
1386,9842,Petes #03,US-59 & US-54,Moran,KS,336,3.266,37.9215855,-95.1692031
1387,9843,MAPLE HILL TRUCK STOP,"I-70, EXIT 341",Maple Hill,KS,553,3.052,39.084722,-96.028047
1389,9855,PILOT TRAVEL CENTER #37,"I-65, EXIT 95",Whiteland,IN,375,3.959,39.5500485,-86.0797079
1391,9860,PARADISE AUTO TRUCK PLAZA,US-31,Rochester,IN,370,3.406,41.0120955,-86.1689264
1392,9862,PILOT TRAVEL CENTER #271,"I-80, EXIT 6",Gary,IN,365,3.829,41.6020962,-87.3370646
1394,9887,7-ELEVEN #40354,"I-95, EXIT 173",Palm Bay,FL,140,3.216,27.9946969,-80.6366144
1395,9941,FLYING J TRAVEL PLAZA #609,"I-10, EXIT 208-A",Eloy,AZ,930,3.452,32.7551703,-111.553493
1396,9945,CIRCLE K #2706690,"I-85/US-29, EXIT 62 & US-280/US-431/SR-38/SR-1",Opelika,AL,50,2.999,32.6454116,-85.3782795
1397,9959,FLYING J #876,"I-95, EXIT 104",Ruther Glen,VA,180,3.619,37.9408753,-77.4618647
1398,9962,STRIPES #40673,"I-45, EXIT 179",Mcallen,TX,639,3.289,26.204114,-98.2300605
1399,9971,TA DANSVILLE TRAVEL CENTER,"I-390 & COMMERCE, EXIT 5",Dansville,NY,190,4.499,42.5611258,-77.6961817
1400,9973,BOLLA MARKET,"I-287, EXIT 66",Mahwah,NJ,115,3.532,41.0887072,-74.1437552
1401,9990,JIMS  BEST STOP,US-45 & US-64,Selmer,TN,435,3.174,35.1604828,-88.5740082
1402,9995,LOVES TRAVEL STOP #411,"I-35 & I-80, EXIT 125 & US-6",Clive,IA,320,3.341,41.6096559,-93.7754644
1403,9997,Circle K #2723687,"I-20, EXIT 11 & US-27/SR-1",Bremen,GA,193,3.087,33.6888062,-85.1511834
1404,10006,FLINT HILLS FUEL MART,US-50 & US-77,Florence,KS,336,3.499,38.2400796,-96.9379371
1405,10007,CIRCLE K #2705346,SR-307,Savannah,GA,195,3.032,32.0790074,-81.0921335
1407,10015,Loves Travel Stop #429,"I-65 & I-24, EXIT 87",Nashville,TN,460,3.462,36.1622767,-86.7742984
1408,10020,Maplefields,"US-4, EXIT 2 & SR-22A",Fair Haven,VT,39,3.599,43.5947898,-73.2659674
1409,10024,MILLERS TRAVEL CENTER,US-6 & US-50,Wellington,UT,835,3.659,39.5424659,-110.735434
1410,10028,GOOD TO GO #10,US-35,Winamac,IN,290,3.914,41.0592047,-86.604608
1411,10030,LOVES TRAVEL STOP #715,I-77 EXIT 58 & SR-666 & US-52,Bastian,VA,185,3.597,37.1520626,-81.1500931
1412,10033,SHELL,"I-95, EXIT 133 & US-17 BUS",Fredericksburg,VA,180,3.256,38.3001159,-77.4571472
1414,10053,BECKS #27,"I-39/US-51, EXIT 72 & US-34",Mendota,IL,270,3.269,41.5472547,-89.1175852
1415,10057,Flying J Travel Plaza #649,"I-465, EXIT 4",Indianapolis,IN,375,3.899,39.861997,-86.0463409
1417,10058,CITGO,US-431/SR-1 & SR-27,Abbeville                               ,AL,10,3.399,31.5447267,-85.2872741
1418,10065,ROAD MART,US-71/US-59,Ashdown,AR,723,3.299,33.6233857,-94.0815792
1419,10077,FLYING J TRAVEL PLAZA #607,"I-55, EXIT 4 & I-40, EXIT 280",West Memphis,AR,435,3.151,35.1464797,-90.1845388
1420,10085,EL CENTRO TRAVEL CENTER,"I-8, EXIT 115 & SR-86",El Centro                               ,CA,900,4.499,32.792,-115.563051
1421,10101,PILOT TRAVEL CENTERS #65,"I-20, EXIT 194",Augusta                                 ,GA,135,3.859,33.4709714,-81.9748429
1423,10104,GEO H GREEN OIL,"I-85/SR-403, EXIT 41 & US-27 ALT",Newnan,GA,18,3.199,33.3806716,-84.7996573
1424,10109,GIT N GO CONVENIENCE STORE #34,"US-30, EXIT 185 & SR-14",Marshalltown,IA,320,3.119,42.048881,-92.9122672
1426,10116,Petro Stopping Center #359,"I-39/US-51, EXIT 99 & SR-38",Rochelle,IL,520,3.759,41.9239178,-89.0687074
1427,10122,LOVES TRAVEL STOP #417,"I-80 & I-94, EXIT 9A",Gary,IN,365,3.809,41.6020962,-87.3370646
1428,10126,PILOT TRAVEL CENTERS #152,"I-65, EXIT 16 & MEMPHIS RD",Memphis,IN,415,3.959,38.4833963,-85.7616319
1430,10128,PETES #20,US-54/SR-7 & US-69,Fort Scott,KS,307,3.199,37.84752468710256,-94.70251739992197
1431,10135,YESWAY #1116,"I-35, EXIT 60",Mcpherson,KS,434,3.259,38.3708415,-97.6642087
1432,10142,PILOT TRAVEL CENTERS #438,"I-65, EXIT 6 & SR-100",Franklin,KY,415,3.169,36.722263,-86.5772177
1433,10144,PILOT TRAVEL CENTERS #358,"I-24 & US-305, EXIT 3",Paducah,KY,490,3.699,37.0833893,-88.6000478
1434,10146,PILOT TRAVEL CENTERS #437,"I-75, EXIT 11 & SR-92",Williamsburg,KY,410,3.609,36.7434169,-84.1596561
1435,10150,PILOT TRAVEL CENTERS #300,"I-12, EXIT 40",Hammond,LA,725,3.232,30.501623,-90.46711
1437,10157,J AND  H OIL,"US-131, EXIT 72",Byron Center,MI,344,3.599,42.78438,-85.668365
1439,10161,SPEEDWAY #8740,"I-69, EXIT 87",Dewitt,MI,342,3.759,42.8424784,-84.5697965
1442,10172,EXPRESS STOP FOOD STORE #4647,"I-75, EXIT 151 & SR- 81",Saginaw,MI,260,3.399,43.4200387,-83.9490365
1443,10181,QUIKTRIP #611,I-55 EXIT 178,Herculaneum,MO,540,2.991,38.2683879,-90.3801201
1445,10192,INTERSTATE STATION #8,"I-55, EXIT 78                 ",Natchez                                 ,MS,760,3.399,31.5604076,-91.403171
1446,20000,BIG BOYS TRUCK STOP,"I-95, EXIT 105",Kenly,NC,205,3.299,35.5959363,-78.1240031
1447,20003,PILOT #7976,"I-77, EXIT 42",Troutman,NC,46,3.659,35.7005832,-80.8882314
1448,20006,CENEX C STORE,US-52,Kenmare,ND,452,3.467,48.674748,-102.082664
1449,20009,BIG SPRINGS TRUCK AND TRAVEL,"I-80, EXIT 107",Big Springs,NE,475,3.074,41.061381,-102.074349
1450,20011,CUBBYS #111,US-81,Norfolk,NE,470,3.209,41.9821617,-97.4240351
1451,20012,FLYING J TRAVEL PLAZA #686,"I-80, EXIT 432",Gretna,NE,319,3.282,41.1469269,-96.2390053
1452,20014,SIMONS EXIT 16,"I-89, EXIT 16",Enfield                                 ,NH,39,3.499,43.6446871,-72.1435861
1453,20019,SUNOCO,"I-295, EXIT 2C & SR-140",Penns Grove,NJ,150,3.459,39.7295581,-75.4679734
1454,20024,LOVES TRAVEL STOP #259,"I-10 & AIRPORT RD, EXIT 132",Las Cruces,NM,640,3.214,32.3140354,-106.779807
1455,20027,LOVES TRAVEL STOP #262,"I-40, EXIT 333",Tucumcari,NM,585,3.889,35.1719425,-103.72504
1456,20028,MORTONS TRUCK STOP,"I-15, EXIT 46",North Las Vegas,NV,910,3.399,36.2005191,-115.1214745
1457,20031,FLYING J TRAVEL PLAZA #770,"I-80, EXIT 176",Winnemucca                              ,NV,966,3.777,40.9724295,-117.734802
1458,20033,LOVES TRAVEL STOP #772,"I-86 & SR-17, EXIT 37",Bath,NY,190,4.489,42.336124,-77.316289
1459,20036,SMOKIN JOES,I-90 EXIT 24,Sanborn                                 ,NY,38,3.699,43.136723,-78.8847611
1460,20042,FLYING J TRAVEL PLAZA #700,I-80 & I-90 EXIT 71,Perrysburg,OH,550,3.759,41.5571178,-83.6279321
1461,20043,FRIENDSHIP FOOD MART #70,SR-2 & SR-53,Port Clinton,OH,550,3.939,41.5119954,-82.9376919
1462,20045,PILOT TRAVEL CENTERS #281,"I-80, EXIT 226",Girard,OH,573,3.452,41.1540381,-80.7009406
1463,20049,LOVES TRAVEL STOP #263,"I-44, EXIT 45 & SR-49",Lawton,OK,569,3.217,34.6051975,-98.3952279
1465,20054,Jacksons Food Stores,"I-84, EXIT 261",La Grande,OR,925,3.687,45.3246068,-118.0878695
1466,20062,PILOT TRAVEL CENTERS #298,"I-80, EXIT 256 & SR-93",Drums,PA,200,3.976,41.018139,-75.9949252
1467,20066,KWIK FILL #228,"I-90, EXIT 45 & US-20",North East,PA,240,4.089,42.2150373,-79.8358415
1468,20070,ONVO TRAVEL PLAZA - PROMISED LAND,"I-84, EXIT 26 & SR-390",Tafton,PA,200,3.546,41.404534,-75.1829535
1469,20072,PILOT TRAVEL CENTERS #310,"I-85, EXIT 63 & SR-290",Duncan,SC,210,3.432,34.9378962,-82.1451096
1470,20079,PETRO KINGSTON SPRINGS #349,"I-40, EXIT 188",Kingston Springs,TN,460,3.232,36.1020038,-87.1150054
1471,20082,GOLDEN EXPRESS TRUCK STOP,US-287/US-81 & CR-1595,Alvord,TX,637,3.049,33.3546786,-97.7034049
1472,20083,FLYING J TRAVEL PLAZA #724,"I-10, EXIT 0",Anthony                                 ,TX,640,3.459,31.49489,-95.480571
1473,20086,LOVES TRAVEL STOP #609,"I-35, EXIT 471 & US-77",Denton,TX,630,3.247,33.215038,-97.1330431
1474,20105,CEFCO #1050,"I-30, EXIT 146 & US-37",Mount Vernon,TX,723,2.942,33.1890841,-95.2214564
1476,20109,PILOT TRAVEL CENTERS #306,"I-10, EXIT 582",San Antonio                             ,TX,740,3.214,29.4246002,-98.4951405
1477,20114,CROSSROADS,"I-10, EXIT 829 & SR-124",Winnie                                  ,TX,610,4.249,29.8202205,-94.3840777
1478,20118,KWIK TRIP #648,"I-94, EXIT 116 & SR-54",Black River Falls,WI,395,3.237,44.2952152,-90.8484137
1479,20119,FREMONT CITGO,US-10 & SR-110,Fremont,WI,444,3.399,47.6196046,-122.1938089
1480,20121,GO MART FOOD STORE #50,"I-77/I-64, EXIT 44 & SR-3",Beckley,WV,44,3.599,37.7781702,-81.1881557
1481,20129,FLYING J #848- ROAD KING TRUCK,"HIGHWAY 2, EXIT 251",Calgary,AB,50,4.397,37.7089412,-122.4161799
1487,44228,I-69 TRUCKSTOP TRAVEL CENTER,"I-69, EXIT 184 & SR-19",Memphis,MI,342,3.599,42.8964179,-82.7688135
1490,52040,REBEL TRUCK STOP,"I-5, EXIT 27",Kalama,WA,935,4.499,46.0085225,-122.84247
1491,52048,PILOT TRAVEL CENTERS #302,"I-10, EXIT 13 & CR-30",Theodore,AL,715,3.199,30.5476941,-88.1752796
1493,52052,EXPRESSWAY MOBIL,US-63 & US-167,El Dorado,AR,635,3.599,33.1926668,-92.6392128
1494,52065,76 DBA ONE9 #1415,"I-75, EXIT 49",Lake Panasoffkee,FL,225,3.172,28.7865172,-82.1290284
1495,52067,PETRO STOPPING CENTER #322,"I-285, EXIT 12",Atlanta,GA,18,3.446,33.7544657,-84.3898151
1497,52081,MCCLURE OIL #9,US-31 & SR-18,Kokomo,IN,375,3.839,40.4125172,-86.0984701
1498,52085,RUSSELL 24/7,"I-70, EXIT 184",Russell,KS,357,3.007,38.8916536,-98.8601141
1499,52088,CASEYS #4459,"I-64, EXIT 265",Mayfield,KY,490,3.249,36.7413418,-88.6355497
1500,52089,SHELL,US-84 & SR-28,Jonesville,LA,719,3.399,31.6220168,-91.8118943
1501,52090,SHOP A LOTT #10,"I-49, EXIT 138 & SR-6",Natchitoches                            ,LA,766,3.126,31.7606732,-93.0860209
1502,52099,BEACON & BRIDGE #7,"I-75, EXIT 126",Mount Morris,MI,342,3.379,43.118637,-83.694958
1503,52103,SPRINT MART #27,US-45 & US-72,Corinth,MS,435,3.056,34.915745,-88.5422872
1504,52104,BLUE SKY #734,SR-1,Saltillo                                ,MS,435,3.082,34.371958,-88.818041
1506,52107,PILOT #7983,"I-85,  EXIT 71",Salisbury,NC,46,3.499,35.665452,-80.476366
1507,52112,SROKAS SERVICE CENTER,SR-149,Fort Ann,NY,12,3.799,43.478165,-73.547828
1510,52128,Sudden Service #8087,I-40 EXIT 238,Lebanon,TN,460,3.199,36.2079779,-86.2910945
1511,52140,Sinclair,"I-82, EXIT 69",Sunnyside,WA,925,4.599,46.3246419,-120.0081898
1512,52142,PILOT TRAVEL CENTERS #296,"I-94 & BAKER RD, EXIT 167",Dexter,MI,325,3.499,42.3323225,-83.8872527
1516,52143,One9 #319,"I-75, EXIT 328",Dalton,GA,285,3.016,34.7691867,-84.9702475
1517,52145,Pilot Travel Center #318,"I-465/I-74/US-52/US-40/SR-67, EXIT 4 & SR-37",Indianapolis,IN,375,3.899,39.7125784,-86.3019549
1520,52149,PILOT TRAVEL CENTERS #321,"I-75/71, EXIT 175 & SR-338",Walton,KY,300,3.086,38.8756194,-84.6102213
1521,52150,PILOT TRAVEL CENTERS #311,"I-90, EXIT 27 & SR-97",Erie,PA,240,4.216,42.1294712,-80.0852695
1522,52152,PILOT TRAVEL CENTERS #308,"I-80 , EXIT 310",Laramie,WY,795,3.609,41.27768,-104.689648
1526,52155,TA SOUTHINGTON TRAVEL CENTER,"I-84, EXIT 28 & US-65",Milldale,CT,100,5.199,41.5661372,-72.8999672
1527,52163,PILOT TRAVEL CENTER #67,"I-75, EXIT 296",Cartersville,GA,18,3.566,34.1652304,-84.7997613
1529,52212,FLYING J TRAVEL PLAZA #763,"I-80, EXIT 209",Rawlins,WY,795,3.749,41.7907878,-107.239176
1530,52221,FLYING J TRAVEL PLAZA #726,"I-20, EXIT 472",Dallas,TX,630,3.182,32.94918,-96.468093
1531,52222,FLYING J TRAVEL PLAZA #735,"I-10, EXIT 873 & SR-62",Orange,TX,610,3.309,30.0929879,-93.7365549
1532,52230,ONE9 #294,"I-15 & I-84, EXIT 344 SR-39",Ogden                                   ,UT,835,3.326,41.255172,-111.864098
1533,52233,SPEEDWAY #2953,"US-80, EXIT 3",Yuma,AZ,900,3.466,32.7254216,-114.6198088
1534,52235,PETRO STOPPING CENTER #303,"I-80, EXIT 310",Laramie,WY,795,3.576,41.27768,-104.689648
1535,52236,CHEVRON,US-60,Globe,AZ,930,4.299,33.4199904,-110.8081049
1536,52239,PILOT TRAVEL CENTER #192,"I-75, EXIT 60",Tifton,GA,10,3.619,31.4549719,-83.5108284
1539,52250,PILOT TRAVEL CENTERS #222,I-84 EXIT 1,Sturbridge,MA,215,4.159,42.1084385,-72.0807772
1540,52255,GREATER CHICAGO I 55,"I-55, EXIT 267 & SR-53",Bolingbrook,IL,290,3.609,41.7003302,-88.0717708
1542,52262,CIRCLE K #2721577,US-84 & SR-21,Monroeville,AL,715,3.434,31.4691088,-87.3444775
1543,52278,NEIGHBORS EXPRESS,US-25/SR-121/SR-23/SR-67,Millen                                  ,GA,135,3.382,32.772741,-81.976008
1544,52297,IGA EXPRESS SHELL #874,"I-65, EXIT 20",Bowling Green,KY,460,2.999,36.947145,-86.462503
1545,52299,415 TRUCK STOP,"I-10, EXIT 151 & SR-415",Port Allen,LA,600,3.089,30.45335,-91.2100569
1546,52302,LONGHORN TRUCK AND CAR PLAZA,"I-10, EXIT 4",Vinton                                  ,LA,690,3.274,30.207435,-91.824932
1547,52304,Fast Stop,"I-10, EXIT 182 & SR-22",Sorrento,LA,600,3.699,30.1843642,-90.8592632
1550,52322,BOLLA MARKET,"I-95, EXIT 13",Elizabeth,NJ,115,3.099,40.6639916,-74.2107006
1552,52325,MIRABITO #69,"I-88, EXIT 15 & SR-23",Oneonta,NY,12,3.999,40.785553,-76.867181
1553,52326,MR FUEL #715,"I-70, EXIT 203",Foristell,MO,540,2.926,38.8150501,-90.955972
1554,52334,KWIK TRIP #775,"I-90, EXIT 69 & SR-82",Mauston,WI,420,3.287,43.7968543,-90.0756767
1555,52335,SHELL,"I-295, EXIT 3",Disputanta,VA,180,3.029,37.1243164,-77.2258062
1556,52340,KWIK FILL #249,US-22,Duncansville,PA,14,4.072,40.42183,-78.439657
1557,52344,STAMART 1224,"I-94, EXIT 166",Bismarck,ND,273,3.616,46.808327,-100.783739
1558,52346,QUARLES #4436,"I-695, EXIT 41 & SR-151",Dundalk                                 ,MD,22,3.699,39.2574114,-76.5236745
1559,52348,SHELL,"I-75, EXIT47 & SR-85",Detroit,MI,325,3.699,42.3315509,-83.0466403
1560,52361,PAYLESS FUEL TRAVEL CENTER,"I-20, EXIT 470",Dallas,TX,630,2.986,32.94918,-96.468093
1561,52363,SPEEDWAY #2376,US-131 & SR-46,Cedar Springs,MI,456,3.899,43.2277044,-85.5730119
1562,52364,PILOT TRAVEL CENTERS #335,"I-20 & SR-137, EXIT 138",Rayville,LA,760,3.212,32.4746949,-91.7568292
1563,52365,MOORES SUPER STORE,US-43/US-278/SR-171,Hamilton,AL,615,3.799,34.1420861,-87.9890206
1564,52366,ALMA TRAVEL MART,"I-40, EXIT 13 & US-71",Alma,AR,645,3.332,35.488704,-94.23041
1565,52367,DOSWELL TRUCK STOP,"I-95, EXIT 98 & SR-30",Doswell,VA,180,2.899,37.8601402,-77.4641492
1566,52383,FLYING J TRAVEL PLAZA #601,"I-20/I-59, EXIT 104",Mc Calla,AL,615,3.171,34.370555,-87.674752
1567,52384,PILOT TRAVEL CENTERS #337,"I-95, EXIT 164 & US-52",Florence,SC,46,3.349,34.1984435,-79.7671658
1568,52385,Flying J Travel Plaza #696,"I-71, EXIT 131",Sunbury,OH,315,3.719,40.2425623,-82.8590673
1569,52387,MARATHON,"I-55, EXIT 265 & SR-4",Senatobia,MS,435,3.199,34.6187807,-89.9646282
1570,52388,FLYING J TRAVEL PLAZA #711,"I-85, EXIT 102",Blacksburg,SC,46,3.429,35.1212409,-81.5159246
1571,52393,CASEYS #3004,SR-15 & CR-52,Truman,MN,425,3.299,43.8277419,-94.4389338
1572,52400,PILOT TRAVEL CENTERS #324,"I-94/US-41, EXIT 329",Franksville,WI,444,3.889,42.76002,-87.91341
1573,52401,LOVES TRAVEL STOP #267,"I-40, EXIT 107 & SR-95",Morrilton,AR,695,3.361,35.154026,-92.7429266
1574,52402,FLYING J TRAVEL PLAZA #665,"I-20, EXIT 3 & SR-79",Greenwood,LA,745,3.146,32.4435212,-93.9749081
1575,52403,FLYING J TRAVEL PLAZA #676,"I-10, EXIT 31",Gulfport,MS,733,3.146,30.3674198,-89.0928155
1576,52404,PETRO WELLS,"I-80, EXIT 352",Wells,NV,835,3.732,41.1107264,-114.963144
1577,52405,FLYING J TRAVEL PLAZA #636,"I-80, EXIT 292",Davenport                               ,IA,270,3.872,41.5224692,-90.5756401
1578,52411,SAPP BROS TRAVEL CENTER,"I-215, EXIT 21",Salt Lake City,UT,835,3.399,40.7596198,-111.886797
1579,52413,PILOT TRAVEL CENTERS #360,"I-75 & SR-613, EXIT 164",Findlay                                 ,OH,411,3.316,41.0413873,-83.6503982
1580,52414,Mobil dba ONE9 #1341,"I-5, EXIT 208",Arlington,WA,977,3.799,48.1896827,-122.1288887
1581,52421,SHEETZ #194,"I-80, EXIT 97",Falls Creek,PA,14,3.307,41.1414445,-78.8057471
1582,52422,KWIK TRIP #674,"I-94, EXIT 45 & US-12/SR-29",Menomonie,WI,295,3.499,44.9075696,-91.8540341
1583,52423,PILOT TRAVEL CENTER #908- TOWN PUMP,"I-15 & I-90, EXIT 122",Butte,MT,816,3.566,46.0131505,-112.536508
1584,52426,J MART #322,"I-65, EXIT 322",Falkville,AL,615,3.199,34.3684295,-86.908616
1586,52428,PILOT TRAVEL CENTERS #338,"I-26, EXIT 115 & US-321",West Columbia,SC,135,3.499,33.991869,-81.0640341
1587,52430,CHEVRON FOOD MART,"I-75, EXIT 350 & SR-2",Ringgold,GA,285,2.859,34.91591,-85.1091173
1588,52431,WOODBINE TRAVEL CENTER,"I-95, EXIT 14",Woodbine,GA,75,3.032,30.9638429,-81.7226063
1589,52435,CM WINNERS CHOICE,"I-10 & SR-108, EXIT 23",Sulphur,LA,690,3.299,30.21604,-93.32543
1590,52438,NEW MADRID,"I-55, EXIT 52/SR-P",New Madrid,MO,275,3.269,36.5865383,-89.5282564
1591,52439,CIRCLE K #2723395,US-11,Hattiesburg,MS,620,3.199,31.2586327,-89.3381783
1595,52454,PILOT TRAVEL CENTERS #6,"I-70, EXIT 178 & SR-209",Cambridge,OH,315,3.509,40.0247143,-81.5900711
1596,52455,LOVES TRAVEL STOP #266,"I-35, EXIT 32",Ardmore,OK,253,3.649,34.1729273,-97.1309119
1597,52456,PILOT TRAVEL CENTERS #317,"I-44, EXIT 4 (ST 435)",Joplin,MO,277,3.412,37.0841838,-94.5133385
1598,52458,PILOT TRAVEL CENTERS #332,"I-40, EXIT 161 & SR-391",North Little Rock,AR,695,3.239,34.769536,-92.2670941
1600,52461,FLORENCE VALERO,US-130,Burlington                              ,NJ,160,3.136,40.077342,-74.849847
1601,52463,PILOT TRAVEL CENTERS #341,"I-15, EXIT 48",North Las Vegas,NV,910,3.696,36.2005191,-115.1214745
1602,52464,7-ELEVEN #40118,ST 220 & I-180,Muncy,PA,138,4.359,41.1900648,-76.7728035
1603,52465,FLYING J TRAVEL PLAZA #605,"I-40, EXIT 84",Russellville,AR,695,3.369,35.2784173,-93.1337856
1605,52467,FLYING J TRAVEL PLAZA #712,"I-20, EXIT 70",Columbia,SC,135,3.432,34.044165,-80.846323
1606,52468,FLYING J TRAVEL PLAZA #703,"I-40, EXIT 140",Oklahoma City,OK,483,3.309,35.4729886,-97.5170536
1607,52469,LOVES TRAVEL STOPS #269,US-287/US-82/SR-79 & US-281,Wichita Falls,TX,770,3.149,33.9004572,-98.5020777
1609,52470,QUIKTRIP #562,"I-80, EXIT 136",Des Moines,IA,320,3.047,41.654352,-93.50034
1610,52471,FLYING J TRAVEL PLAZA #695,"I-75, EXIT 135",Beaverdam,OH,411,3.331,40.8329922,-83.9742825
1611,52472,FLYING J TRAVEL PLAZA #708,"I-81, EXIT 52",Carlisle,PA,70,4.109,40.207281,-77.226739
1612,52473,FLYING J TRAVEL PLAZA #743,"I-15, EXIT 222",Nephi,UT,835,3.716,39.7102336,-111.836321
1613,52474,PILOT TRAVEL CENTERS #17,"I-94, EXIT 104",Battle Creek,MI,406,3.959,42.3192548,-85.1824269
1616,52477,PETRO FARGO #361,"I-94, EXIT 348",Fargo,ND,341,3.499,46.877229,-96.789821
1617,52478,LOVES TRAVEL STOP #418,"I-64, EXIT 172",Grayson,KY,255,3.756,38.334074,-82.940243
1618,52479,PETRO CARNESVILLE #377,"I-85, EXIT 160",Carnesville,GA,16,3.154,34.37483,-83.25793
1619,52480,LOVES TRAVEL STOP #268,US6-9 & US-75,Atoka,OK,253,3.489,34.392697,-96.12597
1620,52482,KING TRAVEL PLAZA,"I-95, EXIT 6",Kingsland,GA,75,3.109,30.7919,-81.65927
1622,52484,KWIK STAR #303,"I-80, EXIT 201 & US-21",Brooklyn,IA,380,3.129,41.7286464,-92.4455938
1623,52493,10 ACRE TRUCKSTOP,"HWY-401, EXIT 53B & HWY 1",Belleville,ON,420,3.458,38.827928,-86.871326
1629,52510,Valero,SR-9,Maysville                               ,KY,312,3.599,38.6474569,-83.7644793
1630,52511,JOES JUNCTION #9,"I-65, RAYMOND EXIT",Indianapolis,IN,375,3.459,39.7683331,-86.1583502
1631,52512,LOVES TRAVEL STOPS #270,"I-20, EXIT 349",Ranger,TX,575,3.189,32.4705727,-98.6808223
1633,52513,FLYING J TRAVEL PLAZA #678,"I-20 & I-55, EXIT 47",Pearl,MS,760,3.149,32.2735792,-90.127881
1634,52514,FLYING J TRAVEL PLAZA #671,"I-55, EXIT 58",Matthews,MO,275,3.239,36.7592218,-89.5867458
1635,52516,FLYING J TRAVEL PLAZA #612,"I-40, EXIT 255",Winslow,AZ,930,3.624,35.0241984,-110.6973463
1637,52520,DANDY MINI MART #19,"ROUTE 17, EXIT 59-A",Sayre,PA,190,3.992,41.9789631,-76.515499
1638,52527,PETRO STOPPING CENTER #323,"I-75, EXIT 368",Reddick,FL,225,3.352,29.3666393,-82.1973184
1639,52528,QUIKTRIP #150,"I-70, EXIT 28",Oak Grove,MO,400,2.959,39.0048397,-94.1291914
1640,52529,BIG SKY TRUCK STOP,"I-15, EXIT 56 N",Dillon,MT,786,3.689,45.2141249,-112.6346079
1641,52531,FLYING J FUEL STOP #768,"I-435, EXIT 57",Kansas City,MO,400,3.382,39.1727771,-94.488587
1642,52534,LEES FOOD MART #1122,"I-75, EXIT 122 & SR-61",Clinton,TN,405,2.969,36.1034126,-84.1318632
1643,52535,PWI #115,"I-45, EXIT 178",Buffalo,TX,765,2.899,31.030974,-98.326329
1644,52537,TA Express Osseo #431,"I-94, EXIT 88",Osseo,WI,448,3.469,44.5772777,-91.2228203
1645,52539,PILOT TRAVEL CENTERS #331,"I-285 , EXIT 51",Atlanta,GA,18,3.599,33.7544657,-84.3898151
1647,52541,PANTRY TRUCKSTOP,US-2/US-41,Rapid River,MI,360,3.499,45.9258415,-86.9845094
1651,52546,CIRCLE K #2723910,US-84 & US-27,Bainbridge,GA,20,3.599,30.89116,-84.568147
1652,52548,Henderson Fuel Mart,"I-80, EXIT 342",Henderson                               ,NE,350,2.899,40.82112,-97.807
1653,52549,SPEEDWAY #3328,"I-77, EXIT 159 A",Cleveland,OH,305,3.799,41.4996574,-81.6936772
1654,52550,PILOT TRAVEL CENTERS #404,"I-24, EXIT 81 SE",Murfreesboro,TN,460,3.472,35.8460396,-86.3921096
1655,52551,PILOT TRAVEL CENTERS #374,"I-10, EXIT 142 & SR-71",Marianna,FL,20,3.599,30.7743596,-85.2268735
1657,52552,FLYING J TRAVEL PLAZA #672,"I-49/US-71, EXIT167 & CR-J",Peculiar,MO,400,3.422,38.7145481,-94.4611204
1658,52553,FLYING J TRAVEL PLAZA #689,"I-40, EXIT 153",Albuquerque,NM,580,3.549,35.0841034,-106.650985
1659,52557,SPRINT MART #40,US-72 & SR-247,Tuscumbia,AL,615,3.189,34.7318811,-87.7028627
1660,52558,LOVES TRAVEL STOP #271,"I-40, EXIT 37 & US-219",Ozark,AR,695,3.392,35.4888029,-93.831516
1662,52563,FLYING J TRAVEL PLAZA #631,"I-75, EXIT 2",Lake Park,GA,20,3.322,30.679665,-83.222679
1663,52564,FLYING J TRAVEL PLAZA #669,"I-44, EXIT 11A & US-71/SR-249 & SR-FF",Joplin,MO,277,3.412,37.0841838,-94.5133385
1664,52565,PILOT TRAVEL CENTERS #377,"I-35, EXIT 13",Laredo,TX,693,3.599,27.555445,-99.497722
1665,52566,YUMM,"I-35, EXIT 8",Laredo,TX,598,2.876,27.5079211,-99.5069834
1666,52575,PILOT TRAVEL CENTERS #775,"I-15, EXIT 4",Saint George,UT,910,3.676,37.050267,-113.559923
1667,52577,PILOT TRAVEL CENTER #329,"I-29 & I-80, EXIT 1B",Council Bluffs,IA,319,3.659,41.258841,-95.8519484
1669,52580,LOVES TRAVEL STOP #405,"I-95, EXIT 29",Brunswick,GA,75,3.321,31.13976,-81.58205
1671,52581,TA WILLCOX TRAVEL CENTER,"I-10, EXIT 340",Willcox,AZ,980,3.282,32.2529138,-109.8315759
1672,52582,JRs Oasis,SR-50,Yankton,SD,572,3.149,42.8712938,-97.3967011
1673,52585,SUPERPUMPER #22,"I-94, EXIT 42",Belfield,ND,807,3.529,46.8852906,-103.1996219
1674,52587,PILOT TRAVEL CENTERS #380,"I-81, EXIT 25 & I-90, EXIT 36",Liverpool,NY,220,4.159,43.106456,-76.217705
1675,52588,STRIPES #42564,US-87,Lubbock,TX,700,3.199,33.396712,-101.814306
1676,52590,FLYING J TRAVEL PLAZA #661,"I-65, EXIT 2 & US-31W",Franklin,KY,415,3.169,36.722263,-86.5772177
1934,61102,FAST LANE #54,US-63,Columbia,MO,310,3.207,38.8995793,-92.283144
1678,52594,PILOT TRAVEL CENTERS #348,"I-70, EXIT 32B",Bentleyville,PA,165,4.109,40.1167387,-80.0083855
1679,52595,7-ELEVEN #40281,"I-476,  EXIT 35/95",Jim Thorpe,PA,90,3.589,40.8636074,-75.7386948
1680,52597,7-ELEVEN #40278,"I-81, EXIT 44 & I-76",Plainfield,PA,70,3.967,40.203143,-77.2899837
1681,52598,7-ELEVEN #40283,"I-76, EXIT 19/247",Middletown,PA,70,3.971,36.7324856,-119.7873293
1683,52601,LOVES TRAVEL STOP #236,"I-40, EXIT 161 & SR-391",North Little Rock,AR,695,3.221,34.769536,-92.2670941
1684,52602,7-ELEVEN #40277,"I-76, EXIT 16/226",Newburg,PA,70,4.299,40.70315,-75.32962
1685,52603,CASEYS #3364,US-281 & SR-200,Carrington,ND,341,3.439,47.44972,-99.126224
1686,52605,PILOT TRAVEL CENTER #39,"I-57, EXIT 335",Monee,IL,290,3.559,41.42698,-87.75949
1691,52607,PILOT TRAVEL CENTERS #409,"I-40, EXIT 172",Dickson                                 ,TN,460,3.192,36.0766534,-87.3870096
1692,52608,PILOT #7971,"I-40, EXIT 133",Conover,NC,46,3.699,35.7065004,-81.2184383
1693,52610,TA HARBORCREEK TRAVEL CENTER,"I-90, EXIT 35",Erie,PA,240,4.199,42.1294712,-80.0852695
1694,52611,STRIPES #40530,SR-239,Del Rio,TX,740,3.229,29.355319,-100.917395
1695,52612,STRIPES 7FLEET #42568,US-60 & CR-G,Hereford,TX,700,3.351,34.8245521,-102.398778
1697,52616,PILOT TRAVEL CENTER #28,I-69 EXIT 234,Daleville,IN,457,3.649,40.1211546,-85.5580301
1699,52618,PILOT TRAVEL CENTERS #63,"I-85, EXIT 35",Piedmont,SC,30,3.222,34.7023389,-82.4645714
1700,52620,GOODLAND 24/7 STORE,"I-70, EXIT 19",Goodland,KS,525,3.087,39.37213,-101.72583
1701,52621,CORNER MARKET #111,"I-70, EXIT 27",Goodland,KS,525,3.059,39.3433971,-101.7279687
1702,52622,STRIPES 7FLEET #42567,I-20,Stanton,TX,700,3.016,32.1410781,-101.780247
1703,52623,TA WILLINGTON TRAVEL CENTER,"I-84, EXIT 71",Willington,CT,100,5.199,41.8757947,-72.2642761
1704,52624,PILOT TRAVEL CENTERS #390,"I-84, EXIT 188 & US-395",Stanfield,OR,982,3.469,45.7804098,-119.217235
1706,52626,FLYING J TRAVEL PLAZA #627,"I-95/SR-405, EXIT 29 & US-82/US-17/SR-25/SR-520",Brunswick,GA,75,3.396,31.1499528,-81.4914894
1707,52628,One9 Pride #1215,"I-10, EXIT 45",Salome,AZ,930,3.379,33.7811491,-113.6147146
1709,52629,LOVES TRAVEL STOPS #413,"I-90, EXIT 106 & US-97",Ellensburg,WA,977,3.889,46.9970635,-120.545122
1713,52630,PILOT TRAVEL CENTERS #386,"I-5, EXIT 263",Salem,OR,935,3.859,44.917382,-123.031352
1714,52632,LOVES TRAVEL STOP #451,"I-65, EXIT 95 & CR-500",Whiteland,IN,375,3.949,39.5500485,-86.0797079
1715,52633,PILOT TRAVEL CENTERS #57,"I-40 & I-85, EXIT 152",Mebane,NC,65,3.959,36.0959715,-79.2669619
1716,52634,PETRO STOPPING CENTER #362,"I-80, EXIT 353",York,NE,330,3.299,40.8214,-97.59755
1717,52635,E EXPRESS at MLK,"I-40 & I-35, EXIT 127",Oklahoma City,OK,483,2.889,35.4729886,-97.5170536
1718,52636,LOVES TRAVEL STOP #414,"I-64, EXIT 25B & US-41",Haubstadt,IN,340,3.949,38.2050442,-87.5741876
1719,52638,STRIPES 7FLEET #42555,"I-20, EXIT 80 & SR-18",Monahans,TX,710,2.929,31.5890519,-102.8861902
1720,52640,SPEEDWAY #8316,US-30 & US-41,Dyer,IN,290,3.649,41.494808,-87.47228
1721,52641,PILOT TRAVEL CENTERS #71,"I-95, EXIT 109",Port Wentworth,GA,195,3.372,32.191622,-81.20065
1723,52642,One9 #61,"I-26, EXIT 52 & SR-56",Clinton,SC,30,3.099,34.4726277,-81.8806562
1724,52643,Minit Mart #3,HIGHWAY 277 & FM 1589,Eagle Pass,TX,693,3.199,28.709211,-100.4992936
1726,52646,FLYING J TRAVEL PLAZA #619,"I-70, EXIT 285",Aurora,CO,800,3.392,39.666015,-104.867305
1727,52647,FLYING J TRAVEL PLAZA #699,"I-70, EXIT 122",Millersport,OH,315,3.446,39.9000639,-82.534048
1728,52648,Stripes #42566,US-67 & SR-158,Ballinger,TX,612,3.056,31.7411047,-99.9530698
1729,52649,FLYING J TRAVEL PLAZA #623,"I-10, EXIT 192 & US-90",Midway,FL,20,3.799,32.7667059,-117.2256983
1730,52651,TA NEW BRAUNFELS TRAVEL CENTER,"I-35, EXIT 193",New Braunfels,TX,740,3.449,29.7028266,-98.1257348
1731,52652,PILOT TRAVEL CENTERS #47,"I-275, EXIT 129",Georgetown,KY,410,3.206,38.2099837,-84.5597128
1732,52656,TRAVELING TIGER CENTER,"I-10, EXIT 87",Sierra Blanca,TX,640,3.156,31.1778312,-105.357627
1733,52658,LOVES TRAVEL STOP #274,"I-40, EXIT 221 & SR-27",Okemah,OK,560,3.356,35.4325854,-96.3050064
1734,52659,LOVES TRAVEL STOP #276,"I-10, EXIT 20",Lordsburg,NM,640,3.457,35.687701,-105.941435
1735,52661,LOVES TRAVEL STOP #281,"I-35 WEST, EXIT 40",Fort Worth,TX,630,3.187,32.958873,-97.043618
1736,52663,EXXON,"I-20/I-59, EXIT 17 & SR-28",Livingston,AL,705,2.979,32.5841595,-88.1872828
1737,52664,PETRO STOPPING CENTER #378,I-81 EXIT 178B,Pittston,PA,200,4.166,41.3259134,-75.7893604
1739,52669,COLUMBIA TRUCK STOP,US-46,Columbia,NJ,115,3.079,40.9173036,-75.0822779
1740,52674,FLYING J TRAVEL PLAZA #738,"I-20/FM707, EXIT 277",Tye,TX,575,3.124,32.4545421,-99.8685101
1741,52675,PILOT TRAVEL CENTER #907- TOWN PUMP,"I-94, EXIT 138",Miles City                              ,MT,780,3.499,46.39445,-105.82222
1742,52676,PILOT TRAVEL CENTERS #336,"I-80, EXIT 97 & US-219",Du Bois,PA,14,4.034,41.123215,-78.756436
1743,52678,STRIPES 7FLEET #42433,US-277,Bronte,TX,739,3.474,31.8912606,-100.289985
1744,52679,LOVES TRAVEL STOP #404,"I-295, EXIT 56 & I-95, EXIT 7",Bordentown,NJ,150,3.979,40.1462685,-74.7114508
1745,52680,PILOT TRAVEL CENTER #91,"I-95, EXIT 329",Saint Johns,FL,75,3.424,29.913888,-81.41394
1747,52683,PILOT TRAVEL CENTER #145,"I-40/US-71/US-62, EXIT 72 AND US-412",Springdale,AR,416,3.463,36.1671108,-94.1284748
1749,52684,KWIK STAR #348,US-30/US-67,Clinton,IA,270,3.624,41.8265742,-90.2041011
1751,52686,LOVES TRAVEL STOP #278,"I-40, EXIT 277",Joseph City,AZ,930,3.607,34.9558585,-110.3339982
1752,52687,LOVES TRAVEL STOP #286,"I-10, EXIT 17",Quartzsite,AZ,930,3.949,33.6669903,-114.21681
1753,52690,LOVES TRAVEL STOP #415,"I-95 & OKEECHOBEE RD, EXIT 129",Fort Pierce,FL,95,3.506,27.4241434,-80.369947
1754,52691,PILOT TRAVEL CENTERS #312,"I-20/SR-402, EXIT 5 & SR-100",Tallapoosa,GA,18,3.449,33.7442912,-85.2879889
1756,52692,PILOT TRAVEL CENTER #249,"I-70/I-55, EXIT 18 & SR-162",Troy                                    ,IL,540,3.699,38.7292147,-89.8831541
1763,60084,SUNSTOP #625,US-84,Ashford,AL,20,3.599,31.1712007,-85.2221089
1764,60106,SUNSTOP #619,US-84,Daleville,AL,720,3.399,31.2966754,-85.7215283
1765,60114,SUNSTOP #606,US-84/SR-167,Enterprise,AL,20,3.699,31.2983884,-85.7845275
1767,60145,OCS QUICK STOP,US-43/SR-13,Mount Vernon                            ,AL,715,3.699,31.0978406,-88.0120337
1768,60147,HOP-IN FOOD STORES,US-82 & SR-22,Maplesville,AL,720,3.399,32.7627818,-86.8758552
1769,60191,PILOT #1180,"I-10, EXIT 94",Tonopah,AZ,930,3.899,33.290477,-112.613467
1771,60206,TA EXPRESS #649,"I-25, EXIT 52",Walsenburg,CO,796,4.259,37.625526,-104.782072
1772,60208,BERKSHIRE PETROLEUM,"I-91, EXIT 9",North Haven,CT,100,3.549,41.3909305,-72.859545
1773,60220,ZELLWOOD TRUCK STOP,US-441,Zellwood,FL,140,3.499,28.7298898,-81.6025791
1774,60224,SUNSTOP #419,US-19,Camilla,GA,20,3.499,31.2249677,-84.1980139
1775,60226,CIRCLE K #2723903,US-82 & SR-520,Dawson,GA,20,3.499,31.7735001,-84.4465827
1776,60229,96 TRAVEL PLAZA,"I-16, EXIT 24",Jeffersonville                          ,GA,85,3.399,32.6876606,-83.3470598
1777,60230,CIRCLE K #2745152,US-19,Pelham,GA,20,3.499,31.12535,-84.15424
1778,60242,KWIK STAR #711,US-18/US-52,Monona,IA,565,3.624,43.0817045,-91.562654
1779,60243,PETRO MART,"I-29, EXIT 112",Onawa,IA,527,3.157,42.02665,-96.13224
1781,60248,METRO,"I-95, EXIT 12",Avenel                                  ,NJ,115,3.299,40.5427875,-74.3101639
1782,60250,ELIZABETH TRUCK STOP,"I-95, EXIT 13A & SR-81",Elizabethport,NJ,115,3.399,40.6501031,-74.1870888
1783,60255,HUCKS FOOD & FUEL #186,US-51/CR-1450 & US-136,Heyworth,IL,368,3.479,40.3254004,-88.989277
1785,60256,BOLLA MARKET,"I-84, EXIT 1",Montague,NJ,115,3.519,41.30315,-74.7935
1786,60270,CHUCKLES #27,SR-57,Washington                              ,IN,340,3.339,38.646254,-87.1730419
1787,60273,24-7,"I-70, EXIT 53 & SR-25",Colby,KS,525,3.056,39.3959655,-101.0526881
1788,60280,JUMP START #9,"I-35, EXIT 4",South Haven,KS,570,3.069,37.049727,-97.4013324
1789,60282,CRVS #7,SR-96 & SR-27,Tribune,KS,525,3.399,38.4697378,-101.752672
1791,60295,EXIT 80 TRAVEL PLAZA,"I-10, EXIT 80",Crowley                                 ,LA,730,3.109,30.23548,-92.38541
1792,60298,BEAU CHENE TRUCK STOP,"I-49, EXIT 11",Grand Coteau,LA,730,3.399,30.4199203,-92.0465087
1793,60313,WHITE MARSH TRUCK STOP,US-40,White Marsh                             ,MD,22,3.369,39.3884,-76.453729
1794,60316,CIRCLE K #4707001,"I-95, EXIT 264 & SR-158",Sherman,ME,170,3.932,45.8727797,-68.3866057
1795,60324,FUEL MART OF AMERICA,"I-75, EXIT 59",Detroit                                 ,MI,325,3.499,42.3315509,-83.0466403
1796,60326,SUNRISE CONVENIENCE STORE #29,"I-69, EXIT 184                ",Memphis                                 ,MI,325,3.559,42.8964179,-82.7688135
1798,60328,SPEEDWAY #8748,"I-69, EXIT 6",Flint,MI,342,3.339,43.0161693,-83.6900211
1799,60329,CHARLIES COUNTRY CORNER,"I-75, EXIT 271",Grayling,MI,287,3.899,44.661517,-84.714637
1801,60333,LAKESHORE BP,US-2,Manistique,MI,287,3.499,45.9641436,-86.2088478
1802,60341,SNAPPY FOOD MART,ST 60,Tekonsha,MI,431,3.589,42.0933791,-84.9858051
1803,60342,True North #254,US-31 & SR-37,Traverse City,MI,456,3.789,44.7688293,-85.6344023
1805,60344,DORR TRUCK STOP,"US-131, EXIT 68",Wayland,MI,344,3.499,42.722156,-85.670641
1807,60358,PETRO SERVE USA #54,US-10,Glyndon,MN,341,3.449,46.8769922,-96.589332
1808,60372,FLYING W CONVENIENCE STORE,SR-96,Carthage                                ,MO,277,3.199,37.167921,-94.308992
1809,60373,FLYING J #571,"I-57, EXIT 12 & US-60",Charleston,MO,490,3.559,36.919585,-89.320816
1810,60374,PILOT TRAVEL CENTERS #385,US-54 & SR-13,Collins                                 ,MO,416,3.496,37.8911552,-93.6201211
1811,60379,FAST LANE #50,US-54/SR-19,Laddonia,MO,540,3.157,39.2499067,-91.6452751
1812,60380,AMOCO,US-63/US-136,Lancaster,MO,320,3.249,40.5225275,-92.544157
1813,60382,WINDSTARS #5101,"I-435, EXIT 57",Kansas City,MO,400,3.099,39.1727771,-94.488587
1814,60383,CASEYS #4399,"I-70, EXIT 175",New Florence,MO,392,2.949,38.9103198,-91.4482167
1815,60392,Kangaroo Crossing #1107,"I-20, EXIT 68 & SR-43",Pelahatchie,MS,705,3.199,32.3132159,-89.7989402
1817,60400,CAN AM C STORE,SR-16,Plentywood,MT,807,3.499,48.77475,-104.562458
1818,60416,MINUTEMAN FOOD MART #20,US-74 & US-76,Whiteville                              ,NC,245,3.461,34.3217345,-78.703148
1819,60420,PUMP & PANTRY #35,US-183,Alma,NE,330,3.459,40.0925022,-99.3716483
1820,60426,BONS BONS MOBIL,US-3,Merrimack,NH,125,3.699,42.778656,-71.494102
1821,60434,ENRITE,US-9,Linden,NJ,79,3.342,40.6112209,-74.2575809
1822,60442,Circle K #4706716,SR-71 & SR-47,Yorkville,IL,290,3.799,41.6411409,-88.4472948
1825,60460,HAHN OIL,US-36,Coshocton                               ,OH,315,3.299,40.28255,-81.873695
1826,60461,TRUE NORTH #704,"I-75, EXIT 56A",Dayton                                  ,OH,317,3.799,39.7589478,-84.1916069
1827,60463,Anna Truck Stop,"I-75, EXIT 99",Anna,OH,411,3.016,40.3948773,-84.1729332
1828,60465,MOTOMART #4129,ST 309,Marion                                  ,OH,411,3.342,40.5886259,-83.1287349
1829,60471,FUEL MART #701,"I-480/I-271, EXIT 23 & SR-8",Bedford,OH,305,3.529,41.39311,-81.536509
1830,60473,BELL STORES #50,ST 3,Wooster,OH,249,3.599,40.7980976,-81.9397733
1831,60476,PETES #11,US-75,Dewey,OK,560,3.154,36.853456,-95.935224
1832,60508,FEGLEY VALERO,SR-309,Tamaqua,PA,90,3.599,40.7974296,-75.9696186
1833,60513,CIRCLE K #2723873,US-17,Georgetown,SC,42,2.899,38.2099837,-84.5597128
1835,60516,ENMARKET #892,"I-95, EXIT 150",Harleyville,SC,195,3.399,33.2146069,-80.4478745
1836,60519,CORNER PANTRY #25,US-14,Huron,SD,571,3.079,44.371175,-98.2559718
1837,60538,TEXACO #380031,ST 21W,Bryan,TX,765,3.399,30.6743643,-96.3699632
1838,60539,SHELL,US-96 & SR-62/FM-1004,Buna,TX,610,3.102,30.4264179,-93.983416
1839,60540,CIRCLE K #2706340,"I-20, EXIT 533",Canton,TX,630,2.776,32.5386046,-95.861812
1841,60554,CEFCO #2070,"I-27, EXIT 49",Plainview,TX,700,2.832,34.1847936,-101.706841
1842,60565,CEFCO #2006,"I-40, EXIT 163",Shamrock,TX,585,3.099,35.2142167,-100.249007
1844,60587,BJS AUTO TRUCK PLAZA,SR-28,Rock Island,WA,970,4.099,47.3770731,-120.143952
1846,60589,RIVER COUNTRY PLAZA,"SR-29, EXIT 91",Cadott,WI,295,3.397,44.9480187,-91.1507031
1847,60590,DARLINGTON MINI MART,SR-23 & SR-81,Darlington,WI,420,3.399,42.6802288,-90.1178079
1848,60601,HOLIDAY STATIONSTORE #2746229,US-53/US-2,Superior,WI,545,3.339,46.734478,-92.095837
1849,60635,EXXON ON THE RUN,US-62/US-412 & SR-126,Gassville                               ,AR,535,3.695,36.2866601,-92.5047484
1850,60650,SHELL DBA ONE9 #1244,"I-8, EXIT 115",Gila Bend,AZ,930,3.259,32.9476184,-112.7144993
1852,60700,PWI #502,"I-70/US-40, EXIT 259",Golden,CO,800,3.199,39.7546349,-105.22058
1853,60707,REATA TRAVEL STOP,"I-76, EXIT 125",Sterling,CO,800,3.399,40.6255415,-103.207709
1854,60708,CRVS STORE #6,US-385,Wray,CO,800,3.449,40.0876603,-102.2286552
1855,60762,BP,US-1 & US-341,Baxley,GA,195,3.599,31.7773202,-82.3490533
1857,60773,NEIGHBORS EXPRESS,US-341/SR-27 & US-129 ALT/SR-340,Hawkinsville,GA,20,3.399,32.2835422,-83.4667907
1858,60779,Marathon,US-129,Eatonton                                ,GA,85,3.399,33.296992,-83.384994
1859,60781,JP PERRY,"I-75, EXIT 138",Perry                                   ,GA,85,3.082,32.4586695,-83.7319658
1860,60783,CIRCLE K #2723324,US-441/US-23/SR-15 & SR-17A/SR-385,Clarkesville,GA,16,3.439,34.6125971,-83.5248933
1861,60787,MARATHON,"I-20, EXIT 11",Lithia Springs,GA,48,2.872,33.7939953,-84.6604899
1862,60788,SPRINT FOODS #722,US-1/SR-4/SR-17 & SR-24,Louisville                              ,GA,85,4.099,33.0015407,-82.4112377
1863,60791,MARATHON #9,"I-475, EXIT 1",Macon,GA,85,3.039,32.825945,-83.659064
1864,60795,CIRCLE K #2745080,US-319/US-129/SR-90/SR-11,Ocilla,GA,10,3.626,31.5943567,-83.2504328
1865,60797,EVANS FOOD MART,SR-20,Rome,GA,193,3.699,34.227093,-85.160742
1866,60804,JET FOOD STORE #4,US-1 & SR-78,Wadley,GA,135,3.416,32.8668223,-82.4040162
1868,60817,KWIK STAR #712,US-218 & SR-27,Janesville,IA,565,3.599,42.6464613,-92.4629005
1869,60822,CASEYS #3639,US-18/US-52,Postville,IA,420,3.599,43.0046714,-91.3191004
1870,60829,BARRY TRAVEL PLAZA,"I-72, EXIT 20",Barry,IL,540,3.599,39.6942135,-91.0390246
1871,60833,SPEEDWAY #5400,CR-11 & CR-23,Bloomingdale,IL,290,3.759,41.9575285,-88.0809036
1872,60834,SPEEDWAY #7422,SR-43,Burbank,IL,293,3.619,41.741406,-87.7686078
1873,60839,FREEDOM OIL #18,"I-74, EXIT 82",Edwards,IL,270,3.499,40.7742,-89.75288
1879,60851,SPEEDWAY #7382,I-355 & SR-64,Lombard,IL,293,3.249,41.8864687,-88.0201536
1882,60857,RED ROOSTER TERMINAL,US-50/SR-250 & SR-130,Olney,IL,510,3.189,38.7141598,-88.1115884
1888,60865,Truckquest,"I-55, EXIT 286",Cicero,IL,290,3.599,41.8455398,-87.7540199
1890,60871,WENONA BP,"I-39/US-51, EXIT 35 & SR-17",Wenona                                  ,IL,280,3.499,41.0525331,-89.0503587
1891,60881,GAS AND STUFF,"I-64, EXIT 118",Georgetown                              ,IN,415,3.799,38.2945488,-85.975447
1892,60882,SPEEDWAY #6666,US-33,Goshen,IN,465,3.816,41.6246328,-85.9036075
1893,60887,STERNBERG CITGO TRUCK STOP,"I-64, EXIT 57",Jasper                                  ,IN,340,3.759,38.3914228,-86.9308719
1894,60890,JACK FLASH,I-57 EXIT 135,Farina,IL,510,3.099,38.8342128,-88.7722761
1896,60900,7-ELEVEN #40504,"I-80/I=90, MM 56 EB",Rolling Prairie,IN,465,3.999,41.6745495,-86.6160192
1897,60902,SPEEDWAY #6674,"I-80/I-90, EXIT 72 & SR-31",South Bend,IN,465,3.691,41.6833813,-86.2500066
1898,60913,J Mart #1,"HWY 50 E, HWY 83 N",Garden City,KS,525,3.529,37.9716898,-100.8726618
1899,60926,CENEX,US-36 & US-83,Oberlin,KS,525,3.159,39.8306157,-100.534221
1900,60958,NORTH WEST TRUCK STOP,US-90 & SR-3211,Franklin,LA,600,3.399,29.7925517,-91.5006704
1901,60979,TOBACCO PLUS #5,"I-10, EXIT 4 & US-90",Vinton,LA,690,2.999,30.197435,-93.58208
1903,60989,Blandford Service Plaza Westbound,"I-90, EXIT MM29",Blandford,MA,215,3.919,42.1806065,-72.9279125
1904,60993,GULF #5165,"I-90, EXIT 12",Framingham,MA,34,4.066,42.2773177,-71.4165905
1905,60997,GULF OIL #5035,I-90 MM 66.7,Ludlow,MA,215,3.914,42.1589979,-72.4803259
1906,60998,GULF OIL #5030,"I-90, EXIT 7",Ludlow,MA,215,3.909,42.1589979,-72.4803259
1907,61004,Applegreen,SR-15,Sturbridge,MA,215,3.999,42.071149,-72.09863
1908,61006,GULF OIL LP #5155,"I-90, EXIT 11",Westborough                             ,MA,215,3.909,42.2694308,-71.6129907
1910,61021,WESTOVER GOOSE CREEK,US-13 & SR-673,Westover                                ,MD,194,3.259,38.12401,-75.70632
1911,61028,MARATHON,"US-10, EXIT 137",Bay City,MI,260,3.259,43.5962107,-83.8881711
1913,61030,HAGGERTY JOY MOBIL,I-275,Canton                                  ,MI,325,3.699,42.3235471,-83.4385428
1914,61032,MARATHON,US-10/US-127,Clare,MI,260,3.289,43.833041,-84.750938
1916,61034,MOTOR CITY TRUCK STOP,"I-75, EXIT 43",Detroit                                 ,MI,325,3.499,42.3315509,-83.0466403
1917,61037,HEARTLAND MOBIL,US-23,Fenton,MI,342,3.849,42.8221052,-83.7281991
1918,61038,SPEEDWAY #8753,"I-475, EXIT 4",Burton,MI,342,3.399,42.9897333,-83.6335032
1922,61042,CITGO,"US-131, EXIT 44",Kalamazoo,MI,465,3.499,42.373422,-85.655494
1923,61057,CIRCLE K #2746537,US-2 & US-41,Rapid River                             ,MI,360,3.499,45.9264949,-86.9531191
1927,61063,PS Food Mart,I-69 EXIT 25,Tekonsha,MI,431,3.589,42.0933791,-84.9858051
1929,61076,Holiday StationStore #2746408,"I-35, EXIT 129",Forest Lake,MN,448,3.399,45.279106,-92.9851629
1930,61080,CO-OP SERVICE,US-10 & CR-67,New York Mills,MN,250,3.499,46.5180469,-95.3763155
1932,61093,CIRCLE K #2746501,"I-90, EXIT 45 & SR-60",Worthington,MN,432,3.142,43.6205056,-95.5956434
1933,61099,LOVES TRAVEL STOP #488,"I-55, EXIT 157 & SR-32",Bloomsdale,MO,540,3.382,38.0094981,-90.2178964
1937,61111,Caseys #4540,"I-35, EXIT 40 & SR-116",Lathrop,MO,400,3.076,39.5483015,-94.3290727
1938,61115,BREAK TIME #3071,US-24 & US-63,Moberly,MO,310,3.469,39.4596817,-92.4348757
1939,61118,MIDWEST PETROLEUM #21,"I-55, EXIT 129",Perryville,MO,275,2.991,37.7275127,-89.8645455
1940,61145,TEXACO,US-49 & US-98,Hattiesburg,MS,620,3.199,31.2612672,-89.282838
1941,61146,STUCKEYS EXPRESS #619,"I-59, EXIT 113 & SR-528",Heidelberg                              ,MS,620,3.499,31.8868224,-88.9839419
1942,61149,CEFCO #501,US-45,Lauderdale,MS,705,2.899,32.529863,-88.5122939
1943,61168,Blue Sky #717,US-72 & SR-15,Walnut,MS,435,3.099,34.9518965,-88.905494
1944,61171,CHEVRON CURB STORE,US-49 & SR-26,Wiggins,MS,620,3.499,30.8470106,-89.152027
1945,61176,TOWN PUMP FOOD STORE #8947,US-2,Chinook,MT,815,3.629,48.5960476,-109.2467766
1946,61182,TOWN PUMP FOOD STORE #3000,US-87,Lewistown,MT,815,3.599,47.0556223,-109.4434968
1948,61195,MINUTEMAN FOOD MART #06,SR-24,Clinton,NC,245,3.649,34.9979453,-78.3233325
1949,61205,SPEEDWAY #6961,"I-40, EXIT 303",Garner,NC,177,2.921,35.7112642,-78.6141709
1950,61210,SHEETZ #548,US-29,Greensboro,NC,65,2.859,36.0126164,-79.8371687
1951,61254,7-ELEVEN #36075,"I-77, EXIT 65 & SR-901",Union Grove,NC,46,2.859,35.66516,-76.6091
1952,61266,CENEX CONVENIENCE STORE,US-2 & SR-19,Devils Lake,ND,355,3.249,48.112779,-98.86512
1953,61269,FLYING J #489,"I-29, EXIT 138",Grand Forks,ND,341,3.616,47.9252104,-97.0306325
1954,61271,MARATHON,"I-94, EXIT 292",Valley City,ND,341,3.499,46.923313,-98.003155
1955,61291,FLEMING OIL FOOD MART,ST 9,West Chesterfield,NH,12,3.899,42.8963992,-72.5232818
1956,61292,ENRITE,"I-95, EXIT 14A",Jersey City,NJ,115,3.349,40.7215682,-74.047455
1958,61304,A Plus MOLLY PITCHER PLAZA #7011,MILE POST 71.7 NJ TURNPIKE SO,Cranbury,NJ,115,3.909,40.026627,-74.818028
1959,61305,BP,US-130,Cranbury,NJ,150,3.146,40.3230328,-74.5075244
1960,61308,CARLSTADT VALERO,SR-120,Carlstadt,NJ,115,3.199,40.8403778,-74.0906974
1961,61312,BLUE STAR,US-202 & SR-31,Flemington                              ,NJ,115,3.399,40.5031655,-74.8527029
1962,61326,SUNOCO JAMES F COOPER PLAZA- #7008,MILEPOST 39 NJ TURNPIKE N,Mount Laurel,NJ,150,3.959,39.9562259,-74.920709
1963,61328,KW RASTALL OIL,US-130,North Brunswick,NJ,115,3.199,40.4527398,-74.4590098
1964,61333,46 GAS AND TRUCK STOP,US-46,Palisades Park,NJ,115,3.236,40.8414785,-73.9973052
1965,61337,SUNOCO- JOHN FENWICK PLAZA #7006,"NJTP, MM 5",Penns Grove,NJ,150,3.909,39.7295581,-75.4679734
1966,61339,FUEL ONE,"I-78, EXIT 3 & US-22",Phillipsburg,NJ,79,3.359,40.690244,-75.18391
1968,61357,KENT KWIK #501,US-70 & US-54,Alamogordo,NM,593,2.982,32.863653,-105.969145
1969,61364,HUNTINGTON BROADWAY CONOCO,US-64 BUS,Farmington,NM,614,3.799,36.708224,-108.131094
1970,61409,104 STORE,SR-370/SR-104,Red Creek                               ,NY,220,3.799,43.231665,-76.7307154
1971,61410,KWIK FILL #58,ST 15,Rochester                               ,NY,190,3.969,43.157285,-77.615214
1973,61421,7-ELEVEN #40294,"I-80 WB, EXIT 139",Amherst,OH,249,3.532,41.401243,-82.222246
1974,61430,7-ELEVEN #40303,"I-90, EXIT 7",Clyde,OH,550,3.662,41.3040468,-82.9750686
1975,61431,7-ELEVEN #40304,"I-90, EXIT 7",Clyde,OH,550,3.662,41.3040468,-82.9750686
1976,61439,7-ELEVEN #40302,"I-75, EXIT 157",Genoa,OH,550,3.662,41.5181064,-83.359094
1977,61449,7-ELEVEN #40297,"I-80, EXIT 13A",Mantua,OH,249,3.532,41.283944,-81.223991
1978,61450,7-ELEVEN #40298,I-80,Mantua,OH,249,3.532,41.283944,-81.223991
1979,61453,CITGO,"I-475, EXIT 6",Maumee,OH,550,3.499,41.5628294,-83.6538244
1980,61458,7-ELEVEN #40299,OHIO TNPK MM 237 & SR-26,New Springfield,OH,165,3.532,40.917222,-80.6058743
1981,61459,7-ELEVEN #40300,"I-76, EXIT 157",New Springfield,OH,165,3.532,40.917222,-80.6058743
1983,61477,CHOCTAW NATION GRANT #633,US-271,Grant,OK,253,2.999,33.923774,-95.520308
1984,61483,CM SILVER DOLLAR,"I-220, EXIT 7",Shreveport,LA,745,3.299,32.5135356,-93.7477839
1985,61492,SPRINGER TRAVEL PLAZA,I-35 EXIT 40,Springer,OK,253,2.916,34.313287,-97.139878
1986,61508,7-ELEVEN #40275,"I-70 & I-76 NB, MM 147",Bedford,PA,14,4.199,40.0186921,-78.5039069
1987,61509,7-ELEVEN #40275,"I-70/I-76 SB, MM 147",Bedford,PA,14,4.199,40.0186921,-78.5039069
1988,61511,MIDWAY FUEL AND TRUCK WASH,"I-78/US-22, EXIT 16",Bethel,PA,208,3.364,40.481879,-76.3090697
1989,61515,Carlisle Fuel Stop,"I-81, EXIT 52",Carlisle,PA,70,3.359,40.207281,-77.226739
1990,61540,S&P Oil,US-13,Levittown,PA,160,3.816,40.097277,-74.87102
1991,61559,7-ELEVEN #40273,34 MILE WEST OF EXIT 11/146,Somerset,PA,168,4.207,40.008411,-79.0780831
1992,61560,7-ELEVEN #40272,"I-70 & 76, EXIT 10",Somerset,PA,168,4.207,40.008411,-79.0780831
1993,61567,7-ELEVEN #35774,"I-76, EXIT 5/48",Verona,PA,165,4.207,40.5064571,-79.843105
1994,61569,KWIK FILL #295,US-6 BUS,Warren,PA,240,4.699,41.84374,-79.144787
1995,61570,7-ELEVEN #40276,"I-76, EXIT 12/161 & SR-655",Waterfall,PA,14,4.199,40.1275826,-78.0627822
1997,61594,SPINX #138 (DISCOUNT AVAILABLE),"I-85, EXIT 44",Greenville,SC,30,3.042,34.851354,-82.3984882
1998,61595,CORNER MART 3338,"I-85, EXIT 44",Greenville,SC,30,2.907,34.851354,-82.3984882
1999,61596,HOT SPOT #2009,US-25/US-178 & SR-225,Greenwood,SC,30,2.939,34.1579449,-82.1319501
2000,61597,SPINX #121,"I-85, EXIT 56",Greer,SC,30,3.166,34.9381361,-82.2272119
2001,61598,Shell,SR-41,Hemingway,SC,245,3.199,33.7537774,-79.4475566
2002,61599,HOT SPOT #2013,"I-26, EXIT 10",Inman,SC,210,3.149,35.047841,-82.0906082
2003,61605,HOT SPOT #2028,US-76/US-301,Marion,SC,63,2.999,34.2034643,-79.5290131
2004,61616,PILOT #4578,"I-77, EXIT 48 & SC-200",Winnsboro,SC,135,3.409,34.3807012,-81.0864776
2005,61621,CUBBYS #401,"I-90 , EXIT 332 & SR-37",Mitchell,SD,530,3.149,43.70953,-98.025379
2006,61625,PRARIE STOP,US-212 & SR-20,Watertown,SD,566,3.279,44.899211,-97.115289
2009,61646,SHELL,"I-40, EXIT 35 & SR-59",Mason,TN,435,3.549,35.4114328,-89.5327689
2010,61651,LEES FOOD MART #123,"I-81, EXIT 23 AT MILE 23",Bulls Gap,TN,405,3.259,36.2535742,-83.086061
2011,61654,MAJOR MARKETS #276,US-51/SR-3,Ripley,TN,435,3.799,35.7811473,-89.519094
2012,61656,PHILLIPS 66,US-51,Union City,TN,460,3.382,36.415832,-89.06954
2013,61660,MARATHON,"I-40, EXIT 108",Wildersville,TN,435,3.099,35.78951,-88.39171
2014,61684,WOODYS FOOD MART,"I-45 & SR-7, EXIT 164",Centerville,TX,670,2.846,31.2578221,-95.9785301
2015,61730,STRIPES 7FLEET #42430,"I-20, EXIT 131",Midland,TX,612,3.569,31.9973662,-102.077948
2017,61751,ALLSUPS CONVENIENCE STORE #2264,SR-214,Seminole,TX,710,3.094,32.7167351,-102.6490967
2018,61761,ALLSUPS CONVENIENCE STORE #2304,"I-40, EXIT 36 & US-385",Vega,TX,585,2.999,31.030974,-98.326329
2019,61763,ALLSUPS CONVENIENCE STORE #2283,"I-20, EXIT 73",Wickett,TX,710,2.899,31.568947,-103.0037
2020,61787,DUCK THRU FOOD STORE #5,US-258,Franklin                                ,VA,180,3.499,36.660791,-76.939817
2021,61796,EXXON,US-220,Martinsville                            ,VA,185,3.375,36.7207521,-79.9481212
2023,61804,CARTERS ONE STOP,"I-95 & SR-301, EXIT 31 & SR-40",Stony Creek,VA,180,2.959,36.9479277,-77.4008113
2024,61806,LANKFORD TRUCK PLAZA,US-13 & CR-646,Townsend,VA,130,3.399,37.1842665,-75.9495966
2025,61819,CHEVRON,"I-5, EXIT 36",Longview,WA,935,4.499,46.138616,-122.945734
2026,61830,APPLETON TRAVEL PLAZA,SR-96,Appleton,WI,444,3.406,44.2613967,-88.4069744
2027,61832,BARRON FARMERS UNION,"US-8, EXIT 53",Barron,WI,545,3.639,45.399912,-91.8511805
2028,61835,BRISTOL BP,"I-94, EXIT 345 & US-45",Bristol,WI,444,3.719,42.558908,-88.0492498
2029,61843,KWIK TRIP #332,SR-33,Horicon,WI,444,3.216,43.4444476,-88.6425705
2030,61849,KWIK TRIP #306,"I-94, EXIT 259 & SR-89",Lake Mills,WI,420,3.432,43.0798032,-88.9125723
2031,61862,KWIK TRIP #781,SR-21,Redgranite,WI,582,3.352,44.0434143,-89.1008881
2032,61867,KWIK TRIP #318,SR-27 & SR-16/SR-71,Sparta,WI,515,3.342,40.564625,-77.786663
2033,61877,CASEYS #3715,SR-59,Whitewater,WI,420,3.299,42.8339562,-88.7306517
2034,61879,KWIK TRIP #347,SR-13,Wisconsin Rapids,WI,395,3.312,44.3917589,-89.8228767
2036,61908,CRANBROOK HUSKY,HWY 3/95,Cranbrook,BC,50,4.508,40.0254784,-83.0418778
2039,61968,FLYING J TRAVEL PLAZA #701,"I-35, EXIT 33",Ardmore,OK,253,3.659,34.1729273,-97.1309119
2040,61978,PETRO-CANADA,HWY 247,Etobicoke,ON,720,3.591,45.68017,-99.364134
2046,61983,PETRO-CANADA,HWY 35,Orono                                   ,ON,720,3.591,44.883607,-68.672791
2047,61996,PETRO-CANADA,"HWY-402, EXIT 9 & CR-22",Sarnia                                  ,ON,620,3.341,27.791977,-82.646355
2053,61998,PETRO-CANADA,HWY 417,Gloucester                              ,ON,400,3.728,34.8074333,-82.1439559
2059,62008,LOVES TRAVEL STOP #366,"I-81, EXIT 90",Jonestown,PA,70,3.857,40.4137303,-76.4783501
2060,62016,PETRO-CANADA,"HWY-400, EXIT 29 & HWY-407, EXIT 67",Concord,ON,720,3.423,33.290477,-112.613467
2066,62075,FLYING J TRAVEL PLAZA #657,US-283/US-50/US-56 & US-400,Dodge City,KS,570,3.799,37.7527982,-100.0170787
2067,62097,FLASH MARKET #17046,US-65/SR-9,Clinton,AR,695,3.239,35.5438796,-92.4463796
2068,62211,STUBS GAS AND OIL,"I-76, EXIT 66",Wiggins                                 ,CO,800,3.559,40.2304339,-104.0744597
2069,62238,Circle K #2726278,SR-207,Hastings,FL,75,3.569,29.7141267,-81.518229
2070,62283,Circle K #2745099,US-23 & US-341/SR-27,Hazlehurst,GA,195,3.529,31.868872,-82.59358
2071,62316,BP,US-20,Delaware,IA,335,3.299,42.470534,-91.3301696
2074,62370,7-ELEVEN #34712,I-90 Exit 24,Belvidere,IL,290,3.739,42.2579991,-88.841734
2075,62399,Rebel Plus #882,"I-80, EXIT 101",Bristol,IN,465,3.576,41.7214415,-85.8175361
2076,62462,HAWESWAY TRUCKSTOP,US-60,Owensboro,KY,487,3.599,37.77507,-87.165532
2077,62467,SUPER QUIK #9,"I-64, EXIT 181",Ashland,KY,255,3.669,38.4784144,-82.6379387
2078,62480,CM GALLIANO,US-167,Cut Off,LA,725,3.499,29.5427168,-90.3381361
2079,62487,Fred's Food Mart,US-61,Saint Francisville,LA,600,3.799,30.7927427,-91.3803804
2080,62500,CASH MAGIC VINTON,"I-10, EXIT 4 & SR-109",Vinton,LA,690,3.284,30.1907628,-93.5812717
2081,62547,MARATHON,SR-32W,Gaylord,MI,287,3.799,45.027513,-84.674752
2084,62559,EXPRESS FOOD DEPOT,"I-94, EXIT 266",Smiths Creek,MI,325,3.629,42.91392,-82.60381
2087,62560,ONE9 #23,"I-96, EXIT 67",Ionia,MI,406,3.499,42.981612,-85.068599
2089,62701,PILOT TRAVEL CENTERS #408,"I-68, EXIT 22",Grantsville,MD,14,4.259,39.6991282,-79.1577212
2090,62710,TOWN PUMP FOOD STORE #922,"I-90, EXIT 370 &SR-10",Big Timber                              ,MT,780,3.479,45.834901,-109.955311
2091,62753,PETRO SERVE USA,US-10,West Fargo,ND,341,3.029,46.8760419,-96.8435572
2092,62768,PUMP & PANTRY #34,US-20 & SR-27,Gordon,NE,475,3.449,42.8048523,-102.2031673
2093,62774,MR MIKES MINI MART,SR-9,Northwood                               ,NH,34,3.599,43.194664,-71.151581
2094,62790,7-ELEVEN #40084,US-46/US-1/US-9,Palisades Park,NJ,115,3.099,40.8481556,-73.997639
2095,62800,A ONE TRUCK STOP,US-9,South Amboy,NJ,79,3.499,40.477989,-74.289959
2096,62817,LOVES TRAVEL STOP #364,I-75 EXIT 33,Charleston,TN,285,3.589,35.291826,-84.81412
2097,62824,FLYING J TRAVEL PLAZA #1005,"I-80, EXIT 48",Fernley,NV,966,3.916,39.6078829,-119.2506489
2099,62844,CIRCLE K #4707612,"I-81, EXIT 14",Tully,NY,220,3.799,42.798123,-76.1093696
2101,62850,GANSEVOORT MINI MART,"I-87, EXIT 17",Gansevoort,NY,12,3.759,43.1962051,-73.6513967
2103,62887,SPEEDWAY #9367,"I-275, EXIT 42",Cincinnati,OH,300,3.126,39.1012809,-84.5127405
2104,62911,DAVIS TRAVEL CENTER #108,"I-85, EXIT 39",Warfield,VA,180,3.099,36.8957039,-77.8258289
2105,62918,CIRCLE K #4705567,ST 91,Twinsburg,OH,305,3.632,41.3125552,-81.4401129
2106,62991,ONVO TRAVEL PLAZA,"I-84, EXIT 17",Lake Ariel,PA,200,3.586,41.4539745,-75.382681
2107,62996,MARTIN GENERAL STORE,US-22,Alexandria,PA,14,3.539,40.5564586,-78.0977847
2110,63126,PWI #120,"I-10, EXIT 593",Schertz,TX,740,2.926,29.5641617,-98.2695702
2111,63193,Shell,US-29,Warrenton,VA,60,3.257,38.7263806,-77.780822
2112,63211,OMAK MART,US-97 & SR-215,Omak,WA,970,4.149,48.4109853,-119.52755
2113,63246,Petro Stopping Center #368,"I-94, EXIT 333",Sturtevant,WI,444,3.889,42.731123,-87.899929
2114,63313,MARION TRAVEL CENTER,I-55 EXIT 14,Marion                                  ,AR,435,3.199,35.2129831,-90.19498
2115,63330,CIRCLE K #2723678,SR-53,Rome,GA,18,3.062,34.257038,-85.1646726
2116,63336,ROAD RANGER #118,"I-72 & I-55, EXIT 100-A",Springfield,IL,318,3.299,39.7990175,-89.6439575
2118,63349,FLYING J TRAVEL PLAZA #662,"I-24, EXIT 86",Oak Grove,KY,415,3.152,36.6650471,-87.4427878
2119,63351,76 FUEL CENTER,"I-75, EXIT 76",Berea,KY,410,2.999,37.568694,-84.2963224
2120,63353,LOVES TRAVEL STOP #367,"I-74, EXIT 149",Le Roy,IL,280,3.589,40.33892,-88.76507
2124,63376,Circle K #2746246,US-169 & SR-41,Shakopee,MN,448,3.599,44.7800701,-93.4884871
2126,63388,CIRCLE K #2723471,"I-95, EXIT 121",Wilson,NC,205,3.199,35.7241718,-77.9115243
2127,63391,FLYING J TRAVEL PLAZA #687,"I-80, EXIT 179",North Platte,NE,475,3.449,41.10555,-100.72737
2128,63409,FLYING J TRAVEL PLAZA #693,"I-90, EXIT 48A; PEMBROKE, NY",Corfu,NY,38,3.889,42.9975593,-78.4347444
2129,63428,FLYING J TRAVEL PLAZA #702,"I-40, EXIT 264B",Checotah                                ,OK,560,3.699,35.4700917,-95.5230691
2130,63442,Flying J Travel Plaza #720,"I-40, EXIT 182",Fairview                                ,TN,460,3.186,35.977223,-87.128028
2131,63455,FLYING J TRAVEL PLAZA #752,"I-81, EXIT 323",Clear Brook,VA,60,3.659,39.2564912,-78.096111
2132,63456,SHELL,"I-85, EXIT 61",Petersburg,VA,180,3.201,37.227928,-77.4019268
2133,63495,DECAUTER SHELL TRUCK STOP,"I-35, EXIT 369",Decatur,TX,637,2.916,33.2342834,-97.5861393
2134,63498,PILOT #6955,I-40/I-85 EXIT 150,Haw River,NC,65,3.959,36.0656748,-79.3160171
2139,63501,LOVES TRAVEL STOP #407,I-81 EXIT 52B OR I-76 EXIT 226,Carlisle,PA,70,4.099,40.201499,-77.1890783
2140,63502,FLYING J TRAVEL PLAZA #704,I-35 & 122ND ST,Edmond,OK,483,3.306,35.594728,-97.43267
2141,63506,KWIK TRIP #342,"I-39, EXIT 159",Stevens Point,WI,395,3.559,44.517984,-89.5724
2142,63509,PILOT #4557,"I-85, EXIT 166",Carnesville,GA,16,3.172,34.37483,-83.25793
2144,63510,PILOT #4584,"I-95, EXIT 181",Latta,SC,63,3.349,34.3371047,-79.4311616
2145,63511,PILOT #4576,"I-95, EXIT 82",Saint George,SC,42,3.519,33.1859958,-80.5756534
2146,63512,SPEEDWAY #7929,"I-40, EXIT 208",Colfax,NC,65,2.854,36.1126365,-80.0144842
2147,63516,SHEETZ #701,"I-81, EXIT 273",Mount Jackson,VA,60,2.874,38.7459482,-78.6422377
2149,63519,PILOT TRAVEL CENTERS #243,"I-64, EXIT 45 & SR-25",Nitro,WV,44,3.626,38.4220757,-81.8405972
2150,63522,Pilot Travel Centers #411,"I-40, EXIT 238 & US-231",Lebanon,TN,460,3.246,36.2079779,-86.2910945
2151,63523,PILOT TRAVEL CENTER #441,"I-65, EXIT 334",Decatur,AL,615,3.859,34.6060203,-86.9838165
2153,63524,PILOT TRAVEL CENTER #416,"I-75/SR-401, EXIT 101",Cordele,GA,10,3.286,31.9691606,-83.782718
2155,63530,BIG EASY TRAVEL PLAZA,"I-10, EXIT 239-B",New Orleans,LA,725,3.799,29.9561422,-90.0733934
2156,63532,FUELSMART,SR-165,Muskogee,OK,560,3.252,35.747305,-95.387993
2158,63538,SUAMICO CITGO,"US-41/US-141, EXIT 176 & CR-B",Suamico,WI,360,3.269,44.632044,-88.039342
2159,63540,GAS N GO,"I-75, EXIT 149",Byron,GA,85,3.172,32.6537561,-83.7596294
2160,63545,LOVES TRAVEL STOP #397,"I-85, EXIT 104",Blacksburg,SC,210,3.419,35.1212409,-81.5159246
2161,63546,CITGO QUIK MART,SR/15 & SR-68,Tennille                                ,GA,85,3.466,32.9359886,-82.8115273
2162,63563,PILOT TRAVEL CENTERS #209,"I-10, EXIT 140",Van Horn                                ,TX,640,3.659,33.994836,-98.69536
2163,63564,PILOT TRAVEL CENTERS #213,"I-70, EXIT 94 (WILSON ROAD)",Columbus,OH,315,3.509,39.9622601,-83.0007065
2164,63565,LOVES TRAVEL STOP #296,"I-8, EXIT 115 & SR-85",Gila Bend,AZ,930,3.889,32.9476184,-112.7144993
2165,63566,PORT ALLEN TRUCKSTOP,"I-10, EXIT 151 & SR-415",Port Allen,LA,600,3.259,30.45335,-91.2100569
2166,63568,FLYING J TRAVEL PLAZA #658,"I-35, EXIT 127",Emporia,KS,336,3.252,38.4040054,-96.181623
2167,63569,Flying J Dealer #893,"I-80, EXIT 40 (US-59)",Avoca,IA,319,3.659,41.4776567,-95.3394897
2169,63570,PILOT TRAVEL CENTERS #287,"I-71, EXIT 204 & SR-83",Burbank,OH,305,3.699,40.988667,-81.9948684
2170,63571,Palace Truckstop,"I-10, EXIT 246 & I-510, EXIT 2C",New Orleans,LA,725,3.299,29.9561422,-90.0733934
2173,63574,PILOT TRAVEL CENTERS #232,"I-84, EXIT 376A",Ontario,OR,982,3.699,44.02441,-116.94845
2174,63575,OKEMAH TRAVEL CENTER,"I-40, EXIT 221 (ST 27)",Okemah,OK,483,2.879,35.4325854,-96.3050064
2175,63577,PILOT TRAVEL CENTERS #236,"I-80, EXIT 122",Minooka,IL,290,3.799,41.452516,-88.280457
2177,63579,301 PLAZA,US-301 & SR-299,Middletown,DE,243,3.239,39.4497639,-75.7166345
2178,63580,FLYING J TRAVEL PLAZA #637,"I-380, EXIT 68",Evansdale,IA,565,3.779,42.4771838,-92.288411
2179,63581,CASEYS #4453,"I-75, EXIT 120",Lexington,KY,410,3.224,38.056966,-84.474459
2180,63582,T BONE TRUCK STOP,US-30,Columbus                                ,NE,313,3.099,41.413919,-97.368009
2181,63583,CUBBYS #110,"I-80, EXIT 353",Columbus                                ,NE,313,3.179,41.4292988,-97.3581439
2182,63584,PILOT TRAVEL CENTERS #417,"I-20, EXIT 19",Temple,GA,18,3.449,33.71677,-85.02744
2184,63586,LOVES TRAVEL STOP #295,US-412 & US-69,Chouteau,OK,560,3.291,36.173246,-95.341927
2185,63587,24/7 TRAVEL PLAZA,"I-135, EXIT 92",Salina,KS,523,2.974,38.8402805,-97.6114237
2187,63594,PILOT TRAVEL CENTERS #49,"I-24, EXIT 89",Oak Grove,KY,415,3.152,36.6650471,-87.4427878
2188,63595,SPEEDWAY #5236,"I-75, EXIT 122",Lima,OH,411,3.256,40.733847,-84.103734
2189,63596,PILOT TRAVEL CENTERS #442,"I-55, EXIT 19",Hayti                                   ,MO,275,3.256,36.2319804,-89.7480887
2190,63597,PILOT TRAVEL CENTERS #163,"I-10, EXIT 24",Lordsburg,NM,640,3.439,30.207435,-91.824932
2192,63599,PWI #978,"I-215, EXIT 21",Salt Lake City,UT,835,3.359,40.7596198,-111.886797
2193,63600,PILOT TRAVEL CENTERS #77,"I-55 /I-20, EXIT 45",Jackson,MS,760,3.149,32.2998686,-90.1830408
2194,63601,PILOT TRAVEL CENTERS #206,"I-20, EXIT 406",Weatherford,TX,630,3.209,32.7667,-97.782096
2195,63602,LOVES TRAVEL STOP #285,I-40 EXIT 277,Santa Rosa,NM,580,3.474,34.941414,-104.684138
2196,63603,LOVES TRAVEL STOP #290,US-59/US-69/S LOOP 287 & FM-841,Lufkin,TX,610,3.649,31.3386242,-94.7288558
2198,63604,7-ELEVEN #40363,US-17/SR-15 & SR-100,Palatka,FL,75,3.364,29.6471901,-81.6296978
2199,63605,FLYING J TRAVEL PLAZA #663,"I-64, EXIT 43 & SR-395",Waddy,KY,415,3.759,38.1370153,-85.0743978
2201,63607,ROAD RANGER #209,"I-90/94,  EXIT 48",Oakdale,WI,420,3.234,43.9598443,-90.3804024
2202,63608,ROAD RANGER #206,US-20,Winnebago,IL,520,3.219,42.280404,-89.197047
2205,63609,ROAD RANGER #203,US-20 & SR-2,Rockford,IL,520,3.219,42.2401001,-89.1383519
2208,63612,FLYING J TRAVEL PLAZA #622,"I-95/SR-9, EXIT 131 & SR-68 & SR-713",Fort Pierce,FL,95,3.499,27.4467056,-80.3256056
2209,63613,FLYING J TRAVEL PLAZA #690,"I-10/US-70, EXIT 24",Lordsburg,NM,640,3.439,32.3504143,-108.708434
2210,63614,PILOT TRAVEL CENTERS #446,"I-69, EXIT 234",Daleville,IN,457,3.514,40.1211546,-85.5580301
2212,63615,One9 #1413,"I-81, EXIT 101",Dublin,VA,185,3.242,37.1046408,-80.6850558
2213,63616,SPEEDWAY #8876,"US-23, EXIT 50",Whitmore Lake,MI,342,3.499,42.439479,-83.7438303
2215,63619,PILOT TRAVEL CENTERS #428,"I-20, EXIT 112",West Monroe                             ,LA,760,3.206,32.5184775,-92.1476353
2216,63620,LOVES TRAVEL STOP #420,"I-20, EXIT 47",Flowood,MS,620,3.149,32.3092861,-90.1386811
2217,63621,FUEL CITY FRIENDLYS,"I-35E, EXIT 435",Dallas,TX,630,2.966,32.94918,-96.468093
2220,63624,FROG CITY TRAVEL PLAZA,"I-10, EXIT 87",Rayne                                   ,LA,690,3.366,30.25242,-92.26957
2221,63625,FLYING J TRAVEL PLAZA #688,"I-295, DEEP WATER STREET",Penns Grove,NJ,243,3.989,39.7295581,-75.4679734
2222,63627,PILOT TRAVEL CENTERS #174,I-78 & SR-15,New Albany,MS,435,3.859,34.4942683,-89.0078418
2225,63629,SPEEDWAY #4523,"I-94, EXIT 88",Osseo,WI,448,3.546,44.5772777,-91.2228203
2226,63630,TA DENVER EAST TRAVEL CENTER,"I-70 & I-270, EXIT 278",Commerce City,CO,800,3.376,39.85778,-104.91278
2227,63635,SAPP BROS TRAVEL CENTER,"I-70, EXIT 295",Junction City,KS,523,3.709,39.0286093,-96.8313978
2228,63636,PILOT TRAVEL CENTER #279,"I-19, EXIT 12 & SR-289",Rio Rico,AZ,980,3.614,31.4714828,-110.9764769
2230,63637,PILOT TRAVEL CENTERS #454,"I-70, EXIT 79",London                                  ,OH,315,3.509,39.8864493,-83.448253
2231,63639,PILOT TRAVEL CENTERS #444,"I-70, EXIT 23",Brazil                                  ,IN,375,3.939,39.523652,-87.1250154
2233,63640,SUPER EXPRESS STOP,"I-64, EXIT 113",Mount Sterling,KY,410,3.859,38.0561079,-83.9431961
2234,63641,FLYING J TRAVEL PLAZA #625,"I-4/SR-400, EXIT 10 & SR-579",Seffner,FL,225,3.442,27.9836329,-82.2756468
2235,63642,COLTS QUICK DRAW,"I-40, EXIT 125 & US-65/SR-25",Greenbrier,AR,695,3.307,,
2236,63648,CIRCLE K #2723333,"I-75, EXIT 216",Mcdonough,GA,67,3.209,33.427882,-84.184607
2237,63649,ONE TRIP,US-84,Homerville,GA,10,3.442,31.0368,-82.746819
2238,63651,CIRCLE K #2723346,US-29/S8,Athens,GA,16,3.399,34.0237395,-83.3194672
2239,63652,CASEYS #3292,"I-380, EXIT 43 & US-20",Independence,IA,380,3.599,42.4685661,-91.8891187
2240,63653,FLYING J TRAVEL PLAZA #760,US-30 & SR-232,Cokeville,WY,835,3.899,42.089118,-110.943304
2241,63661,FLYING J TRAVEL PLAZA #677,"US-78, EXIT 6",Olive Branch,MS,435,3.286,34.9617605,-89.8295315
2242,63662,PILOT TRAVEL CENTERS #267,"I-75, EXIT 146",Byron                                   ,GA,85,3.366,32.654108,-83.758763
2244,63667,CIRCLE K #2723875,SR-41/SR-45,Jamestown,SC,42,2.974,,
2245,63668,PILOT #4579,"I-26, EXIT 139",Saint Matthews,SC,135,3.509,33.664876,-80.7778681
2246,63669,One9 #1248,"I-45, EXIT 271",Wilmer,TX,630,2.756,32.5890243,-96.6852724
2248,63676,CORNER EXPRESS,ST 55,Wellston                                ,MI,456,3.499,44.2169505,-85.9578528
2249,63680,ALLTOWN MARKETS-FLYING J #896,I-93 EXIT 11 & SR 3A,Bow,NH,39,4.099,43.133061,-71.549149
2250,63685,RIVER HEIGHTS GROCERY,US-64/SR-69/SR-15,Crump                                   ,TN,435,3.099,35.2217482,-88.3180946
2251,63690,LOVES TRAVEL STOP #277,"I-30, EXIT 46",Prescott,AR,635,3.476,33.83122,-93.3949
2252,63691,JIMMIES AUTO TRUCK PLAZA,"I-10, EXIT 262",Lee,FL,20,3.847,30.4196584,-83.3004216
2253,63694,PILOT TRAVEL CENTERS #261,"I-55, EXIT 186",Winona,MS,576,3.499,33.4822954,-89.7277222
2254,63695,FLYING J TRAVEL PLAZA #634,"I-20/SR-402, EXIT 19 & SR-113",Temple,GA,18,3.419,33.7370514,-85.032445
2255,63697,MILLER MART #40,"I-64, EXIT 255B",Newport News,VA,130,3.306,36.9775016,-76.42977
2256,63699,DEWITT TRAVEL MART,"US-30, EXIT 313",De Witt,IA,270,3.599,41.8242643,-90.538127
2257,63700,WIXOM FUEL STOP,"I-96, EXIT 159",Wixom,MI,325,3.999,42.5246873,-83.5363637
2258,63701,FLYING J TRAVEL PLAZA #742,"I-80, EXIT 98/99",Tooele                                  ,UT,835,3.759,40.5307776,-112.29828
2259,63702,QUICK FUEL #2501,"I-264, EXIT 14",Louisville,KY,415,3.082,38.2542376,-85.759407
2260,63703,QUICK FUEL #2303,"I-71, EXIT 104/FRANK RD EXIT",Columbus,OH,315,3.566,39.917251,-83.0120739
2261,63704,QUICK FUEL #2301,"I-275, EXIT 44",Cincinnati,OH,300,3.239,39.1697887,-84.5815076
2263,63715,FLYING J TRAVEL PLAZA #772,"I-215, EXIT 28",North Salt Lake                         ,UT,835,3.732,40.8485564,-111.906882
2264,63716,EXPRESS LANE #34,"I-39, EXIT 115",Rockford,IL,520,3.549,42.2713945,-89.093966
2266,63718,ROAD RANGER #210,"I-39/US-51, EXIT 99 & SR-38",Rochelle,IL,520,3.699,41.9239178,-89.0687074
2267,63720,FLYING J TRAVEL PLAZA #611,"I-10, EXIT 137",Phoenix,AZ,930,3.589,33.60503,-112.070892
2268,63721,ROAD RUNNER TRAVEL CENTER,I-69E/US-77 & CR-892,Robstown,TX,625,3.349,27.775482409186747,-97.66841884952169
2269,63722,LOVES TRAVEL STOP #240,"I-10, EXIT 151 & SR-415",Port Allen,LA,600,3.232,30.45335,-91.2100569
2272,63726,FLYING J TRAVEL PLAZA #706,"I-44 & I-244, EXIT 236",Tulsa,OK,560,3.366,36.1563122,-95.9927516
2273,63727,LOVES TRAVEL STOP #403,"I-81, EXIT 3",Binghamton,NY,32,3.719,42.098698,-75.9125187
2277,63728,PILOT TRAVEL CENTERS #43,"I-80, EXIT 284",Walcott,IA,270,3.886,41.6167,-90.78292
2279,63729,PILOT TRAVEL CENTERS #147,"I-80, EXIT 410",West Wendover                           ,NV,835,3.709,40.7409656,-114.0751726
2280,63730,PILOT TRAVEL CENTERS #309,"I-77, EXIT 25",Caldwell,OH,430,3.652,39.7478508,-81.5165127
2281,63731,LOVES TRAVEL STOP #243,"I-10, EXIT 43 & SR-383",Iowa,LA,690,3.587,30.2368772,-93.0137569
2282,63732,LOVES TRAVEL STOP #265,"I-10, EXIT 200",Eloy,AZ,930,3.434,32.7551703,-111.553493
2283,63734,CIRCLE K #2723472,US-70 & SR-58,Kinston,NC,63,3.319,35.2630498,-77.6422398
2285,63737,I 10 DUSON TRUCK STOP,"I-10, AUSTRIA ROAD",Duson,LA,730,3.411,30.244375,-92.1930585
2286,63738,U STOP 33,US-77,Beatrice,NE,413,3.399,40.2309122,-96.7462802
2287,63740,CIRCLE K #2723478,US-29,Blairs,VA,185,3.439,36.677974,-79.374002
2288,63741,SHELL,"I-295, EXIT 15",Chester,VA,180,3.202,37.3562229,-77.4460583
2289,63743,PILOT TRAVEL CENTERS #370,"I-81, EXIT 175",Pittston,PA,200,4.176,41.3259134,-75.7893604
2290,63744,PILOT TRAVEL CENTERS #439,"I-24, EXIT 86",Oak Grove,KY,415,3.152,36.6650471,-87.4427878
2291,63745,PILOT TRAVEL CENTER #447,"I-64, EXIT 25",Haubstadt,IN,340,3.959,38.2050442,-87.5741876
2293,63746,PILOT TRAVEL CENTERS #453,"I-85, EXIT 90",Gaffney,SC,210,3.429,35.08235,-81.70621
2294,63747,PILOT TRAVEL CENTERS #440,"I-71, EXIT 28",Pendleton,KY,415,3.759,38.4622879,-85.3035678
2295,63751,PETRO STOPPING CENTER #328,"I-20 & I-55, EXIT 45",Jackson,MS,620,3.109,32.2998686,-90.1830408
2296,63752,MR FUEL #732,"I-80, EXIT 226",Girard,OH,573,3.239,41.1540381,-80.7009406
2297,63753,PILOT TRAVEL CENTER #4558,"I-75, EXIT 318",Calhoun,GA,285,3.286,34.502587,-84.9510542
2299,63754,U SAVE TRAVEL PLAZA,US-19 & SR-129,Mount Nebo,WV,44,3.599,40.1203742,-79.6114859
2300,63755,PILOT TRAVEL CENTERS #196,"I-40, EXIT 325 & US-64",Roland,OK,645,3.739,35.4212021,-94.5146616
2301,63756,PILOT TRAVEL CENTERS #144,"I-20, EXIT 200",Augusta,GA,135,3.859,33.445179,-82.082425
2303,63759,BUFFALO RANCH,US/69/US-60 & US-59,Afton,OK,560,3.099,36.692982,-94.967736
2304,63760,CASH MAGIC CITGO HOUMA,I-57,Houma,LA,725,3.566,29.5957696,-90.7195348
2306,63762,MINIT MART #600643,"I-57, EXIT 322",Manteno,IL,290,3.299,41.2501677,-87.8326423
2309,63763,Flying J Travel Plaza #644,"I-80, EXIT 77 & SR-351",La Salle,IL,290,3.599,41.3333679,-89.0917497
2313,63764,LOVES TRAVEL STOP #288,"I-45, EXIT 198 & US-84",Fairfield,TX,765,3.429,41.3492795,-73.3593374
2314,63766,PILOT TRAVEL CENTERS #26,"US-23, EXIT 5 & US-223",Ottawa Lake,MI,325,3.599,41.7965075,-83.7289312
2318,63767,HOP-IN FOOD STORES,I-27 & FM-1729,New Deal,TX,700,2.926,33.7373185,-101.8630101
2319,63768,PILOT TRAVEL CENTERS #443,"I-70, EXIT 49",Higginsville,MO,400,3.236,39.0752352,-93.7172567
2320,63770,FLYING J TRAVEL PLAZA #694,"I-90, EXIT 223",Austinburg,OH,305,3.859,41.78672,-80.85481
2323,63773,QUIKTRIP #179,ST 152,Liberty,MO,400,2.999,39.246479,-94.419079
2324,63774,PILOT TRAVEL CENTERS #150,"I-70, EXIT 24 &SR-63",Hagerstown,MD,22,3.959,39.6430455,-77.7191081
2325,63775,FLYING J #646,"I-90/39, EXIT 1 & US-51 & SR-75",South Beloit,IL,290,3.799,42.4930708,-89.0367764
2327,63776,KWIK TRIP #334,US-169/SR-60,Mankato,MN,425,3.549,44.1905095,-94.015744
2328,63777,KWIK TRIP #403,"I-35, EXIT 45",Owatonna,MN,425,3.499,44.13885,-93.24938
2329,63778,KWIK TRIP #662,SR-55/SR-149,Saint Paul,MN,451,3.629,,
2330,63781,Pilot Travel Centers #8,US-23 & PITTSBURG RD,Circleville,OH,315,3.799,39.600618,-82.9460133
2331,63782,FUEL EXPRESSO #11,"I-35, EXIT 155",Lebo,KS,400,3.172,38.4166818,-95.8530441
2332,63787,LOVES TRAVEL STOP #402,"I-10, EXIT 44",Biloxi,MS,715,3.449,30.4007626,-88.8893818
2333,63789,PILOT TRAVEL CENTER #448,"I-65, EXIT 240",Hebron,IN,365,3.599,41.3186482,-87.2003091
2335,63790,PILOT TRAVEL CENTERS #412,"I-81, EXIT 4",White Pine,TN,405,3.699,36.1112,-83.341
2336,63791,PILOT TRAVEL CENTERS #432,"I-35, EXIT 328",Waco,TX,765,3.221,31.5491899,-97.1474628
2337,63792,PILOT TRAVEL CENTER #424,"I-75, EXIT 358",Ocala,FL,140,3.412,29.1871986,-82.1400923
2339,63793,HUTCH'S #113,US-183 & US-270/SR-15,Woodward,OK,483,2.999,36.416989,-99.3842432
2341,63795,LOVES COUNTRY STORE #022,US-412,Clayton,NM,585,3.414,36.4507836,-103.184797
2342,63796,PETRO STOPPING CENTER #329,"I-40/I-85, EXIT 157",Mebane,NC,65,3.999,36.0959715,-79.2669619
2343,63798,PETRO GLADE SPRING #372,"I-81, EXIT 29",Glade Spring,VA,405,3.587,36.77178,-81.78096
2344,63799,LOVES TRAVEL STOP #204,US-69 BUS & US-69,Eufaula,OK,560,3.689,35.332172,-95.586885
2345,63800,PILOT TRAVEL CENTER #255,"I-95, EXIT 40",Milford,CT,73,4.299,41.2222218,-73.0570603
2347,63801,PILOT #1126,"I-435, EXIT 55 & SR-210",Kansas City,MO,400,3.382,39.100105,-94.5781416
2348,63802,CARTERS TRAVEL CENTER,"I-40, EXIT 201N",Flagstaff                               ,AZ,930,3.689,35.1987522,-111.651822
2349,63803,KOUNTRY XPRESS,"I-40, EXIT 20",Mulberry                                ,AR,645,3.272,35.5006417,-94.0515919
2350,63805,TEX-BEST #519,US-281 & US-281 BUS & CR-1930,Alice,TX,625,2.899,27.7522487,-98.0697249
2351,63812,PETRO STOPPING CENTER #330,"I-65, EXIT 86",Glendale,KY,415,3.599,37.6017278,-85.9055189
2353,63828,CIRCLE K #2723654,US-431,Boaz,AL,587,3.519,34.204556,-86.160565
2354,63829,CALERA CHEVRON,SR-25,Calera,AL,615,3.199,33.09372,-86.796417
2355,63836,Double Bees #109,"I-40, EXIT 183",Carlisle,AR,695,3.139,34.7831469,-91.7465235
2356,63841,MAGNOLIA TRAVEL CENTER,US-82 & US-371,Magnolia,AR,635,3.599,33.2992984,-93.2516321
2357,63846,71 EXPRESS,US-71,Mansfield,AR,645,3.332,35.0755458,-94.2026462
2358,63848,CIRCLE K #2706345,"I-30, EXIT 2",Texarkana,AR,723,3.479,33.4254259,-94.0430937
4009,67293,KWIK TRIP #367,SR-33/CR-A,Fox Lake,WI,582,3.246,43.565543,-88.9064984
2361,63854,E-Z MART #4437,US-71,Boles,AR,645,3.299,34.7759725,-94.055476
2363,63856,PILOT #1175,"I-17, EXIT 262 & SR-69",Mayer,AZ,930,3.699,34.3978054,-112.236273
2365,63870,CIRCLE K #2744074,"I-270/US-36, EXIT 4",Commerce City,CO,800,3.456,39.85778,-104.91278
2366,63871,Alta Convenience Store #6317,"I-70, EXIT 19",Fruita,CO,810,3.399,39.1440002,-108.704827
2367,63876,Mobil,"FL TURNPIKE,  EXIT 244",Kissimmee,FL,225,3.449,28.2918995,-81.4075838
2368,63887,QUIKTRIP #757,"I-79/SR-401, EXIT 306 & SR-140",Adairsville,GA,193,2.887,34.3683267,-84.9349057
2369,63893,QUICK FUEL #2204,"I-285, EXIT 58/SR-407 & I-75, EXIT 237/SR-401",Atlanta,GA,18,3.276,33.7879452,-84.3055587
2370,63894,CIRCLE K #2723653,"I-75, EXIT 124",Cartersville,GA,193,3.224,34.1652304,-84.7997613
2371,63895,KWIK SERV #17,"I-75, EXIT 136",Chatsworth,GA,193,3.499,34.7665942,-84.7698842
2372,63904,SUNOCO,"I-95, EXIT 19",Savannah,GA,195,3.632,32.19187,-81.19511
2374,63909,GAS2GO,"I-95, EXIT 6",Kingsland,GA,75,3.109,30.7919,-81.65927
2375,63910,OGMULGEE CHEVRON #419,"I-16, EXIT 6",Macon,GA,85,3.399,32.8406946,-83.6324022
2376,63912,PILOT TRAVEL CENTER #4562,"I-95, EXIT 1",Kingsland,GA,75,3.572,30.75912,-81.65205
2378,63914,CIRCLE M #12,US-23/SR-365 & SR-52,Lula                                    ,GA,18,3.539,34.4134574,-83.6608285
2379,63915,HIGHWAY 80 CHEVRON,"I-185, EXIT 7",Midland                                 ,GA,50,3.399,32.5748608,-84.827152
2380,63922,THOMASVILLE TRAVEL CENTER,US-84 & SR-3,Thomasville,GA,20,3.181,30.8568023,-83.9463798
2381,63925,PILOT #4561,"I-75, EXIT 11",Valdosta,GA,20,3.359,30.752151,-83.274069
2383,63931,LOVES TRAVEL STOP #371,"I-95, EXIT 190",Dillon,SC,46,3.331,34.4165391,-79.3713948
2384,63937,CUBBYS #305,"I-29, EXIT 10 & SR-2",Percival,IA,319,3.694,40.748842,-95.8131914
2386,63942,Discount Zone,"I-10, EXIT CLEARVIEW",New Orleans,LA,725,3.279,29.8478085,-89.9765376
2387,63946,MINIT MART #600644,"I-80, EXIT 134",Joliet,IL,399,3.599,41.5263603,-88.0840212
2388,63955,ROAD RANGER #266,"I-72, EXIT 82 & CR-10",New Berlin,IL,280,3.539,39.7253276,-89.9106632
2391,63957,SUNMART FOOD STORE,SR-37,Bloomington,IN,375,3.499,39.081766,-86.5391851
2392,63959,SPEEDWAY #1429,SR-59 & SR-56,Warrenville,IL,293,3.499,41.8179303,-88.174097
2395,63962,7-ELEVEN #40505,"I-80, EXIT 90",Elkhart,IN,465,4.116,41.73478,-85.97762
2396,63964,LOVES TRAVEL STOPS #242,"I-35 & FISHER RD, EXIT 144",Von Ormy,TX,740,3.249,29.286868,-98.6482144
2398,63965,GOOD TO GO #11,"I-65, EXIT 158",Frankfort,IN,375,3.549,40.2797657,-86.5108244
2399,63966,PHILS ONE STOP,"I-69, EXIT 309B",Fort Wayne                              ,IN,370,3.676,41.0799898,-85.1386015
2400,63972,7-ELEVEN #40506,"I-80/I-90, MM 125 WB",Howe,IN,465,3.899,41.721372,-85.4206528
2401,63977,CAREFREE FOOD MART,"I-64, EXIT 92",Leavenworth                             ,IN,415,3.499,38.1997869,-86.3441439
2402,63978,Gallops,"I-80, EXIT 107",Middlebury,IN,370,3.549,41.6750714,-85.7060263
2403,63979,Jaks Oil,US-90,Broussard,LA,730,3.049,30.126887,-91.944597
2404,63988,Petes #47,US-400/SR-47,Fredonia                                ,KS,307,3.299,37.5299229,-95.8014543
2405,63990,TREX MART #4,"I-229/US-59, EXIT 4B & US-36",Wathena                                 ,KS,400,2.999,39.7599235,-94.9478024
2406,63992,SANDRAS QUICK STOP,US-169 & US-59,Garnett,KS,485,3.319,38.2710227,-95.2345146
2407,63994,U STOP #38,I-70 EXIT 298,Junction City,KS,553,3.356,39.0286093,-96.8313978
2409,64001,PETES #53,US-400 & SR-99 & CR-939,Severy                                  ,KS,336,3.249,37.6222547,-96.2280527
2410,64002,SPEEDWAY #9567,"I-65, EXIT 105",Lebanon Junction,KY,415,3.166,37.839258,-85.722006
2411,64003,HUCKS Food & Fuel #305,SR-9001 & WKY PKWY SERVICE AREA,Beaver Dam,KY,460,3.599,37.4029224,-86.8759367
2413,64016,SHELL,US-231 & SR-1468,Morgantown,KY,487,3.799,37.2256023,-86.6835998
2414,64020,LEEBOS # 9,"I-49, EXIT 90",Alexandria,LA,730,3.216,31.301126,-92.478036
2415,64021,CM AMITE,SR-16,Amite,LA,600,3.399,30.726364,-90.533825
2416,64028,DELCAMBRE FUEL DEPOT,SR-14 & SR-89,Delcambre,LA,730,2.999,29.948261,-91.9887328
2417,64029,SUNSHINE SUPER STOP TRUCKS,"I-10, EXIT 182",Convent,LA,600,3.399,30.0205669,-90.8297092
2418,64030,STATE OIL,SR-23,Belle Chasse,LA,725,3.432,29.840019,-89.999492
2419,64034,BOONES CHEVRON,SR-317,Franklin                                ,LA,623,3.899,29.8040953,-91.502052
2420,64036,CM PROSPECT STATION,SR-3087 & SR-660,Houma,LA,725,3.599,29.5957696,-90.7195348
2421,64040,PILOT #1051,"I-10, EXIT 43 & SR-383",Iowa,LA,690,3.599,30.2368772,-93.0137569
2423,64043,COUNTRY AUTO TRUCK STOP,"I-49, EXIT 177 & SR-509",Mansfield,LA,766,3.259,47.487896,-122.32729
2424,64044,DISCOUNT ZONE,"I-510, EXIT 240",New Orleans                             ,LA,725,3.149,29.8478085,-89.9765376
2425,64045,SILVERS TRAVEL PLAZA - Port Allen,US-190/SR-1,Port Allen,LA,730,3.332,30.4897044,-91.2647232
2426,64047,LUCKY LOUIES TRUCK STOP,US-190,Port Allen,LA,600,3.066,30.452774,-91.180368
2427,64048,Pilot #1439,"I-10, Exit 151",Port Allen,LA,600,3.216,30.45335,-91.2100569
2428,64049,Cash Magic CITGO LAROSE,SR-308,Larose,LA,725,3.399,29.5721903,-90.3830385
2429,64050,WESTWOOD TRUCK PLAZA,US-90 BUS,Marrero,LA,725,3.279,29.922395,-90.16826
2430,64058,DELTA TOWN TRUCK STOP,"I-10, EXIT 4",Vinton                                  ,LA,690,2.799,30.207435,-91.824932
2431,64059,CM SPRINGHILL,"I-20, EXIT 44",Springhill,LA,745,3.399,32.996846,-93.468354
2432,64060,CM VIVIAN,SR-1 & SR-2,Vivian,LA,745,3.266,32.8720384,-93.9855698
2433,64062,XTRA MART #10098,SR-146A,Uxbridge,MA,175,3.649,42.0768175,-71.6298483
2434,64063,Mobil,US-20 & SR-56,North Oxford,MA,175,3.582,42.1500947,-71.8684054
2436,64072,EZ MART #110,US-127 & US-127 BUS/SR-46,Alma,MI,260,3.649,43.3790661,-84.6613356
2437,64082,SPEEDWAY #8797,SR-13,Lennon,MI,342,3.379,42.985585,-83.9282955
4352,67744,STRIPES #40715,SR-107,La Villa,TX,639,3.169,26.251639,-97.867445
2440,64085,MADCO TRUCK PLAZA,"I-94, EXIT 200",Romulus                                 ,MI,325,3.399,42.2222614,-83.3965995
2443,64087,SAHARA PETRO,"I-696, EXIT 22",Warren                                  ,MI,325,3.699,42.495566,-71.34876
2445,64091,Circle K 2746398,US-10 & SR-27,Little Falls,MN,448,3.399,45.9960283,-94.3426539
2446,64092,ONE9 #4555,"I-20/I-59, EXIT 77",Cottondale,AL,615,2.932,33.1895629,-87.4516703
2447,64097,KWIK TRIP #937,US-12,Willmar,MN,451,3.341,45.1216598,-95.0887656
2448,64098,BLUE LINE TRAVEL CENTER,"I-90, EXIT 45",Worthington                             ,MN,432,3.166,43.63774,-95.56695
2449,64101,D DIAMOND TRAVEL PLAZA,"I-44, EXIT 82",Fair Grove                              ,MO,535,3.132,37.3839335,-93.1512961
2450,64106,RAPID ROBERTS #122,SR-43,Joplin                                  ,MO,277,2.899,37.04182,-94.513291
2452,64116,GRAND LEDGE,"I-96, EXIT 86",Grand Ledge,MI,344,3.789,42.7524401,-84.7463572
2453,64120,HOLIDAY STATIONSTORE #2746185,US-2,Wakefield,MI,545,3.219,46.4772578,-89.9565038
2456,64122,FLYING J TRAVEL PLAZA #691,"I-40, EXIT 333",Tucumcari                               ,NM,585,3.899,35.1719425,-103.72504
2457,64124,Shell,"I-94 & I-75, EXIT 171",Saint Cloud,MN,448,3.362,45.5616075,-94.1642004
2458,64126,CASEYS #3471,US-2 & CR-87,Cohasset,MN,333,3.449,47.2514238,-93.585536
2459,64132,45 TRUCKSTOP,US-45,Corinth,MS,435,3.089,34.915745,-88.5422872
2460,64139,4 MILE TRUCKSTOP,US-98 & HOLT RD,Lucedale,MS,715,3.399,30.9248878,-88.5879421
2461,64153,SPEEDWAY #6972,US-70,Durham,NC,177,3.799,36.012797,-78.870379
2462,64155,SPEEDWAY #8228,"I-85, EXIT 191 & SR-56",Creedmoor,NC,205,3.999,36.122741,-78.6862272
2463,64156,SPEEDWAY #6985,"I-40, EXIT 312 & SR-42",Garner,NC,177,3.499,35.7112642,-78.6141709
2464,64163,FILL GOOD BP #15,US-74,Monroe,NC,46,3.399,34.985146,-80.40813
2465,64167,NORTH LONDONDERRY SUNOCO,"I-93, EXIT 5",Londonderry,NH,125,3.939,42.8650869,-71.3739532
2466,64170,LUCKY 7,"I-95, EXIT 61",Wade,NC,205,2.999,35.1629419,-78.7361323
2467,64171,CIRCLE K #2723130,"I-40, EXIT 364",Warsaw,NC,245,2.876,34.999716,-78.0939655
2469,64173,SAPP BROS TRAVEL CENTER,"I-80, EXIT 405",Lincoln,NE,413,3.366,40.8088861,-96.7077751
2470,64181,SUNOCO- JOYCE KILMER PLAZA #7012,"NJTP,EXIT 8A",East Brunswick,NJ,115,3.899,40.354292,-74.472044
2471,64182,SUNOCO- VINCE LOMBARDI SERVICE AREA #7017,"NJ TURNPIKE, EXIT 18",Ridgefield,NJ,115,3.899,40.8342669,-74.0087505
2472,64183,SUNOCO- THOMAS EDISON PLAZA #7013,"NJTP, EXIT 11",Woodbridge,NJ,79,3.899,40.554872,-74.284579
2473,64187,SPEEDWAY #9117,"I-25, EXIT 339",Las Vegas,NM,580,3.186,35.5939325,-105.223896
2474,64189,CIRCLE K #2708931,"I-10, EXIT 155",Tucumcari,NM,585,3.259,35.1719425,-103.72504
2475,64195,DANDY MINI MART #14,"I-86, EXIT 62",Nichols,NY,32,3.439,42.031536,-76.314817
2477,64206,SUNOCO WOODROW WILSON PLAZA #7010,"NJTP, EXIT 7",Trenton,NJ,150,3.899,40.2203074,-74.7659
2478,64210,FUEL 1,"I-287, EXIT 4",South Plainfield,NJ,79,4.799,40.5792701,-74.4115401
2479,64211,PILOT #490/WESTERN PETROLEUM,US-180,Carlsbad                                ,NM,593,3.729,32.38979,-104.219835
2480,64215,STRIPES 7FLEET #42588,US-380 & SR-206,Tatum,NM,700,3.662,33.2569924,-103.3175664
2481,64216,DANDY MINI MART #31,SR-13 & SR-224,Cayuta,NY,190,4.399,42.2817412,-76.6968945
2482,64218,PILOT TRAVEL CENTERS #494,"I-88, EXIT 25",Schenectady,NY,12,3.999,42.799701,-73.948126
2483,64221,BELL STORES #49,"I-76E, EXIT 25B",Akron,OH,249,3.499,41.083064,-81.518485
2484,64223,7-ELEVEN #40295,"I-80, EXIT 170",Broadview Heights,OH,249,3.527,41.3139426,-81.6851271
2485,64224,7-ELEVEN #40296,SR-176,Broadview Heights,OH,249,3.532,41.328789,-81.68401
2486,64227,GO MART FOOD STORE #116,US-50 & SR-7,Coolville                               ,OH,430,3.357,39.224056,-81.8004618
2487,64229,SPEEDWAY #9385,"I-70, EXIT 129",Hebron,OH,315,3.369,39.9617305,-82.4912676
2488,64230,Certified Oil #400423,I-70 EXIT 126,Hebron,OH,315,3.396,39.9617305,-82.4912676
2490,64233,74 FUEL STOP,"I-74, EXIT 3",Harrison,OH,300,3.859,39.2619989,-84.8184758
2491,64235,PENNZMART FUEL EXPRESS,ST 100,Tiffin                                  ,OH,411,3.432,41.114485,-83.1779537
2492,64236,KFC TRAVELMART,SR-199,Upper Sandusky,OH,411,3.249,40.869145,-83.3127887
2493,64243,Caseys #4519,US-62,Altus,OK,483,3.006,34.637767,-99.369776
2494,64244,CHOCTAW NATION DURANT WEST #632,US-69/US-75,Calera,OK,253,3.089,33.8265502,-96.5302951
2495,64256,CHEROKEE TRAVEL PLAZA,"I-40, EXIT 325",Roland,OK,645,3.799,35.4212021,-94.5146616
2496,64261,Phillips 66,US-75/SR-56,Okmulgee                                ,OK,560,2.989,35.5855927,-95.958644
2497,64264,CASEYS #4594,US-81 & US-70,Waurika,OK,253,3.077,34.1583582,-97.9822847
2498,64265,ASAP GENERAL STORE #101,"I-40, EXIT 84 & US-54",Weatherford,OK,483,3.132,35.5261633,-98.7075744
2499,64270,PENN JERSEY DIESEL & TRAILER,"I-95, EXIT 37",Bensalem,PA,160,4.199,40.10455,-74.95128
2500,64274,RUTTERS #53,"I-83, EXIT 32 & SR-382",Etters,PA,70,3.999,26.168259,-80.100266
2502,64282,ONVO TRAVEL PLAZA - HICKORY RUN,"I-80, EXIT 274",White Haven,PA,200,3.586,41.059991,-75.750466
2503,64285,PILOT #4566,"I-85, EXIT 106",Blacksburg,SC,46,3.429,35.1212409,-81.5159246
2504,64287,CIRCLE K #2703099,"I-20, EXIT 33",Batesburg,SC,135,3.086,33.9079201,-81.5473262
2505,64288,PILOT #4581,"I-20, EXIT 116",Bishopville,SC,135,3.432,34.2182107,-80.2484056
2506,64294,HOT SPOT #6004,"I-26, EXIT 28",Enoree,SC,210,3.099,34.6565154,-81.9650977
2507,64298,CORNER MART #354,"I-26, EXIT 72",Newberry                                ,SC,30,3.299,34.2753247,-81.6188633
2508,64299,CIRCLE K #2720881,US-17 & SR-165,Ravenel,SC,42,3.439,32.7632321,-80.2500986
2509,64300,CIRCLE K #2723416,"I-26, EXIT 28",Roebuck,SC,210,3.082,34.8795683,-81.9662139
2510,64301,HILLVIEW TRUCK STOP,"I-20, EXIT 39",Leesville                               ,SC,135,3.059,33.916532,-81.5134368
2511,64307,CIRCLE K #2723876,US-17 & SR-64,Round O,SC,42,3.372,32.9371151,-80.5409352
2512,64309,CIRCLE K #2723272,"I-26, EXIT 119",West Columbia,SC,135,3.546,33.991869,-81.0640341
2514,64313,CUBBYS #403,"I-29, EXIT 79",Sioux Falls                             ,SD,530,3.066,43.54411,-96.78025
2515,64314,JAKES CORNER,US-81 & SR-34,Winfred                                 ,SD,530,3.049,43.997197,-97.362288
2516,64336,LOVES TRAVEL STOPS #345,I-90/I-94 EXIT 48 ,Tomah,WI,450,3.289,43.978576,-90.5040214
2518,64337,GRAVES TRUCK STOP,"I-20, EXIT 59",Carthage,TX,618,2.999,32.1570412,-94.338114
2519,64343,Allsup's Marketplace #2411,US-67,Hawley,TX,575,2.889,32.6133723,-99.8130377
2520,64347,PILOT TRAVEL CENTERS #256,"US-58 & US-29, SE QUAD",Danville,VA,65,4.009,36.5879877,-79.3916713
2521,64350,STRIPES #40811,"I-37, EXIT 55",George West,TX,625,3.016,28.3318242,-98.1171612
2522,64352,CHEVRON #383461,"I-10, EXIT 259",Fort Stockton,TX,710,3.029,30.891901,-102.883662
2523,64355,CEFCO #34,US-281 & SR-38,Hamilton,TX,765,3.029,31.649823,-98.1463329
2524,64360,CIRCLE K #2706983,"I-37, EXIT 36 & SR-359",Mathis,TX,625,3.019,28.0942916,-97.8274111
2525,64374,CEFCO #2001,US-287 & FM-369,Iowa Park,TX,770,2.864,33.9514847,-98.6686709
2526,64382,KOSSE COUNTRY STORE,SR-7 & SR-14,Kosse                                   ,TX,765,3.116,31.3076774,-96.6319231
2528,64393,TEX-BEST #505,"I-35, EXIT 183",New Braunfels,TX,740,2.806,29.7028266,-98.1257348
2529,64399,LOVES TRAVEL STOPS #247,US-287 & SR-256,Memphis,TX,585,3.789,34.7253581,-100.540097
2549,64447,KWIK TRIP #621,"SR-29/SR-55, EXIT 234 & SR-47/SR-117",Bonduel,WI,582,3.457,,
2532,64407,CIRCLE K #2741527,US-281,Premont,TX,625,2.999,27.3846408,-98.1198198
2533,64408,QUIKTRIP #4058,"I-37, EXIT 125 & SR-1604",San Antonio,TX,740,2.966,29.4246002,-98.4951405
2534,64409,LONE STAR TRAVEL CENTER,"I-35, EXIT 147",San Antonio                             ,TX,740,3.059,29.4246002,-98.4951405
2535,64420,Valero,US-59 & AT ST-87,Timpson                                 ,TX,766,3.059,31.9012976,-94.4099997
2536,64421,TXB #17 DBA KWIK CHEK FOOD STORES,SR-121,Trenton,TX,630,3.299,33.43693,-96.332859
2537,64422,Chevron,"I-10, EXIT 858",Vidor,TX,610,2.749,30.1313283,-94.0148021
2538,64423,PILOT #568,"I-35, EXIT 140",Von Ormy,TX,740,3.211,29.27926,-98.66685
2539,64430,GOLDEN SPIKE TRAVEL PLAZA,"I-15, EXIT 382",Tremonton,UT,835,3.599,41.7120775,-112.165779
2540,64431,RJS  FUEL STOP,"I-15, EXIT 40",Tremonton,UT,835,3.459,41.7120775,-112.165779
2541,64435,SPEEDWAY #4632,US-360/US-58 & SR-1224,Danville,VA,65,4.059,36.5817482,-79.3486377
2542,64436,MS 58 PLAZA,"I-95, EXIT 11",Emporia                                 ,VA,180,3.182,36.6859828,-77.5424808
2543,64438,PILOT TRAVEL CENTER #4622,US-58,South Boston,VA,65,4.009,36.6987494,-78.9013987
2545,64442,PILOT TRUCK STOP #583,"I-5, EXIT 262",Ferndale,WA,850,4.599,48.8466698,-122.589723
2547,64445,KWIK TRIP #413,SR-93 & SR-95,Arcadia,WI,295,3.316,44.2527212,-91.5014893
2531,64406,Main Street Market,SR-84 & FM-73,Prairie Hill,TX,765,2.899,,
2550,64451,ROYAL FARMS #79,ST 13,New Church                              ,VA,194,3.339,37.9790117,-75.5310365
2551,64455,SPEEDWAY #4648,SR-254,Waynesboro,VA,180,3.959,38.0686668,-78.8893999
2552,64463,KWIK TRIP #202,"I-39/US-51, EXIT 151 & SR-54",Plover,WI,395,3.266,44.4563579,-89.544007
2553,64474,SIGNAL FOOD STORE #108,US-60,Mountain View,MO,535,3.032,37.0007357,-91.7073804
2554,64477,PILOT #1063,"I-40, EXIT 81",Marion,NC,210,3.759,35.6841022,-82.0091028
2555,64478,PILOT TRAVEL CENTERS #141,"I-80, EXIT 6",Evanston,WY,835,3.699,41.2682462,-110.963758
2556,64479,YESWAY #1148,"US-30, EXIT 186",Marshalltown,IA,320,3.246,42.048881,-92.9122672
2557,64480,TA Garden City,US-83 & US-400,Garden City,KS,525,3.731,37.9627998,-100.839627
2559,64482,LOVES TRAVEL STOP #208,"I-55, EXIT 119 & SR-22",Canton,MS,655,3.489,32.612602,-90.0367512
2560,64484,LOVES TRAVEL STOP #206,"I-10, EXIT 44 & SR-59",Loxley,AL,715,3.339,30.6182476,-87.7530454
2561,64485,PILOT TRAVEL CENTERS #433,"I-20, EXIT 470",Dallas,TX,630,3.182,32.94918,-96.468093
2562,64486,GREENWAY STORE #614,"I-85/SR-403, EXIT 61 & SR-74",Fairburn                                ,GA,18,3.199,33.5670562,-84.5810418
2563,64487,PILOT TRAVEL CENTERS #165,"I-57 & I-70, EXIT 162",Effingham                               ,IL,510,3.299,39.14532,-88.53116
2568,64488,PILOT TRAVEL CENTERS #274,"I-10, EXIT 109",Breaux Bridge                           ,LA,600,3.142,30.282437,-91.902052
2569,64490,QUICK FUEL #2201,"I-85, EXIT 36",Atlanta,GA,18,3.352,33.754377,-84.343645
2570,64491,QUICK FUEL #1803,I-80/I-294 & SR-1,South Holland,IL,290,3.849,41.5778762,-87.5528525
2574,64493,QUICK FUEL #2801,"I-435, EXIT 1-A AT MILE 1",Lenexa,KS,400,3.369,38.9697458,-94.7845837
2575,64494,QUICK FUEL #1704,I-75 EXIT 42 AT MILE 42,Lincoln Park,MI,325,3.669,42.2505943,-83.1785361
2577,64495,QUICK FUEL #1702,"I-96, EXIT 173",Livonia,MI,325,3.799,42.36837,-83.3527097
2578,64496,QUICK FUEL #1703,"I-94, EXIT 199-A",Romulus,MI,325,3.519,42.2222614,-83.3965995
2581,64498,QUICK FUEL #1705,SR-53,Warren,MI,325,3.849,42.514226,-83.027936
2584,64499,QUICK FUEL #2401,"I-71, EXIT 234",Bridgeton,MO,540,3.094,38.7566055,-90.42352
2585,64500,QUICK FUEL #2402,"I-435, EXIT 57",Kansas City,MO,400,3.292,39.1727771,-94.488587
2586,64501,QUICK FUEL #2602,"I-85, EXIT 40",Charlotte,NC,46,3.396,35.2272086,-80.8430827
2587,64502,QUICK FUEL #2305,"I-270, EXIT 10",Columbus,OH,315,3.631,40.029522,-83.035675
2588,64503,QUICK FUEL #2304,"I-75, EXIT 210",Toledo,OH,550,3.601,41.6529143,-83.5378173
2590,64509,QUICK FUEL #1002,"I-94, EXIT 319",Milwaukee,WI,444,3.741,42.9501316,-87.904951
2591,64511,QUICK FUEL #1010,SR-100,Milwaukee,WI,444,3.779,43.063714,-88.037957
2592,64512,QUICK FUEL #1001,"I-94, EXIT 301",New Berlin,WI,444,3.499,42.9762181,-88.1084968
2593,64514,PILOT TRAVEL CENTERS #435,"I-10, EXIT 0",Anthony                                 ,TX,640,3.459,32.696364,-94.188817
2594,64517,KWIK TRIP #696,"I-94, EXIT 19 & US-63",Baldwin,WI,451,3.574,44.954039,-92.376324
2596,64520,LOVES TRAVEL STOP #222,"I-70/US-35, EXIT 149B & US/35/SR-38",Richmond,IN,375,3.949,39.880248,-84.944155
2597,64521,CHOCTAW TRAVEL PLAZA #635,US-259/SR-3,Broken Bow,OK,560,2.999,34.1311008,-94.7441258
2598,64523,SKY CITY TRAVEL CENTER,"I-40, EXIT 102 NORTH",Pueblo Of Acoma,NM,580,3.281,34.897114,-107.58424
2599,64524,FLYING J TRAVEL PLAZA #790,"ST 401, EXIT 579",Napanee                                 ,ON,720,4.630,30.207435,-91.824932
2605,64525,PILOT TRAVEL CENTERS #3,"I-80, EXIT 223",Youngstown,OH,573,3.452,41.098763,-80.652215
2606,64526,PILOT TRAVEL CENTERS #53,"I-40, EXIT 143",Hurricane Mills,TN,460,3.176,35.9711736,-87.781969
2607,64527,PILOT TRAVEL CENTERS #50,"I-71, EXIT 28",Pendleton,KY,415,3.759,38.4622879,-85.3035678
2609,64529,PILOT TRAVEL CENTERS #436,"I-40, EXIT 75",Amarillo,TX,585,3.266,35.20729,-101.8371192
2610,64530,PILOT TRAVEL CENTERS #420,"I-20, EXIT 114",Madison,GA,16,3.859,33.55513,-83.47461
2612,64532,PILOT #4560,"I-75, EXIT 201",Jackson,GA,67,3.376,33.2945651,-83.9660209
2614,64533,SHELL,US-287/US-81 & CR-718,Haslet,TX,637,2.891,32.9202552,-97.3532434
2615,64534,CIRCLE K #4707045,"I-95, EXIT 32",Biddeford,ME,170,3.957,43.477829,-70.499014
2616,64535,FLYING J TRAVEL PLAZA #628,"I-85, EXIT 160",Carnesville,GA,16,3.206,34.37483,-83.25793
2617,64536,FLYING J TRAVEL PLAZA #640,"I-84, EXIT 173",Jerome,ID,785,3.902,30.207435,-91.824932
2618,64537,FLYING J TRAVEL PLAZA #739,"I-35, EXIT 330B",Waco,TX,765,3.221,31.5491899,-97.1474628
2619,64538,PILOT TRAVEL CENTER #445,"I-94, EXIT 22 & US-20",Chesterton,IN,365,3.829,41.6107243,-87.0522661
2622,64546,GRUB MART #13,"I-59, EXIT 205 & US-411/SR-25/SR-68",Centre,AL,587,3.349,34.1520406,-85.6788531
2623,64554,FACKLER TEXACO TRUCK STOP,US-72 & CR-42,Fackler,AL,615,3.199,34.7925827,-85.9099775
2624,64558,MR FUEL #1203,"I-20, EXIT 129",Meridian,MS,705,2.812,32.3643098,-88.703656
2625,64569,LOVES TRAVEL STOP #624,"I-65, EXIT 8B",Mobile,AL,715,3.206,30.6913462,-88.0437509
2626,64571,PETRO STOPPING CENTER #331,"I-15, EXIT 54",Las Vegas,NV,910,3.734,36.1674263,-115.1484131
2627,64572,CIRCLE K #2723730,US-43/SR-13/SR-69,Northport,AL,615,3.399,33.2292976,-87.5771286
2628,64578,MARATHON,US-431/SR-1,Phenix City,AL,50,3.249,32.4674928,-85.0279178
2629,64581,SNEAD SHELL,US-278 & SR-75,Altoona                                 ,AL,587,3.109,34.025609,-86.3258835
2630,64592,LOVES TRAVEL STOP #368,"I-65, EXIT 208 & CR-28",Clanton,AL,720,3.337,32.8392013,-86.6309229
2631,64595,PILOT TRAVEL CENTERS #425,"I-10, EXIT 192",Midway,FL,20,3.799,30.427643,-87.001087
2633,64599,PONY EXPRESS TRAVEL PLAZA #6,"US-167/US-67, EXIT16 & SR-5",Cabot,AR,695,3.499,34.974532,-92.0165336
2634,64600,Caseys #4552,"I-40, EXIT 57",Clarksville,AR,645,3.244,35.461914,-93.447958
2635,64610,KINGS RIVER COUNTRY STORE,US-412,Huntsville,AR,735,3.266,36.1165076,-93.7195685
2636,64617,SHELL,"I-55, EXIT 48",Osceola,AR,435,2.999,35.69813,-90.05009
2637,64647,HOOKS,I-16 EXIT 16,East Dublin,GA,85,3.399,40.981139,-75.629348
2639,64651,QUICK FUEL #2101,I-465,Indianapolis,IN,375,3.869,39.7683331,-86.1583502
2640,64654,Fast Stop,"I-10, EXIT 177",Saint Gabriel                           ,LA,600,3.699,30.2576953,-91.0992706
2641,64655,ONE9 #7937,"I-85/I-40, EXIT 132",Mc Leansville,NC,65,3.399,35.654279,-108.261862
2642,64656,QUICK FUEL #2601,SR-27,Charlotte,NC,46,3.512,35.240614,-80.812758
2643,64660,QUICK FUEL #1005,SR-59 & SR-164,Waukesha,WI,444,3.623,43.0115598,-88.2316352
2644,64662,QUICK FUEL #1011,"I-94, EXIT 100",Milwaukee,WI,444,3.521,42.9501316,-87.904951
2645,64664,CIRCLE K #4701424,"I-74, EXIT 102",Morton,IL,280,3.699,40.6127349,-89.459323
2649,64672,FLYING J TRAVEL PLAZA #655,"I-70, EXIT 123 & SR-3",Spiceland,IN,375,3.959,39.838379,-85.4388608
2650,64673,WESTVILLE TRUCKSTOP,US-6/US-421,Westville                               ,IN,365,3.586,41.5422152,-86.8973102
2651,64674,ZANCO SHELL,"I-395, EXIT 87",Plainfield                              ,CT,175,4.399,41.6799374,-71.9147282
2652,64675,Petro Mart #45,"I-70/US-40, EXIT 148 & US-54",Kingdom City,MO,392,2.939,38.9427219,-91.9417153
2653,64676,PILOT TRAVEL CENTERS #460,"I-40, EXIT 140",Oklahoma City,OK,483,3.309,35.4729886,-97.5170536
2654,64677,MOUNT VERNON FUEL CENTER,"I-75, EXIT 59 & US-25",Mount Vernon,KY,410,2.999,37.357539,-84.353471
2655,64678,AINSWORTH FOUR CORNERS,US-218/SR-27 & SR-92,Ainsworth,IA,380,3.109,41.3147196,-91.5463783
2656,64679,PILOT TRAVEL CENTER #118,I-30 EXIT 121,Benton,AR,695,3.259,34.5645372,-92.586828
2658,64681,PILOT TRAVEL CENTER #458,"I-10, EXIT 208",Eloy,AZ,930,3.439,32.7551703,-111.553493
2660,64682,FLYING J TRAVEL PLAZA #705,"I-40, EXIT 20 & US-283",Sayre,OK,483,3.182,35.254585,-99.646766
2661,64683,QUIKTRIP #777,"I-20, EXIT 49",Atlanta,GA,18,2.972,33.7544657,-84.3898151
2663,64687,PILOT TRAVEL CENTERS #421,"I-75, EXIT 326",Dalton,GA,285,3.306,34.7691867,-84.9702475
2665,64689,FLYING J TRAVEL PLAZA #789,HWY 401,London,ON,200,3.960,39.891236,-83.444225
2671,64702,FLYING J TRAVEL PLAZA #846,HWY 9 & HWY 36,Hanna                                   ,AB,80,4.954,35.2025992,-95.8904091
2677,64706,CIRCLE K #2721571,"I-65, EXIT 69",Brewton,AL,715,3.399,31.1039239,-87.0722655
2678,64712,SUNSTOP #650,US-431 & SR-210,Dothan,AL,20,3.412,31.2237285,-85.3934375
2679,64713,GOOD TO GO,"I-65, EXIT 200",Enterprise                              ,AL,20,3.599,31.3151708,-85.8552161
2680,64715,CIRCLE K #2709067,US-31/SR-6,Prattville,AL,720,3.499,32.3169278,-86.3499034
2681,64718,CUZZS,US-43/SR-13,Thomasville,AL,720,3.532,31.9105569,-87.7415322
2682,64719,CIRCLE K #2706697,"I-85, EXIT 77",Valley,AL,720,3.399,32.8187406,-85.1793852
2684,64723,CASHS #4470,US-65,Dumas,AR,655,3.209,33.886114,-91.4839951
2685,64724,TOBOS TRAVEL CENTER,"I-540, EXIT 58",Fayetteville                            ,AR,735,3.349,36.0625843,-94.1574328
2686,64755,PILOT TRAVEL CENTERS #44,"I-70, EXIT 101",Boonville,MO,310,3.519,38.9751547,-92.7440277
2688,64765,CENEX,"I-76, EXIT 125",Sterling,CO,800,3.416,40.6255415,-103.207709
2689,64773,Sun Gas,US-301,Middletown,DE,243,2.999,39.4497639,-75.7166345
2690,64775,SHORE STOP #287,US-13,New Castle,DE,243,3.289,39.6620572,-75.5663132
2693,64778,SUNSTOP #347,US-27,Branford,FL,75,3.699,29.9555038,-82.9284962
2694,64779,SPEEDWAY #6530,US-50,Brooksville,FL,225,3.382,28.5552719,-82.3878709
2695,64789,KROME EXXON,SR-997 & SR-994,Miami,FL,95,3.399,25.7741566,-80.1935973
2696,64793,CIRCLE K #2721297,US-301,Middleburg,FL,75,3.399,30.0688512,-81.8603778
2697,64795,QUICK FUEL #5101,"I-4, EXIT 79",Orlando,FL,140,3.362,28.5421218,-81.379045
2698,64798,RIVIERA TRUCKSTOP,SR-710,West Palm Beach,FL,95,3.779,26.709302,-80.200782
2699,64803,MARATHON,"I-4, EXIT 3",Tampa,FL,225,3.422,27.9495104,-82.4577068
2700,64804,SPEEDLANE,US-301 &SR-574,Tampa,FL,225,3.449,27.9495104,-82.4577068
2701,64811,SUNSTOP #819,US-19,Americus,GA,15,3.699,32.203469,-84.268075
2702,64815,BUENA VISTA GAS N GO,SR-26 & SR-41,Buena Vista,GA,10,3.299,32.3190398,-84.5171411
2704,64820,Mr Pips,US-84/SR-38,Donalsonville,GA,20,3.199,31.0506501,-84.8999729
2705,64825,EXIT 10 AUTO AND TRUCK STOP,"I-185/SR-411, EXIT 19 & SR-315",Fortson                                 ,GA,50,3.399,32.6070821,-84.9371542
2706,64831,CIRCLE K #2745072,US-341,Lumber City,GA,195,3.529,31.9293488,-82.6795831
2707,64833,QWICKSERV,US-319 BUS & SR-133/SR-35/SR-33,Moultrie,GA,20,3.599,31.1793436,-83.788579
2708,64834,SUSIE Q #90,US-319 & SR-33,Moultrie,GA,10,3.799,31.1793436,-83.788579
2709,64840,BP,US-278/SR-6 & SR-101,Rockmart,GA,18,3.599,34.0048217,-85.026081
2710,64842,Circle K #2745128,US-301 & US-25,Statesboro,GA,195,3.199,32.464568,-81.766843
2711,64843,A TO Z TRUCKSTOP,US-301/US-25/SR-73,Statesboro,GA,195,3.599,32.4490141,-81.7832912
2712,64850,SHAKE RAG EXPRESS,US-1 & US-78,Wadley,GA,135,3.416,32.8679866,-82.3959464
2713,64856,KUM & GO #1056,"I-35, EXIT 56",Bevington,IA,320,3.099,41.3605472,-93.7907776
2714,64857,CHARITON FOOD SHOP,US-34,Chariton,IA,320,3.369,41.0069156,-93.3165344
2716,64860,BP TRUCK PLAZA,US-61/US-151,Dubuque                                 ,IA,335,3.489,42.4380998,-90.6802777
2717,64862,218 FUEL EXPRESS,US-218 & US-18,Floyd,IA,433,3.489,43.1319992,-92.7352585
2718,64863,FT MADISON FAST BREAK,US-61,Fort Madison,IA,345,3.399,40.632835,-91.3815058
2719,64868,MEDIAPOLIS FAST BREAK,US-61,Mediapolis,IA,345,3.349,41.014836,-91.1739344
2720,64871,STEWART ROAD FAST BREAK,CR-X61,Muscatine                               ,IA,270,3.299,41.4246132,-91.0436508
2721,64873,CUBBYS #2301,"I-29, EXIT 112",Onawa,IA,319,3.149,42.02665,-96.13224
2722,64874,OSCEOLA TRAVEL PLAZA,"I-25, EXIT 33 & US-34",Osceola,IA,320,3.312,41.0341224,-93.7665629
2723,64875,CASEYS #2598,"SR-163, EXIT 42",Pella,IA,320,3.199,41.4073138,-92.9174074
2724,64876,PILOT #238,"I-29, EXIT 10",Percival,IA,319,3.799,40.748842,-95.8131914
2727,64880,CASEYS #2487,US-71/SR-9,Spirit Lake,IA,440,3.382,43.4222023,-95.1262516
2728,64881,SPARKYS ONE STOP #16,US-71 & SR-3,Storm Lake                              ,IA,527,3.232,42.6452817,-95.1992726
2729,64883,KUM & GO #1046,"I-80, EXIT 46 & CR-M47",Walnut,IA,486,3.109,41.4772595,-95.2220692
2730,64884,SAPP BROS TRAVEL CENTER,US-61 & SR-78,Sioux City,IA,527,3.649,42.4966815,-96.4058782
2731,64886,WEVER JUNCTION,US-61 & CR-X50,Wever,IA,345,3.399,40.7114884,-91.2304308
2732,64887,COUNCIL FOOD AND FUEL,US-95,Council,ID,785,3.589,44.7298876,-116.438198
2733,64888,NOMNOM #21,US-95 & SR-13,Grangeville,ID,970,3.907,45.9250684,-116.1453778
2734,64892,JACKSONS FOOD STORE #3,US-95,Wilder,ID,785,3.579,43.6656939,-116.9119576
2738,64902,DOWNS TRAVEL MART,"I-74, EXIT 142",Downs,IL,368,3.499,40.38976,-88.87535
2739,64907,FREEDOM OIL #77,"I-74, EXIT 112 & SR-117",Goodfield                               ,IL,368,3.659,40.6297593,-89.2748084
2740,64913,Circle K #4701331,US-136 & US-67,Macomb,IL,345,3.499,40.461176,-90.671299
2741,64914,Martinsville Food and Fuel,"I-70, EXIT 136",Martinsville,IL,510,3.489,39.35865,-87.88225
2742,64920,KWIK STAR #1530,"I-88/SR-110, EXIT 76 & SR-251",Rochelle,IL,520,3.499,41.9239178,-89.0687074
2743,64928,SPEEDWAY #1432,"I-294, EXIT 22",Willow Springs,IL,293,3.859,41.7366004,-87.8693152
2744,64929,KARTAR TRUCK STOP,"I-74, EXIT 32 & SR-17",Woodhull,IL,270,3.599,41.1789256,-90.3159582
2745,64930,THORNDALE SHELL,"I-290, EXIT 5",Wood Dale,IL,290,3.459,41.9633625,-87.9789562
2746,64933,MCCLURE OIL #66,US-33/US-27,Decatur,IN,370,3.699,40.84579054388433,-84.93755135012154
2747,64938,FAMILY EXPRESS #41 (DISCOUNT AVAILABLE),US-52,Lafayette,IN,375,3.432,40.395806,-86.856191
2749,64946,MORNING STAR AUTO TRUCK PLAZA,"I-69, EXIT 334 & US-6",Waterloo                                ,IN,370,3.699,40.448934,-99.313627
2750,64949,PETES #36,US- 54 & US-169,Iola,KS,400,3.206,37.8930579,-95.3861884
2751,64950,CASEYS #2957,US-73 & US-36,Hiawatha,KS,400,3.151,39.8485938,-95.5949416
2752,64952,AMPRIDE,US-160,Johnson                                 ,KS,525,3.399,37.570187,-101.761886
2753,64961,SAC AND FOX TRUCK STOP,US-75,Powhattan,KS,553,2.984,39.7409619,-95.729703
2754,64963,FLINT HILLS ONE STOP,US-50,Strong City,KS,553,2.919,38.4001109,-96.5343727
2755,64964,U PUMP IT,US-83 & US-56,Sublette                                ,KS,525,3.679,37.4802338,-100.8543089
2756,64969,ALLSTAR FOOD MART,SR-55,Campbellsville                          ,KY,415,3.159,37.3433974,-85.3419069
2758,64982,FAS MART #5260,SR-9 & US-68/US-62/SR-10,Maysville,KY,312,3.364,38.6474569,-83.7644793
2759,64984,DOUBLE KWIK MARKET #1062,"I-75, EXIT 104",Nicholasville,KY,410,3.499,37.887497,-84.609375
2760,64990,LAKE COUNTRY OUTDOORS,SR-127,Russell Springs,KY,410,3.199,37.0566246,-85.0875858
2761,64994,E Z STOP,SR-555 & SR-9002,Willisburg,KY,410,3.379,37.8097892,-85.126347
2763,64998,CM BAYOU VISTA,US-90,Morgan City,LA,725,3.399,29.7010131,-91.185392
2764,64999,I 220 TRAVEL PLAZA,"I-270, EXIT 17A & US-80/US-79",Bossier City,LA,766,2.992,32.5166147,-93.7444248
2766,65002,FOOD N FUN #11,US-90 & SR-92-1,Broussard,LA,600,3.302,30.1471506,-91.9612413
2767,65005,USA TRAVEL CENTER,"I-20, EXIT 103/US-80",Calhoun                                 ,LA,719,3.216,32.5131169,-92.3722383
2768,65006,GOLDMINE TRUCKSTOP,US-190,Eunice                                  ,LA,730,3.199,30.4950959,-92.4464662
2769,65007,GOLDEN GROVE TRUCK PLAZA,SR-641 & SR-3125,Gramercy,LA,725,3.419,30.0474239,-90.6898128
2770,65008,BIG WHEELS TRAVEL CENTER,"US-90, EXIT 204 & SR-316",Gray,LA,725,3.499,29.6954298,-90.7854376
2771,65011,PLANTATION TRUCK PLAZA,SR-311 & SR-664,Houma,LA,725,3.116,29.5957696,-90.7195348
2772,65017,Y NOT STOP MANSURA,SR-1,Mansura,LA,730,3.399,31.05831,-92.04878
2773,65019,Hwy 31 Truck Stop,SR 31,Saint Martinville                       ,LA,730,3.329,30.097198,-91.842512
2774,65021,OPELOUSAS 190 TRUCK STOP,US-190,Opelousas,LA,600,2.871,30.525943,-92.085363
2775,65022,CM RACELAND,SR-1,Raceland,LA,725,3.299,29.7274331,-90.598976
2776,65023,SHOP RITE #85,"I-10, EXIT 87 AT MILE 87",Rayne,LA,600,3.149,30.25242,-92.26957
2777,65025,ELSIE AUTO AND TRUCK PLAZA,SR-1,Shreveport                              ,LA,766,2.949,32.5135356,-93.7477839
2778,65026,TA ST Rose #06480,US-61,Saint Rose,LA,725,3.226,29.966194,-90.309262
2779,65027,STARKS TRUCK STOP,SR-12,Starks,LA,690,3.599,30.3155874,-93.6618365
2781,65033,PILOT TRAVEL CENTERS #457,"I-75, EXIT 135",Beaverdam,OH,411,3.331,40.8329922,-83.9742825
2782,65036,WAVERLY TRUCKSTOP,"I-20, EXIT 157 & SR-577",Delhi,LA,719,2.964,32.4576421,-91.4931736
2783,65037,CIRCLE K #2707783,"I-20, EXIT 114 & SR-617",West Monroe,LA,719,2.957,32.5184775,-92.1476353
2784,65048,Irving,SR-2,Westminster,MA,34,3.749,42.5455,-71.873107
2785,65059,ROYAL FARMS #111,"I-95, EXIT 57",Baltimore,MD,22,3.209,39.1796388,-76.6695607
2786,65062,AC & T BIG POOL,"I-70, EXIT 12 & SR-56",Big Pool,MD,70,3.659,39.6237066,-78.0158337
2787,65064,A C AND T SHARPSBURG PIKE,"I-70, EXIT 29A & SR-65",Hagerstown,MD,70,3.799,39.6430455,-77.7191081
2789,65067,SUNOCO,US-301,Newburg,MD,60,3.379,38.364126,-76.978991
2790,65069,CIRCLE K #4707056,"I-95, EXIT 75",Auburn,ME,170,3.899,44.0965868,-70.2250697
2791,65074,CIRCLE K #4707004,"I-95, EXIT 244 & SR-157",Medway,ME,170,3.502,45.6089427,-68.5308623
2792,65075,CIRCLE K #4707017,"I-95, EXIT 48",Portland,ME,170,3.742,43.6573605,-70.2586618
2793,65083,SUNOCO,"I-75, EXIT 34B",Riverview                               ,MI,325,3.639,42.1742073,-83.1793697
2794,65084,BEACON & BRIDGE #19,US-131 & SR-115,Cadillac,MI,260,3.259,44.2519526,-85.4011619
2797,65086,FRED MOORE BP,"I-94, EXIT 257",Casco                                   ,MI,325,4.099,42.7525317,-82.6715845
2798,65088,Circle K #2746528,US-41/SR-28 & SR-95,Champion,MI,360,3.819,46.500276,-87.9503386
2799,65091,WYOMING FUEL PLAZA,"I-94, EXIT 210A",Dearborn,MI,325,3.599,42.3222599,-83.1763145
2800,65092,BP,"I-94 & US-12, EXIT 210",Dearborn,MI,325,3.579,42.3222599,-83.1763145
2804,65094,MARATHON,"I-75 & SR-32, EXIT 282",Gaylord                                 ,MI,287,3.829,45.0275,-84.68778
2806,65108,PICKLEMANS ONE STOP-ZEPHYR,ST 28,Newberry,MI,360,3.699,46.3030455,-85.5116115
2809,65121,BP TRAVEL CENTER AND TRUCK PLAZA,"I-275, EXIT 20",Belleville,MI,325,4.199,42.2048414,-83.4852106
2810,65127,PITSTOP MOBIL MART,"I-196, EXIT 72",Wyoming,MI,456,3.799,42.888969,-85.699686
2827,65194,CIRCLE K #2723401,US-98 BYP/SR-44 & SR-13,Columbia,MS,620,3.332,,
2813,65132,PETES PLACE SOUTH,US-71 & US-2,Bemidji,MN,355,3.416,47.5005383,-94.9101167
2814,65135,CIRCLE K #3819,SR-7,Clara City,MN,432,3.332,44.949126,-95.358139
2815,65136,HOLIDAY STATIONSTORE #2746422,"I-35, EXIT 253B",Duluth,MN,334,3.499,46.7838287,-92.1052679
2816,65141,KWIK TRIP #619,US-14 & ST-57,Kasson,MN,515,3.549,44.0227085,-92.7539884
2817,65142,HOLIDAY STATIONSTORE #2746376,"I-35W, EXIT 36 & CR-23",Circle Pines,MN,448,3.549,45.144882,-93.1553635
2818,65153,7Fleet #46516,"I-75, EXIT 164",Waite Park,MN,250,3.459,45.5537128,-94.2334634
2820,65165,AMERIMART # 11,US-61,Jackson,MO,275,3.299,37.382479,-89.666343
2821,65171,SIGNAL FOOD STORE #110,US-60 & SR-5,Mansfield,MO,535,3.026,37.1165625,-92.5869813
2822,65177,KUM & GO #0497,US-60/SR-413 & CR-M,Republic,MO,535,3.079,37.1193808,-93.4803765
2823,65178,WILD BILLS TRAVEL CENTER,US-65 & SR-14,Ridgedale                               ,MO,535,3.199,36.5005072,-93.2215354
2824,65180,TREX MART #11,"I-29, EXIT 65 & US-59",Savannah,MO,400,2.999,39.939595,-94.825576
2825,65188,GAS MART,"US-78, EXIT 14 & SR-309",Byhalia,MS,435,2.972,34.8723179,-89.6906396
2826,65192,CIRCLE K #2723396,US-49,Collins,MS,620,3.879,31.6262577,-89.5449543
2828,65197,SINGH PETRO,US-11,Ellisville                              ,MS,620,3.059,31.6018064,-89.2002664
2829,65198,CIRCLE K #2723437,US-49,Florence,MS,760,2.896,32.1534836,-90.1311971
2830,65204,SHELL GAS MART,US-82,Mathiston,MS,576,3.366,33.5402243,-89.1386245
2831,65212,Taters #2,US-98 & SR-29,New Augusta,MS,620,3.316,31.203515,-89.0534924
2832,65213,CIRCLE K #2723390,US-98,New Augusta,MS,620,3.199,31.203515,-89.0534924
2833,65214,NEWTON CROSSING,"I-20, EXIT 109 & SR-15",Newton,MS,705,3.249,32.3212554,-89.1633929
2835,65221,CEFCO #544,"I-55/US-51, EXIT 81",Terry,MS,760,2.899,32.13237,-90.28676
2836,65223,SHELL EXPRESS MART,SR-7 & SR-315,Water Valley,MS,435,3.066,34.1514989,-89.6314736
2837,65225,CIRCLE K #2723402,US-49,Wiggins,MS,620,3.509,30.8470106,-89.152027
2838,65234,COUNTRY MART,US-13/SR-11,Bethel,NC,205,3.007,35.8071131,-77.3692876
2839,65241,CIRCLE K #2723474,US-70,Goldsboro,NC,205,3.541,35.3997258,-78.011419
2812,65129,HOLIDAY STATIONSTORE #2746345,"I-94, EXIT 103/US-52 & SR-29",Alexandria,MN,250,3.499,,
2841,65250,CIRCLE K #2723473,US-70,Morehead City,NC,245,3.649,34.7216018,-76.6849557
2842,65251,SPEEDWAY #8277,US-17 & SR-43,New Bern,NC,245,3.266,35.1068428,-77.0398762
2887,65383,M AND M ALLEGANY JUNCTION,"I-86/SR-17, EXIT 23 & US-219/US-219 BUS",Limestone,NY,38,3.129,,
2844,65267,CIRCLE K #2720939,"I-795/US-264, EXIT 43A & US-301",Wilson,NC,205,3.049,35.7241718,-77.9115243
2845,65268,SPEEDWAY #6931,"I-40, EXIT 195 & SR-109",Winston Salem,NC,65,3.609,36.0998131,-80.2440518
2846,65270,INTERSTATE CENEX,"I-94, EXIT 1 & SR-16",Beach,ND,273,3.499,46.9180689,-104.0043728
2847,65273,SIMONSON TRAVEL CENTER,"I-29, EXIT 141 & US-2",Grand Forks,ND,341,3.539,47.9252104,-97.0306325
2848,65274,CENEX C STORE,US-2 & SR-3,Rugby                                   ,ND,452,3.399,48.3546665,-99.9866378
2849,65282,HEBRON SINCLAIR,US-81,Hebron,NE,413,3.284,40.1664805,-97.5860852
2850,65283,CUBBYS #2107,US-20/SR-15,Laurel,NE,470,3.139,42.4239112,-97.101242
2852,65287,AM ENERGY,"I-80, EXIT 248",Overton                                 ,NE,330,2.899,40.69112,-99.54066
2853,65289,SHOEMAKERS SOUTH,US-77,Roca,NE,413,3.349,40.657321,-96.662314
2854,65290,ESSENTIAL FUEL #3,ST 71,Scottsbluff,NE,475,3.599,41.849663,-103.6647295
2855,65292,CUBBYS #117,SR-2 & SR-50,Syracuse                                ,NE,319,3.319,40.657224,-96.186398
2856,65293,TRAILS WEST SINCLAIR,US-34 & SR-25,Trenton,NE,475,3.499,40.1757537,-101.0131604
2857,65294,PRIME STOP,ST 35                         ,Wayne                                   ,NE,470,3.244,42.2303215,-97.0178768
2858,65296,CIRCLE K #4707214,"I-93, EXIT 12S & I-89 & SR-3A",Bow,NH,170,4.199,43.133061,-71.549149
2859,65299,EPPING FUELING CENTER,SR-27 & SR-125,Epping,NH,125,4.029,43.0394461,-71.0730253
2861,65310,Edison Fuel Stop,US-1,Edison,NJ,115,3.159,40.529065,-74.353338
2862,65314,Union 76,"I-55, EXIT 50A",Richwood,NJ,150,3.399,39.7226141,-75.1654567
2863,65315,SUNOCO- RICHARD STOCKTON PLAZA #7009,NJ TURNPIKE MILE POST 58.7 ,Trenton,NJ,115,3.899,40.2203074,-74.7659
2864,65319,PHILLIPS 66,US-30,Clementon,NJ,150,3.199,39.8115033,-74.9829443
2865,65320,PILOT #891,"I-80, EXIT 27B",Ledgewood,NJ,105,4.099,40.8812101,-74.6559944
2866,65328,THIND TRAVEL PLAZA,SR-20,North Bergen                            ,NJ,115,3.259,40.8042674,-74.012084
2867,65329,UTE MOUNTAIN TRAVEL CENTER,US-160 & US-491,Towaoc                                  ,CO,810,3.457,37.211302,-108.7234467
2868,65332,BETTY ROSS TRUCK STOP /BP,US-130 & SR-73,Pennsauken,NJ,150,3.329,39.9562238,-75.0579502
2869,65334,SUNOCO,US 22 WEST,Phillipsburg                            ,NJ,115,3.329,40.6778384,-75.1490382
2870,65335,CONOCO,US-22,Phillipsburg,NJ,90,3.359,40.68386,-75.149586
2872,65339,US GAS & DIESEL,US-46,Ridgefield,NJ,115,3.229,40.844373,-74.009827
2873,65343,ENRITE,"I-287, EXIT 4",South Plainfield,NJ,115,3.999,40.5792701,-74.4115401
2874,65345,SOUTH BRUNSWICK VALERO,US-130,North Brunswick                         ,NJ,115,3.166,40.4527398,-74.4590098
2875,65350,Phillips 66,"I-295, EXIT 1",Vineland                                ,NJ,150,3.359,39.4862777,-75.0254256
2876,65351,RIGGINS TRUCK PLAZA,"I-55, EXIT 26",Vineland,NJ,150,3.269,39.4862777,-75.0254256
2877,65353,SUNOCO- GROVER CLEVELAND TRAVEL PLAZA #7014,"NORTH NJ TNPK, EXIT 11",Woodbridge,NJ,115,3.899,40.554872,-74.284579
2878,65359,ROAD RUNNER TRAVEL CENTER,"I-25, EXIT 156",Lemitar,NM,580,3.299,34.15784,-106.91836
2879,65360,Roswell #60,US-285,Roswell                                 ,NM,593,3.366,33.331665,-104.517791
2880,65361,BLACK MESA TRAVEL CENTER,"I-25, EXIT 252",Algodones,NM,580,3.269,35.3806512,-106.4792491
2881,65365,CHEVRON #381125,US-95,Hawthorne,NV,966,4.079,38.533488,-118.62502
2882,65373,CHAMPLAIN PETERBILT FUEL MART,"I-87, EXIT 43",Champlain,NY,39,3.799,44.987976,-73.440739
2883,65377,PETROL 9 W,US-9W,Glenmont,NY,12,3.699,42.604802,-73.7695658
2885,65381,NATIVE PRIDE,"I-90, EXIT 58 & US-20",Irving,NY,38,2.999,42.582844,-79.130632
2888,65386,MIRABITO #73,"I-88, EXIT 12",Otego,NY,12,3.999,42.448203,-75.185595
2889,65387,MAPLEFIELDS,SR-22 & SR-442,Peru,NY,235,3.799,44.578486,-73.527031
2890,65392,CIRCLE K #4707622,"I-90, EXIT 41",Seneca Falls,NY,220,3.999,42.910719,-76.7967848
2891,65395,BELLSTORES #132,US-30 & SR-60,Ashland,OH,249,3.499,40.8431836,-82.2920402
2892,65398,QUICK FUEL #2306,"I-480, EXIT 12",Brookpark,OH,305,3.669,41.40428,-81.816562
2893,65400,NORTHSIDE FUEL STOP,US-30 & SR-19,Bucyrus,OH,411,3.507,40.8083909,-82.9754649
2894,65406,MOBIL,"I-90/SR-2, EXIT 182B",Cleveland,OH,305,3.766,41.58005,-81.5429
2895,65411,CLARKS PUMP N SHOP #10,SR- 32,Jackson,OH,315,3.699,39.052027,-82.642615
2896,65415,SPEEDWAY #9314,US-20 & SR-21,Massillon,OH,249,3.482,40.7965119,-81.5231597
2898,65426,CIRCLE K #4705357,US-23 & SR-316,Ashville,OH,315,3.089,39.7156186,-82.9529584
2899,65431,QUICK MART AND MORE,US-22 & SR-43,Steubenville,OH,573,3.639,40.3635526,-80.6230886
2900,65441,HUTCH'S #103,SR-6 & SR-66,Elk City,OK,483,2.969,35.4140081,-99.4138648
2901,65444,TXB #24 dba Kwik Chek Food Stores,US-70,Hugo,OK,253,2.969,33.9969248,-95.4753488
2902,65445,QWIK CHEQUE,US-70 & SR-37,Idabel,OK,253,3.199,33.8956647,-94.8263281
2903,65451,Petes #15,US-169 & SR-88,Oologah                                 ,OK,560,3.159,36.4325692,-95.7099349
2904,65457,THACKERSVILLE TRAVEL PLAZA,"I-35, EXIT 1",Thackerville                            ,OK,253,2.932,33.7955237,-97.1438728
2905,65463,FLYING J CARDLOCK #825,"HWY 403, EXIT 41",Brantford,ON,430,4.592,30.207435,-91.824932
2843,65252,SPEEDWAY #6964,SR-125 & SR-11/SR-42,Oak City,NC,205,3.197,,
2914,65476,PETRO-CANADA,"HWY 401, EXIT 186",London                                  ,ON,200,3.402,30.207435,-91.824932
2920,65484,FLYING J #865,HWY 1/HWY 401,Pickering,ON,720,4.463,41.9353328,-92.8439189
2929,65496,FLYING J #463,HWY 402 EXIT 25,Wyoming,ON,620,4.452,43.001645,-107.55153
2935,65513,GETGO #3602,"I-76, EXIT 146 & I-99, EXIT 1 & US-220",Bedford                                 ,PA,14,4.092,40.036486,-78.512086
2936,65514,ONVO TRAVEL PLAZA,"I-78, EXIT 13 & SR- 501",Bethel,PA,70,3.347,40.4743954,-76.2917678
2937,65518,KWIK FILL #239,ST 51,Crescent                                ,PA,165,3.799,40.558384,-80.230712
2938,65521,RUTTERS #17,US-15 & SR-234,East Berlin,PA,70,4.294,39.937597,-76.9785892
2939,65522,TURKEY HILL #950324,US-322 & SR-23/SR-897,East Earl,PA,208,3.786,40.1160703,-76.0398584
2940,65523,SAC SHOP #512,US-30,Everett                                 ,PA,14,4.099,40.019982,-78.350817
2941,65524,SAC SHOP #514,I-76/I-70 & US-30,Everett                                 ,PA,14,4.099,39.989288,-78.308943
2942,65525,SHELL,"I-95, EXIT 46A & US-1",Fairless Hills,PA,160,3.899,40.1795537,-74.8551644
2943,65527,SUNOCO SERVICE STATION,"I-81, EXIT 5",Greencastle,PA,70,3.899,39.790371,-77.7277714
2944,65530,7-ELEVEN #40284,"I-76, EXIT 19/247",Hershey,PA,70,3.967,40.2854881,-76.6506001
2946,65533,LIBERTY EXXON,US-15 & SR-414,Liberty,PA,138,3.699,47.4662895,-122.207909
2947,65537,SHEETZ #048,US-22,Nanty Glo,PA,14,3.517,40.471514,-78.834566
2948,65538,WELMART,"SR-28, EXIT 16",Natrona Heights                         ,PA,165,4.192,40.621456,-79.7277765
2949,65549,T&C MINI MART,SR-33 & SR-191,Stockertown,PA,90,3.699,40.754456,-75.2615618
2950,65552,A PLUS MINI MARKET,US-1 & SR-132,Feasterville Trevose                    ,PA,160,3.899,40.1484058,-74.9934733
2951,65556,RUTTERS #60,US-30 & SR-116,York,PA,70,4.249,39.962493,-76.7276989
2952,65572,CIRCLE K #2705377,"I-20, EXIT 22 & US-1",Aiken,SC,135,3.129,33.5616173,-81.7224579
2953,65573,SPEEDWAY/7fleet #4587,US-501,Aynor,SC,205,3.124,33.9940514,-79.2026754
2954,65578,CIRCLE K #2723355,US-52,North Charleston,SC,42,3.399,32.8546197,-79.9748103
2956,65588,SPEEDWAY #2836,US-17,Johns Island,SC,42,3.069,32.7924,-80.10815
2957,65593,CIRCLE K #2723441,"I-82, EXIT 73 & SR-773",Prosperity,SC,210,3.116,34.2098669,-81.5338576
2958,65594,PILOT #4567,I-77 EXIT 77,Rock Hill,SC,46,3.149,34.9248667,-81.0250784
2959,65598,LEES QUICK STOP,US-52 & SR-45,Saint Stephen,SC,42,3.416,33.4043339,-79.9217432
2960,65603,JET TRUCK PLAZA,"I-29, EXIT 47",Beresford                               ,SD,530,3.159,43.0806132,-96.7742341
2961,65604,SHELL,"I-29, EXIT 132",Huron                                   ,SD,455,3.359,44.36308,-98.214388
2962,65608,ZIP TRIP #81,"I-29, EXIT 62 & US-18",Lennox,SD,530,3.204,43.30082,-96.793032
2963,65614,281 TRAVEL CENTER,US-281,Wolsey,SD,571,3.089,44.4195881,-98.4776375
2965,65624,Sudden Service #61,SR-149 & SR-46,Cumberland City,TN,460,3.564,36.374016,-87.6372891
2966,65625,Chevron,US-64,Fayetteville,TN,460,3.754,35.15984,-86.556086
2967,65629,CASEYS GOODSTOP #4036,"I-40, EXIT 355",Kingston,TN,405,3.164,35.8713147,-84.5160916
2968,65639,SPEEDWAY #7138,"I-24, EXIT 70 & SR-102",Smyrna,TN,460,3.049,35.9824598,-86.5199492
2969,65641,ALLSUPS CONVENIENCE STORE #2331,I-20 & FM 600,Abilene,TX,575,2.876,32.44645,-99.7475905
2970,65652,CIRCLE K #2706343,"I-20, EXIT 428",Fort Worth,TX,630,2.969,32.753177,-97.3327459
2971,65659,ALLSUPS CONVENIENCE STORE #2169,US-287,Chillicothe,TX,770,2.896,34.2572598,-99.5232279
2972,65666,FUEL CITY #2,"I-30, EXIT 45B/I-35E",Dallas,TX,630,2.966,32.9491659,-96.4680997
2973,65667,ALLSUPS CONVENIENCE STORE #2103,US-287/US-81,Decatur,TX,630,2.899,33.2153453,-97.5846736
2974,65671,SUPER STOP #22,SR-87 & SR-12,Orange,TX,610,3.439,30.0929879,-93.7365549
2975,65673,PILOT #894,US-57 & US-277,Eagle Pass,TX,693,3.899,28.7091461,-100.4571219
2976,65674,VALLEY MART #09,US-277,Eagle Pass,TX,740,3.199,28.7091461,-100.4571219
2978,65683,ALLSUPS CONVENIENCE STORE #2225,US-60,Friona,TX,585,2.999,34.6550349,-102.6650881
2979,65686,CEFCO #2004,"I-35 , EXIT 499",Vernon,TX,770,2.861,34.1513105,-99.2860857
2980,65690,CIRCLE G TRUCK STOP,US-183 & SR-97,Gonzales,TX,595,2.799,29.4954115,-97.451947
2981,65691,CIRCLE K #2704037,US-90/SR-97 & US-183,Gonzales,TX,595,2.904,29.6755352,-97.6326347
2982,65721,Paradise RV & Truck Park,US-287/US-81,Alvord,TX,770,2.816,33.3496862,-97.6943442
2983,65724,STRIPES 7FLEET #42427,US-385 & SR-191,Odessa,TX,710,3.289,31.8457149,-102.367687
2984,65728,RIVER MART,US-281/SR-241,Pharr,TX,639,3.349,26.2465164,-98.1757312
2985,65738,CIRCLE K #2741499,SR-35 & FM-1069,Rockport,TX,625,2.806,28.0205733,-97.0544341
2987,65759,XPRESS STOP,US-522 & SR-694,Cross Junction,VA,60,3.332,39.3203785,-78.2933382
2988,65761,NEW DIXIE MART #15,US-58 & SR-671,Franklin,VA,180,3.099,36.6776507,-76.9224609
2989,65762,7-ELEVEN #34516,"I-66, EXIT 6",Front Royal,VA,60,3.526,38.9179069,-78.1918077
2990,65764,LEESBURG CITGO,US-15,Leesburg,VA,60,3.499,39.103674,-77.574158
2991,65765,FOSTERS CONVENIENCE STORE,US-29 & SR-685,Rustburg,VA,185,3.599,37.2768113,-79.1008543
2992,65767,STATELINE FOOD MART #69,US-23,Pound,VA,44,3.599,37.10038,-82.599386
2994,65771,CITGO,"I-91, EXIT 3 & US-5",Brattleboro,VT,12,3.672,42.8561249,-72.5599441
2996,65791,EDGAR TRAVEL CENTER,SR-29 & CR-H,Edgar,WI,395,3.559,44.922529,-89.9639464
2997,65793,KWIK TRIP #921,SR-13 & SR-21,Friendship,WI,420,3.274,43.9716638,-89.8161783
2998,65794,BP,"I-43, EXIT 180",Green Bay,WI,360,3.349,45.0297122,-87.4609382
2999,65796,ADDISON STATION,"I-41/US-41, EXIT 68 & CR-K",Hartford,WI,444,3.149,43.317744,-88.3788508
3000,65800,BP,US-45,Kewaskum,WI,444,3.219,43.503895,-88.217562
3001,65804,KWIK TRIP #628,US-45,Larsen,WI,582,3.432,44.1805094,-88.6644744
3002,65805,HI WAY HOP BP,"I-42/US-41, EXIT 85 & SR-67",Lomira,WI,444,3.099,43.591382,-88.443713
3003,65806,SHELL,US-41 & SR-67,Lomira,WI,444,3.389,43.591382,-88.443713
2995,65789,BEAR CREEK CITGO,US-45 & SR-76/SR-22,Bear Creek,WI,360,3.439,,
3006,65812,PLAINFIELD PLAZA,SR-73 & I-39,Plainfield,WI,395,3.291,44.2138646,-89.4923422
3007,65813,KWIK TRIP #683,"I-39, EXIT 92 & US-51",Portage,WI,420,3.249,43.539494,-89.461334
3008,65814,Kracheys BP Truck Stop,US-18 & SR-35,Prairie Du Chien,WI,420,3.574,43.05194,-91.1409933
3009,65817,TREGO TRAVEL CENTER,US-53 & CR-E,Trego,WI,545,3.582,45.9016772,-91.8249769
3010,65818,KWIK TRIP #1048,"I-90, EXIT 12",West Salem,WI,515,3.317,43.8980198,-91.0813561
3011,65820,KWIK TRIP #673,"I-90 & SR-19, EXIT 131",Windsor,WI,420,3.254,43.246718,-89.324345
3012,65822,RSTORE #4499,US-45 & SR-29,Wittenberg,WI,395,3.156,44.8252621,-89.156796
3014,65828,PAR MAR FOOD STORE #52,US-50 & CR-50/16,West Union,WV,430,4.099,39.2965049,-80.7771097
3015,65831,Hat Six Travel Center,"I-25/US-87, EXIT 182 & SR-253/SR-256",Evansville,WY,790,3.999,37.9802274,-87.5429863
3016,65835,SOUTHSIDE TRAVEL CENTER,US-20/SR-789,Thermopolis,WY,790,3.799,43.6558569,-108.199044
3017,65836,PILOT TRAVEL CENTERS #434,"I-35W, EXIT 65",Fort Worth,TX,630,3.264,32.958873,-97.043618
3018,65837,PILOT TRAVEL CENTERS #455,"I-71, EXIT 140",Marengo                                 ,OH,315,3.719,40.4008945,-82.8107329
3019,65842,AM PM TRAVEL CENTER,US-1/SR-4,Blythe,GA,135,3.599,33.3182952,-82.1905577
3020,65847,ROAD RANGER #132,"I-57, EXIT 240",Champaign,IL,280,3.509,40.1164841,-88.2430932
3024,65848,Mobil,I-475,Flint,MI,342,3.199,43.036464,-83.676775
3025,65849,PS FOOD MART #1034,"I-94, EXIT 110 & US-27",Marshall,MI,431,3.459,42.2721367,-84.9642008
3029,65857,PILOT TRAVEL CENTERS #199,"I-20, EXIT 33",Haughton,LA,745,3.146,32.5325626,-93.5039231
3030,65858,SPEEDWAY #6661,"I-94, EXIT 40  & US-20 & US-35",La Porte,IN,465,3.599,41.606004,-86.71687
3031,65859,SPEEDWAY #6662,US-20 & SR-15,Bristol,IN,465,3.549,41.7287221,-85.8058908
3032,65860,LOVES TRAVEL STOPS #283,"E I-30 & FM 549, EXIT 70",Rockwall,TX,630,3.049,32.9491659,-96.4680997
3035,65863,VALERO,SR-31,Clinton,NJ,115,3.359,40.6362878,-74.9116603
3036,65866,FLYING J TRAVEL PLAZA #710,"I-81, EXIT 219",New Milford,PA,200,4.176,41.8761434,-75.7265607
3037,65868,7-ELEVEN #36073,"I-77, EXIT 54 & US-21",Statesville,NC,46,2.879,35.7827676,-80.8873574
3038,65873,PILOT TRAVEL CENTER #4619,"I-81 & I-77, EXIT 77",Wytheville,VA,185,3.551,36.9479966,-81.0869747
3039,65880,MR FUEL DBA ONE9 #1245,"I-55, EXIT 52 & SR-16",Litchfield,IL,574,3.199,39.1768621,-89.655615
3044,65883,FLYING J TRAVEL PLAZA #647,"I-64, EXIT 25 & US-41",Haubstadt,IN,340,3.959,38.204865,-87.57517
3045,65885,LOVES TRAVEL STOP #299,"US-75, EXIT 48 & SR-455",Anna,TX,630,3.197,33.3496662,-96.5547038
3046,65897,PETRO-CANADA,61ST AVE SE & 52ND ST SE,Calgary,AB,50,3.849,47.556278,-122.180007
3048,65901,PETRO-CANADA,"TCH-16, EXIT 383",Edmonton                                ,AB,80,3.787,36.982196,-85.613637
3054,65909,7-Eleven/7FLEET #40496,"I-81, EXIT 47 & SR-12",Watertown,NY,220,4.149,43.9747838,-75.9107565
3055,65912,ATOKA FUEL,US-75/US-69/SR-3,Atoka,OK,569,3.179,34.383855,-96.1289831
3056,65914,CASEYS #2732,US-30 & US-284/SR-2,Grand Island,NE,330,3.149,40.9194969,-98.3527429
3057,65915,Marathon,"I-94/US-52, EXIT 346 & CR-17",West Fargo,ND,341,3.029,46.874967,-96.900362
3059,65919,QUICK FUEL #5001,US-78/SR-4,Memphis,TN,435,3.026,35.033254,-89.909767
3060,65921,PETRO-CANADA,"TCH-2, EXIT 450 & HWY 126",Moncton,NB,600,3.932,40.650769,-74.640676
3064,65935,MAIN ST JUNCTION,SR-14 & SR-15,Louisville                              ,MS,705,3.099,33.1234879,-89.053243
3065,65939,PETRO-CANADA,"TCH-1, EXIT 366",Kamloops                                ,BC,800,4.452,30.207435,-91.824932
3071,65962,CIRCLE K #2705937,US-301/SR-35 & SR-50,Dade City,FL,225,3.332,28.3570961,-82.1846919
3072,65969,PILOT  #1105,SR-29 & SR-182,Bunkie,LA,730,3.212,30.9528641,-92.1857892
3073,65974,BEACON & BRIDGE #13,"US-127, EXIT 117",Ithaca                                  ,MI,342,3.649,43.291698,-84.6075
3074,65978,KWIK TRIP #623,US-61,Minnesota City,MN,515,3.399,44.0889845,-91.7480418
3075,65983,SPEEDWAY #6967,"US-17, EXIT 227 & SR-32",Edenton,NC,130,3.287,36.057938,-76.6077213
3077,66014,BIG D TRAVEL CENTER,SR-12 & SR-183,Irving,TX,630,2.956,32.8295183,-96.9442177
3078,66015,LOVES TRAVEL STOP #298,"I-35, EXIT 39 & SR-44",Encinal,TX,693,3.589,28.0406329,-99.3552096
3079,66016,FLYING J TRAVEL PLAZA #660,"I-64, EXIT 185 & SR-180",Catlettsburg,KY,255,3.766,38.4048042,-82.6004369
3080,66017,FLYING J TRAVEL PLAZA #626,"I-95/SR-9, EXIT 305 & SR-206",Saint Augustine,FL,75,3.449,29.8946952,-81.3145395
3081,66020,LOVES TRAVEL STOP #221,I-70 EXIT 160,Zanesville,OH,315,3.482,39.9401426,-82.005019
3082,66021,LOVES TRAVEL STOP #238,"I-65, EXIT 116 & SR-480",Shepherdsville,KY,415,3.599,37.9885936,-85.7158246
3083,66022,PILOT TRAVEL CENTERS #459,"I-10, EXIT 133",Avondale,AZ,930,3.599,33.4355977,-112.349602
3085,66023,SAPP BROS TRAVEL CENTER,"I-29, EXIT 10 & SR-2",Percival,IA,486,3.789,40.748842,-95.8131914
3086,66024,LOVES TRAVEL STOPS #239,"I-81/US-11, EXIT 84 & SR-619",Max Meadows,VA,185,3.589,36.97166,-80.9503639
3088,66025,SPACE AGE TRAVEL CENTER,"I-84, EXIT 183 & SR-207",Hermiston,OR,935,3.332,45.8404101,-119.28946
3089,66026,FLYING J TRAVEL PLAZA #643,"I-70 & I-57, EXIT 160",Effingham,IL,510,3.349,39.12032,-88.57033
3092,66029,Roady's Lucky Deuces,"I-10, EXIT 92 & SR-95",Duson,LA,600,3.036,30.2378751,-92.1801925
3094,66031,WILCO FAST BREAK,US-61/US-24,Palmyra,MO,494,3.119,39.7834672,-91.5177023
3095,66034,FAS MART #5134,"I-72, EXIT 144 S",Decatur,IL,280,3.459,39.91031,-88.89147
3097,66035,ROAD RANGER #136,"I-90, EXIT 147",Cottage Grove,WI,420,3.544,43.0785542,-89.1998285
3098,66036,FLYING J TRAVEL PLAZA #602,"I-65, EXIT 264",Birmingham,AL,615,3.559,33.5206824,-86.8024326
3099,66037,TA PRESCOTT TRAVEL CENTER,"I-30, EXIT 44",Prescott,AR,635,3.502,33.8026107,-93.3810057
3102,66039,LOVES TRAVEL STOP #237,"I-20, EXIT 171 & US-65",Tallulah,LA,760,3.259,32.4084539,-91.1869112
3100,66038,FLYING J TRAVEL PLAZA #1043,"I-15, EXIT 113",Idaho Falls,ID,825,3.799,,
3104,66041,PILOT TRAVEL CENTERS #195,"I-84, EXIT 104 & US-97",Wasco,OR,935,3.866,45.5917107,-120.698155
3105,66042,FLYING J TRAVEL PLAZA #707,"I-80, EXIT 78",Brookville,PA,14,4.034,41.1604348,-79.0794702
3106,66043,LOVES TRAVEL STOP #216,US-67 & US-287,Midlothian,TX,630,3.231,32.4418504,-96.919599
3108,66044,TA TAMPA TRAVEL CENTER,"I-4, EXIT 10",Seffner,FL,225,3.396,28.00608,-82.30249
3110,66046,PETRO STOPPING CENTER #345,I-69 EXIT357,Fremont,IN,550,3.899,41.738406,-84.937369
3111,66050,PILOT TRAVEL CENTERS #130,"I-77, EXIT 145",Richfield,OH,305,3.799,41.2397772,-81.6381785
3112,66051,Caseys #4419,I-165 EXIT 5,Bowling Green,KY,460,3.026,36.9678858,-86.498956
3113,66054,LOVES TRAVEL STOP #220,"I-25/US-87, EXIT 7 & SR-212",Cheyenne,WY,795,3.709,41.139981,-104.820246
3114,66055,WINDMILL BP,"US-20, EXIT 208 & SR-14",Holland                                 ,IA,320,3.599,42.3989349,-92.8001926
3115,66056,PILOT TRAVEL CENTERS #114,"I-40, EXIT 320",Crossville,TN,405,3.246,35.949684,-85.0274835
3116,66057,ROAD RANGER #205,"I-90, EXIT 1",South Beloit,IL,290,3.469,42.49168,-88.99455
3117,66059,TIME OUT TRAVEL CENTER,"I-40, EXIT 432-B",Newport,TN,405,2.966,35.9670412,-83.1876578
3118,66061,FLYING J TRAVEL PLAZA #709,"I-80, EXIT 173",Mill Hall,PA,14,4.016,41.1121786,-77.4893806
3120,66065,LOVES TRAVEL STOP #321,"SR 770 & I-75 , EXIT 29",Corbin,KY,410,3.599,36.9486986,-84.0968761
3121,66068,HOLIDAY STATIONSTORE #2746262,I-175 EXIT 394,Sault Sainte Marie,MI,287,3.799,46.4976734,-84.3476583
3132,66093,KWIK TRIP #414,"I-90, EXIT 209A & US-63/SR-30",Stewartville,MN,515,3.557,,
3123,66070,TAURO,"SR-78, EXIT 3",Phillipsburg,NJ,90,3.342,40.6915611,-75.1952543
3124,66072,GENES GO TRUCK STOP,"I-10/US-83, EXIT 456 & US-377",Junction                                ,TX,740,3.289,30.4893555,-99.7720109
3125,66073,EXXON,"I-24 & HUSBAND ROAD, EXIT 11",Paducah                                 ,KY,460,3.157,37.0369297,-88.5863207
3126,66074,HEARTLAND XPRESS,US-67 & SR-M,Poplar Bluff,MO,275,3.199,36.7563166,-90.3944869
3127,66075,CORNER MART #349,"I-26, EXIT 54 & SR-72",Clinton                                 ,SC,210,3.099,34.4726277,-81.8806562
3128,66078,Amoco,I-40 EXIT 447,Hartford,TN,405,3.099,35.81676,-83.14321
3129,66083,KANGAROO CROSSING,SR-35,Kosciusko,MS,705,3.199,33.0576295,-89.5875764
3130,66090,ROAD RANGER #267,US-281,Pharr,TX,639,3.564,26.215633,-98.180517
3163,66134,CIRCLE K #2721591,"I-10, EXIT 10 & US-29/SR-95",Pensacola,FL,155,3.222,,
3133,66099,NEW JERSEY TRUCK STOP DIESEL ONLY,"I-95, EXIT 15E & US-9/US-1",Kearny,NJ,79,3.759,40.7195979,-74.1522054
3134,66100,CIRCLE K #2723692,"I-26, EXIT 213",North Charleston,SC,42,3.399,32.9914044,-80.0642301
3135,66103,TERRIBLE HERBST #243,I-95 & SR-164,Searchlight,NV,910,3.832,35.4643868,-114.9189503
3136,66106,FLYING J TRAVEL PLAZA #509,"I-15, EXIT 112",Beaver,UT,910,3.689,38.2765305,-112.640278
3137,66109,QUARTERS TRAVEL PLAZA,"I-49, EXIT 23 & US-167 /SR-744",Opelousas                               ,LA,730,3.184,30.5355065,-92.1072215
3138,66110,LOVES TRAVEL STOP #479,"I-29, EXIT143",Sioux City,IA,527,3.642,42.4801862,-96.3878315
3139,66111,CROSSROADS EXPRESS,US-36 & US-83,Oberlin                                 ,KS,475,3.089,39.8306157,-100.534221
3140,66113,7-ELEVEN #39467,"I-95, EXIT 16E",Jersey City,NJ,115,3.259,40.7215682,-74.047455
3141,66114,LOVES TRAVEL STOP #235,"I-29 & US-169, EXIT 44",Saint Joseph,MO,400,3.332,39.7686055,-94.8466322
3142,66115,FLYING J TRAVEL PLAZA #697,"I-80, EXIT 234B",Hubbard,OH,573,3.459,41.1564626,-80.5689493
3143,66116,ONVO TRAVEL PLAZA - HARFORD,"I-81, EXIT 217 & SR-547",Harford,PA,200,3.589,41.7821907,-75.7010563
3144,66117,ONVO TRAVEL PLAZA PINE GROVE,"I-81, EXIT 32",Pine Grove,PA,70,3.539,40.5484233,-76.3846781
3150,66120,LOVES TRAVEL STOP #306,"I-40/SR-66, EXIT 412",Dandridge,TN,405,3.689,36.0153693,-83.4148895
3151,66121,ROAD RANGER #226,"I-65, EXIT 99",Greenwood,IN,375,3.601,39.607254,-86.11371
3152,66122,ROAD RANGER #139,"I-57, EXIT 212",Tuscola,IL,280,3.229,39.7998585,-88.2884552
3153,66123,ROAD RANGER #225,"I-80, EXIT 56",Princeton,IL,290,3.289,41.368092,-89.4648145
3156,66125,LOVES TRAVEL STOP #249,"I-55, EXIT 109",Williamsville,IL,318,3.489,39.9542161,-89.5487126
3159,66126,LOVES TRAVEL STOP #209,"I-20, EXIT 3 & US-80 & SR-169",Greenwood,LA,745,3.134,32.4435212,-93.9749081
3160,66131,SPEEDWAY #3446,"I-95, EXIT 10 & SR-440",Edison,NJ,115,3.586,40.5005351,-74.3983939
3161,66133,LOVES TRAVEL STOPS #228,"I-4, EXIT 44",Polk City,FL,225,3.389,28.1825147,-81.8239676
3176,66167,PETRO-CANADA,HWY-2 & HWY-19/HWY-625,Nisku                                   ,AB,80,3.737,,
3164,66135,CIRCLE K #2721592,"I-10, EXIT 5 & US-90 ALT",Pensacola,FL,155,3.222,30.421309,-87.2169149
3165,66136,CHOCTAW TRAVEL PLAZA #638,US-270 & US-59 & US-112,Poteau,OK,645,3.299,34.9319444,-94.6993241
3166,66137,CIRCLE K #2721594,"I-10, EXIT 263",Slidell,LA,725,3.171,30.2751945,-89.7811745
3167,66138,LOVES TRAVEL STOP #307,"I-75, EXIT 201",Jackson,GA,18,3.386,33.2945651,-83.9660209
3170,66141,QUICK FUEL #5102,"SR-826, EXIT NW 58TH ST",Miami,FL,95,3.389,25.827962,-80.228712
3171,66142,QUICK FUEL #5106,SR-589 & SR-580,Tampa,FL,225,3.492,27.9495104,-82.4577068
3172,66149,QUICK FUEL #5105,"I-75, EXIT W BRANDON BLVD",Tampa,FL,225,3.501,27.937813,-82.273435
3173,66152,Flying J Travel Plaza #656,"I-65, EXIT 95 & CR-500",Whiteland,IN,375,3.959,39.5500485,-86.0797079
3174,66155,7-ELEVEN #36575,"I-35, EXIT 248",Pflugerville,TX,595,2.899,30.4393696,-97.6200043
3175,66156,7-ELEVEN #36567,SR-6 & SR-21,Bryan,TX,670,3.144,30.6743643,-96.3699632
3179,66172,Timewise Food Store #163,"I-35, EXIT 8",Laredo                                  ,TX,693,2.936,27.5079211,-99.5069834
5163,69362,HART MARATHON,US-31,Hart,MI,456,3.499,43.6859629,-86.3929609
3122,66069,128 NEWTON GAS,"I-95, EXIT 20A/SR-128 & SR-9",Newton Lower Falls                      ,MA,34,4.299,,
3182,66176,PILOT #6996,"I-40, EXIT 364",Warsaw,NC,245,3.472,34.999716,-78.0939655
3183,66177,PILOT #6978,"I-74/I-73/US-220, EXIT 44 & SR-211",Candor,NC,65,3.999,35.2951421,-79.7453164
3184,66178,LOVES TRAVEL STOP #284,I-69C/US-281 & FM-2812,Edinburg,TX,639,3.111,26.2658996,-98.1598905
3185,66179,LOVES TRAVEL STOP #246,I-80 EXIT 46,Fernley,NV,966,3.916,39.6078829,-119.2506489
3186,66182,CIRCLE K #2706708,"I-185, EXIT 10",Midland,GA,50,3.339,32.5748608,-84.827152
3188,66184,HENRIETTA TRUCK STOP,"I-390, EXIT 12 & I-90, EXIT 46",Henrietta,NY,190,3.899,43.047401,-77.652981
3189,66185,TIGERMART OF BUFFALO,"I-45, EXIT 178 & US-79",Buffalo,TX,670,3.599,31.4634891,-96.0641283
3190,66186,STRIPES #40813,US-281 & SR-285,Falfurrias,TX,625,3.087,27.2247328,-98.1462397
3191,66190,PETRO-CANADA,HWY 1 EXIT 44,Coquitlam                               ,BC,800,4.593,33.681211,-85.263069
3197,66193,PETRO-CANADA,ST 97,Fort Nelson                             ,BC,850,4.854,28.1661516,-80.6835985
3203,66195,MOBIL,"I-495, EXIT 26 & SR-62",Berlin,MA,34,3.699,42.3813665,-71.6372642
3204,66196,EXXON TIGER MART,"I-35, EXIT 386",Italy,TX,630,3.122,32.1840381,-96.8847194
3205,66198,CIRCLE K #2703117,"I-20, EXIT 11",Graniteville,SC,135,3.159,33.5637483,-81.8078887
3206,66203,PETRO-CANADA,TCH-16 & HWY-97,Prince George                           ,BC,850,4.509,48.108456,-119.77707
3212,66217,PETRO-CANADA,I-16,Hinton                                  ,AB,80,3.793,42.626701,-96.2939254
3221,66221,ROAD RANGER #236,"I-43, EXIT 38",East Troy,WI,420,3.082,42.7851871,-88.4054374
3222,66223,7-ELEVEN #36548,SR-83,Laredo,TX,693,2.999,27.5079211,-99.5069834
3223,66224,ROAD RANGER #235,"I-90, EXIT 36",Hampshire,IL,290,3.369,42.0978028,-88.5303643
3224,66225,ROAD RANGER #140,"I-39, EXIT 72",Mendota,IL,520,3.439,41.5542,-89.06092
3228,66227,Pilot Travel Centers #482,"I-57, EXIT 95",Mount Vernon,IL,574,3.399,38.31283,-88.95201
3232,66229,LOVES TRAVEL STOP #308,"I-40, EXIT 86 & SR-226",Marion,NC,210,3.739,35.6841022,-82.0091028
3233,66230,PETRO COLBY TRUCKSTOP,"I-70, EXIT 53 & SR-25",Colby                                   ,KS,525,3.599,39.3959655,-101.0526881
3234,66235,LOVES TRAVEL STOP #291,"I-75, EXIT 95 & SR-627",Richmond,KY,410,3.599,37.7478572,-84.2946539
3235,66236,LOVES TRAVEL STOP #309,"I-80, EXIT 332 & SR-14",Aurora,NE,330,3.289,40.866888,-98.004508
3236,66237,ROUTE 66 TRAVEL CENTER,"I-40, EXIT 140",Albuquerque,NM,580,3.359,35.0841034,-106.650985
3237,66238,BETTY BEAVERS TRUCKSTOP,"I- 90, EXIT 29",Canajoharie,NY,12,3.599,42.9065903,-74.5678677
3239,66241,PUMP & PANTRY #29,US-30,Central City,NE,330,3.337,41.116943,-97.98651
3240,66242,PUMP & PANTRY #23,"US-34, EXIT 4TH AVE",Holdrege,NE,330,3.449,40.437868,-99.379172
3241,66243,CIRCLE K #4707000,SR-9,Baileyville,ME,170,3.899,45.15213,-67.40326
3242,66244,STRIPES #40809,"I-37, EXIT 56",George West,TX,625,3.044,28.3318242,-98.1171612
3243,66247,GULF OIL #5045,I-90 EXIT 83,Charlton                                ,MA,34,3.909,42.1340806,-71.9698085
3244,66248,CIRCLE K #4707046,"I-95, EXIT 6",Scarborough,ME,170,3.909,43.5899737,-70.3346065
3245,66249,CIRCLE K #4707206,SR-125,Epping,NH,170,3.767,43.032875,-71.098436
3246,66250,SPEEDWAY #6973,US-1,Wake Forest,NC,177,2.949,35.91421,-78.550272
3247,66252,CIRCLE K #4707023,US-1A,Holden,ME,170,3.732,44.7528499,-68.6789218
3248,66255,CIRCLE K #4707217,US-2 & SR-16,Gorham,NH,170,3.751,44.3907183,-71.1825369
3249,66257,LOVES TRAVEL STOP #310,"I-80/US-30, EXIT 173",Wamsutter,WY,795,3.723,41.672931,-107.979217
3251,66258,CIRCLE K #4707208,"I-93, EXIT 23",New Hampton,NH,170,3.659,43.6056221,-71.655096
3252,66259,CEFCO #48,"I-35, EXIT 304",Temple,TX,765,2.966,31.0983747,-97.3429563
3254,66263,One9 SPEEDWAY #6753,"I-78, EXIT 1",Fleetwood,PA,208,3.832,40.454216,-75.818126
3255,66266,7-ELEVEN #40508,"I-80, EXIT 90",Elkhart,IN,465,3.999,41.73478,-85.97762
3256,66267,TA DEMOTTE TRAVEL CENTER,"I-65, EXIT 230",Demotte,IN,365,3.447,41.1950369,-87.1986403
3257,66272,MOOSETRACKS #752,"I-85, EXIT 113",High Point,NC,63,3.114,35.9556924,-80.0053176
3259,66274,FLYING J TRAVEL PLAZA #692,"I-80, EXIT 352 & US-93",Wells,NV,835,3.709,41.1107264,-114.963144
3260,66278,PILOT TRAVEL CENTERS #394,"I-84, EXIT 6",Newburgh,NY,32,4.359,41.51361,-74.05
3261,66279,PETRO-CANADA,ST 11A & TAYLOR DRIVE,Red Deer,AB,80,3.591,38.8824,-77.1127971
3267,66284,JOLLEY #150,"I-89, EXIT 19",Saint Albans,VT,39,3.539,44.8107911,-73.0833607
3268,66285,QUIKTRIP #787,"I-675, EXIT 5",Ellenwood,GA,18,3.109,33.6101096,-84.287978
3269,66286,CASEYS #4205,"I-40/75, EXIT 374",Knoxville,TN,405,3.099,35.9603948,-83.9210261
3270,66290,ABBYLAND TRUCK STOP,"SR-29, EXIT 127",Curtiss,WI,395,3.462,44.9537591,-90.4342385
3271,66292,LOVES TRAVEL STOP #311,"I-20, EXIT 9",Waco,GA,18,3.391,33.703873,-85.185592
3272,66293,One9 #254,"I-24, EXIT 169",Wildwood,GA,285,3.099,34.190051,-84.791031
3273,66294,FLYING J TRAVEL PLAZA #667,"I-69, EXIT 81SB / I-96, EXIT 9",Grand Ledge,MI,406,3.959,42.7524401,-84.7463572
3274,66295,LOVES TRAVEL STOP #432,"I-94/I-41,  EXIT 322 & SR-100",Oak Creek,WI,444,3.867,42.898729,-87.9177966
3276,66299,XTRA MART #10093,SR-146,Millbury,MA,175,3.649,42.153752,-71.726587
3277,66300,PILOT TRAVEL CENTERS #149,"I-40, EXIT 42 & SR-222",Stanton                                 ,TN,435,3.509,35.462614,-89.402018
3278,66301,KWIK TRIP #743,US-10 & SR-114,Menasha,WI,582,3.507,44.2022293,-88.4465361
3279,66303,KWIK TRIP #787,US-51 & CR-JJ,Schofield,WI,395,3.416,44.9096907,-89.6045659
3280,66307,CM ST HELENA,SR-16,Amite,LA,600,3.399,30.726364,-90.533825
3282,66313,LOVES TRAVEL STOP #313,"I-55, EXIT 58  & SR-80",Matthews,MO,275,3.277,36.7592218,-89.5867458
3283,66314,PS FOOD MART #1042,"US-23, EXIT 17",Dundee,MI,325,3.429,30.207435,-91.824932
3287,66315,SPEEDWAY #6748,"I-94, EXIT 34 & US-421",Michigan City,IN,465,3.682,41.674681,-86.890527
3289,66317,LOVES TRAVEL STOP #314,I-24 EXIT 89,Christiana,TN,460,3.462,35.7100099,-86.3993653
3290,66318,ROAD RANGER #242,"I-44, EXIT 163",Saint Robert,MO,540,3.264,37.8140737,-92.1375079
3291,66319,ROAD RANGER #211,I-90 & RIVERSIDE BLVD,Loves Park,IL,520,3.469,42.3163187,-89.0896997
3292,66320,SPEEDWAY #8772,"I-69, EXIT 168 & SR-53",Imlay City,MI,342,3.779,43.0247496,-83.0777153
3293,66322,LOVES TRAVEL STOP #318,"I-57, EXIT 83 & CR-42",Ina,IL,574,3.489,38.1511606,-88.9039554
3297,66328,LOVES TRAVEL STOP #320,"I-16/SR-404, EXIT 49 & SR-257",Dublin,GA,85,3.332,32.5404447,-82.903754
3298,66329,CIRCLE K #2723438,"I-85, EXIT 96",Gaffney,SC,210,3.199,35.060882,-81.635586
3299,66332,PWI #172,"I-45, EXIT 258",Palmer,TX,630,2.776,32.431252,-96.66777
3300,66334,Hucks Travel Center #052,"I-24/I-69, EXIT 40 & US-641/US-62/SR-93",Kuttawa                                 ,KY,490,3.699,37.0589425,-88.1325257
3301,66337,ZIP TRIP #60,"I-25, EXIT 299 & US-16/SR-196",Buffalo,WY,836,3.581,42.9372404,-78.8626656
3302,66338,SHELL,"I-30, EXIT 160 & US-271/SR-49 & US-67",Mount Pleasant                          ,TX,723,3.899,33.1710526,-94.9753679
3303,66339,PILOT DEALER #873,US-27,Miami,FL,176,3.699,25.7335634,-80.3351103
3305,66341,7-ELEVEN #218,"I-44, EXIT 4",Harrold,TX,770,2.687,34.0809059,-99.0316233
3306,66342,ONE9 #398,"I-75, EXIT 109",Vienna,GA,10,3.109,32.0913402,-83.7964675
3307,66346,PILOT TRAVEL CENTERS #247,"I-74, EXIT 39 & SR-32",Crawfordsville,IN,375,3.899,40.0408627,-86.8997385
3309,66348,PIT STOP,I-40 EXIT 221,Wheatley                                ,AR,695,2.999,34.9136996,-91.109501
3310,66349,CIRCLE K #2741796,"I-40, EXIT 5",Little Rock,AR,695,3.366,34.7465071,-92.2896267
3311,66352,KWIK TRIP #871,"US-41, EXIT 124 & SR-76",Oshkosh,WI,582,3.291,44.0206919,-88.5408574
3312,66353,MOTOMART #3361,"I-55, EXIT 129",Perryville                              ,MO,540,2.989,37.7275127,-89.8645455
3313,66355,CIRCLE K #2723439,"I-26, EXIT 5",Campobello,SC,30,3.132,35.1158728,-82.149935
3314,66357,LOVES TRAVEL STOP #351,"I-80 & E 8TH RD, EXIT 81",Utica,IL,290,3.289,41.343877,-88.966788
3318,66361,SHADY NOOK,US-61/US-49,Lyon,MS,655,3.999,34.210184,-90.530533
3320,66363,LOVES TRAVEL STOP #178,"US-35/KS TPKE, MM 26",Belle Plaine,KS,570,3.329,37.39452,-97.279383
3321,66364,SHELL,"I-4, EXIT 64",Plant City,FL,225,3.447,28.01633,-82.1234803
3322,66365,LIBERTY,US-202,Ringoes,NJ,230,3.399,40.4243478,-74.8644994
3323,66368,PETRO STOPPING CENTER #371,"I-90, EXIT 41",Waterloo,NY,190,4.196,42.905029,-76.859562
3324,66369,LOVES TRAVEL STOP #319,"I-74, EXIT 61",Pittsboro,IN,375,3.889,39.8639329,-86.4669429
3325,66370,SPEEDWAY #6979,US-301,Wilson,NC,177,3.129,35.6955564,-77.9386389
3326,66371,RAPIDES STATION TRUCK STOP,"I-49, EXIT 94",Boyce                                   ,LA,730,3.099,31.3904558,-92.6693132
3327,66372,CEFCO #54,"I-35, EXIT 292",Belton,TX,765,2.952,31.0560132,-97.464453
3328,66374,BROOKSHIRE BROS #6111,US-259,Nacogdoches,TX,618,3.369,31.718759,-94.6777283
3329,66376,SUBS AND GRUBS,"I-63, EXIT 39",Jonesboro,AR,435,3.389,35.8348088,-90.7045297
3330,66377,QUIKTRIP #873,"I-35W, EXIT 42",Fort Worth,TX,630,2.976,32.958873,-97.043618
3332,66383,TENAHA EXPRESS MART,US-96 & US-84,Tenaha,TX,618,3.299,31.9543511,-94.1989716
3333,66385,TA EXPRESS MINDEN,"I-20, EXIT 52",Minden,LA,745,3.114,32.620635,-93.2808839
3334,66386,SPEEDWAY #4631,US-220,Bassett,VA,185,3.416,36.74259,-79.936639
3335,66388,Gas n Go,"I-75, EXIT 117 AT MILE 117",Pinehurst,GA,85,3.099,32.1959971,-83.7629533
3336,66391,FLYING J CARDLOCK #824,HWY 43 & W MOUNTAIN RD,Whitecourt,AB,80,4.842,47.0764378,-122.4251148
3342,66392,MISSILE MART #10,"I-40, EXIT 161",El Dorado,AR,635,3.499,33.2115087,-92.6650144
3343,66393,VILLAGE PANTRY #5210,"I-74, EXIT 206",Oakwood,IL,280,3.199,40.1161471,-87.7783592
3346,66396,CIRCLE K #2723988,"I-55, EXIT 61 & SR-38",Kentwood,LA,600,3.299,30.9382358,-90.5089843
3348,66400,PWI #640,"I-10/US-95, EXIT 5",Ehrenberg,AZ,900,3.359,33.6079331,-114.5197958
3349,66404,QUICK FUEL #5302,"I-635, EXIT 14",Garland,TX,637,3.087,32.912624,-96.6388833
3350,66405,FLYING J FUEL STOP #668,"I-75, EXIT 151",Saginaw,MI,260,3.289,43.4200387,-83.9490365
3354,66406,LOVES TRAVEL STOP #317,"I-95, EXIT 4 & SR-629",Skippers,VA,180,3.801,36.6118169,-77.5466463
3356,66407,CIRCLE K #2723668,SR-35,Fort Payne,AL,615,3.649,34.432415,-85.730902
3357,66410,SIBLEY FOOD FUEL,US-72/SR-20 & CR-150,Courtland                               ,AL,615,3.399,34.685049,-87.308076
3358,66416,DUCK THRU FOOD STORE #18,US-13,Winton,NC,130,3.562,36.3900896,-76.9467735
3359,66418,FLYING J CARDLOCK #818,HWY 16,Edson,AB,80,4.741,44.9034606,-90.9427098
3365,66420,PILOT TRAVEL CENTER #911,I-90 EXIT 47,Superior,MT,820,3.559,47.1915937,-114.891797
3367,66424,CIRCLE K #2741652,"I-10, EXIT 139",Phoenix,AZ,930,3.369,33.60503,-112.070892
3368,66425,CLARK OIL #31,"I-10, EXIT 44",Biloxi                                  ,MS,620,2.849,30.4007626,-88.8893818
3369,66428,SHELL,US-167,Hensley,AR,695,3.589,34.5053723,-92.2057037
3370,66437,PILOT #4596,"I-81, EXIT 4",White Pine,TN,405,3.699,36.1112,-83.341
3371,66439,JACK FLASH,I-55,Farmersville                            ,IL,574,3.259,39.4419081,-89.6437852
3373,66440,BP CONNECT #4701,I-55,Chicago,IL,290,3.569,41.8755616,-87.6244212
3374,66447,CIRCLE K #4701207,"U-55, EXIT 220",Dwight,IL,399,3.349,41.11725,-88.41395
3375,66448,HAMMOND TRAVEL CENTER,"I-55, EXIT 31B & US-190/SR-3260",Hammond,LA,600,3.099,41.6609537,-87.5176892
3376,66449,CITGO,"I-55, EXIT 67",Blytheville                             ,AR,435,3.389,35.92896,-89.87453
3377,66451,EZ MART #304,M-57,Middleton                               ,MI,406,3.699,43.1833659,-84.7088895
3378,66454,Fast Stop Shell,I-10,Reserve,LA,600,3.799,30.054914,-90.546302
3379,66456,TEXACO #383124,SR-70,Saint James,LA,623,2.969,29.9818694,-90.8317608
3380,66460,CASH MAGIC BROUSSARD NORTH,"I-49, EXIT 103",Broussard,LA,600,3.399,30.19323,-92.003794
3382,66465,Knapp Truck Stop,"I-64, EXIT 50 & SR-127",Nashville                               ,IL,574,3.299,38.3434906,-89.3809783
3383,66470,CIRCLE K #9068,"I-65, EXIT 181",Millbrook,AL,720,3.216,32.4798575,-86.3619163
3384,66472,DIAMOND #21,"I-65, EXIT 54",Atmore,AL,715,3.259,31.0237921,-87.4938708
3385,66474,FAMCO EXPRESS,"I-690, EXIT 8",Syracuse,NY,235,3.299,43.043536,-76.148211
3386,66475,SPEEDWAY #4346,SR-7,Calexico,CA,900,4.799,32.6713154,-115.4927113
3387,66478,LOVES TRAVEL STOP #175,"I-70, EXIT 187",Tecumseh,KS,553,3.289,39.0480559,-95.5791454
3389,66487,COMPASS,"I-55, EXIT 282",La Grange                               ,IL,290,3.549,41.804597,-87.868976
3391,66488,HUCKS FOOD & FUEL #54,I-74,Farmer City                             ,IL,280,3.339,40.2608895,-88.6403789
3393,66495,SUPER SAVER EXPRESS,"I-10, EXIT 21",Sulphur                                 ,LA,690,2.999,30.21576,-93.35849
3394,66496,EXXON FUEL EXPRESS,"I-10/SR-8, EXIT 31 & SR-87",Milton,FL,155,3.999,30.6324149,-87.0396881
3395,66502,SHOP RITE #82,"I-10, EXIT 64",Jennings                                ,LA,690,3.589,30.2224284,-92.657085
3396,66504,COUNTRY BOYS COUNTRY STORE,"I-10, EXIT 813",Hankamer,TX,610,2.866,29.8582755,-94.6268618
3397,66507,ST IGNACE TRUCKSTOP,I-75,Saint Ignace                            ,MI,287,3.799,45.8611408,-84.7313718
3399,66509,FOUR STAR FOOD MART,"I-75, EXIT 122",Lima,OH,411,3.144,40.733847,-84.103734
3400,66512,MARATHON #1554,"I-75, EXIT 21",Newport                                 ,MI,325,3.299,30.207435,-91.824932
3402,66513,SUNRISE STORE,"I-75, EXIT 212",West Branch                             ,MI,260,3.399,44.277915,-84.226511
3404,66514,BIGFOOT TRAVEL CENTER,"I-75, EXIT 29",Hahira,GA,10,3.099,30.99214,-83.38821
3405,66516,ADEL TRUCK PLAZA,"I-75, EXIT 39",Adel,GA,10,2.999,31.124181,-83.440934
3406,66517,ADMIRAL PETROLEUM #5796,"I-75, EXIT 392",Sault Sainte Marie,MI,287,3.799,46.46278,-84.38333
3407,66518,Racetrac #2622,"I-75, EXIT 60",Valdosta,GA,75,3.032,30.8327022,-83.2784851
3408,66523,LOVES TRAVEL STOP #325,"I-75, EXIT 59 & SOUTHWELL BLVD",Tifton,GA,10,3.609,31.4549719,-83.5108284
3409,66525,BP,"I-76, EXIT 6",Luna Pier                               ,MI,550,3.399,41.8069907,-83.442433
3411,66527,TA EXPRESS #648,"I-76, EXIT 90A",Brush,CO,800,4.099,40.2584914,-103.623473
3412,66528,GO MART FOOD STORE #99,US-50 & SR-14,Parkersburg,WV,430,3.489,39.2667309,-81.5620755
3413,66529,7-ELEVEN #36076,"I-77, EXIT 73 & US-421",Hamptonville,NC,65,2.899,36.0984684,-80.760345
3414,66531,MIDWAY EXXON TRAVEL CENTER,"I-78, EXIT 16",Bethel                                  ,PA,70,3.359,40.481879,-76.3090697
3415,66532,PETRO PLAZA,"I-78, EXIT 17",Hampton,NJ,115,3.266,40.712631,-74.949034
3416,66534,LOVES TRAVEL STOP #347,"I-70, EXIT 101 & SR-5",Boonville,MO,310,3.509,38.9751547,-92.7440277
3417,66537,BECKS EXPRESS MART #26,"I-80, EXIT 19",Geneseo,IL,270,3.269,41.4525168,-90.1548364
3418,66538,KUM & GO #0023,"I-80, EXIT 23",Neola,IA,486,3.157,41.44027,-95.61195
3420,66547,OLD STONE JIFFY MART,"I-81, EXIT 321",Clear Brook,VA,60,3.599,39.2564912,-78.096111
3421,66548,YESWAY #1156,US-84 & SR-289,Lubbock,TX,700,2.951,33.5855677,-101.8470215
3422,66550,CIRCLE K #2709663,"I-82, EXIT 730",Umatilla,OR,982,3.639,45.9173549,-119.342517
3423,66552,GEM STOP,I-84,Marsing,ID,785,3.586,43.5454359,-116.8131958
3424,66553,JACKSONS FOOD STORE #83,"I-84, EXIT 304",Baker City,OR,982,3.599,44.77874,-117.80998
3425,66556,PILOT TRAVEL CENTER #899- SLIP IN,I-85,South Hill,VA,180,3.959,36.7490994,-78.0952712
3426,66560,Sunoco,"I-85, EXIT 11",Townville,SC,30,3.199,34.5637137,-82.8984775
3427,66562,TA EXPRESS FAIR PLAY,"I-85, EXIT 4",Fair Play,SC,16,3.209,34.50621,-82.96376
3428,66564,SPEEDWAY #6954,US-70,High Point,NC,65,3.049,36.027991,-79.970508
3429,66565,KWIK FILL #395,"I-86, EXIT 12",Jamestown,NY,240,4.499,42.0965167,-79.2380322
3432,66573,Brake Time Corner Market,"I-135, EXIT 14",Wichita,KS,570,3.299,37.6922361,-97.3375448
3433,66579,GULF OIL LP #5010,"I-90, EXIT 2",Lee,MA,215,3.914,42.297829,-73.246365
3434,66582,PWI #807,"I-15, EXIT 163 & SR-99",Fillmore,UT,835,3.374,38.9688118,-112.323587
3435,66584,MOAPA PAIUTE TRAVEL CENTER,"I-15, EXIT 75",Moapa,NV,910,3.332,36.6673648,-114.584977
3436,66586,CIRCLE K #4707609,US-20 & SR-12,Sangerfield,NY,235,4.099,42.9122698,-75.3422073
3437,66588,CUBBYS #402,"I-90, EXIT 330",Mitchell                                ,SD,530,3.149,43.69154,-98.04676
3438,66594,FRIENDLY GUS STORE #23,I-16/SR-19,Dublin,GA,85,3.399,32.5404447,-82.903754
3439,66595,GULF OIL LP #5040,"I-90, EXIT 9",Charlton,MA,34,3.909,42.1281593,-71.9709701
3440,66597,BP,"I-16, EXIT 90 & US-1",Twin City                               ,GA,195,3.782,32.5829413,-82.1551219
3441,66598,WOODSHED LL,I-166 & I-169,S Coffeyville,OK,307,3.099,36.9945248,-95.6202552
3442,66601,LOVES TRAVEL STOP #323,"I-69, EXIT 264 & SR-18",Marion,IN,457,3.576,39.861997,-86.0463409
3443,66603,COFFEE CUP FUEL STOP #7,"I-90, EXIT 406 & SR-11",Brandon,SD,530,2.977,43.5909294,-96.5874544
3444,66604,GALLOPS,"I-90, I-80, EXIT 40",La Porte,IN,370,3.549,41.6105983,-86.7225227
3446,66607,7-ELEVEN #37392,"I-93, EXIT 5",Londonderry,NH,34,3.799,42.8650869,-71.3739532
3447,66608,CASEYS #2650,I-94/US-52 EXIT 135 & CR-173,Melrose,MN,522,3.179,45.6669084,-94.8112766
3448,66612,STOP N GO #1709,"I-94, EXIT 105",Hixton                                  ,WI,295,3.237,44.3860141,-91.014352
3449,66613,LOVES TRAVEL STOP #362,"I-10, EXIT 7 & SR-3063",Vinton,LA,690,3.306,30.1907628,-93.5812717
3450,66614,MARATHON,"I-94, EXIT 212A",Detroit,MI,325,3.899,42.3315509,-83.0466403
3452,66615,KWIK TRIP #396,"I-94, EXIT 295",Waukesha,WI,444,3.399,43.0115598,-88.2316352
3453,66618,CIRCLE K #2723378,I-95,Sumter,SC,42,3.159,33.9204354,-80.3414693
3454,66620,Shell,"I-95, EXIT 130",Ashland,VA,180,3.264,37.7594012,-77.4806603
3455,66622,DUNCAN TRUCK STOP,"I-95, EXIT 15",Jersey City                             ,NJ,115,3.409,40.7215682,-74.047455
3457,66625,EXIT 43 QUICK STOP,"I-95, EXIT 43",Richmond,ME,170,3.766,44.0878744,-69.8010647
3458,66628,Chevron,"I-95, EXIT 5 & US-17",Hardeeville,SC,42,3.007,32.22945,-81.074533
3459,66631,SPEEDWAY #3589,I-96,Lake Odessa,MI,342,3.599,42.7847564,-85.1383367
3461,66635,C  BARN,US-67,Park Hills,MO,540,3.049,37.8621814,-90.4904317
3462,66637,BERKLYS TRAVEL CENTER,US-281,Round Mountain,TX,595,3.316,30.430403,-98.344988
3463,66640,Kent Kwik #928,US-82/SR-6 & SR-5/SR-25,Brent,AL,615,3.099,32.9373463,-87.1647184
3464,66643,DEERFIELD TRAVEL CENTER,"I-55, EXIT 8",Steele,MO,275,2.976,36.0839594,-89.8292512
3465,66645,ALLSUPS #2390,"I-20/US-84, EXIT 270",Merkel,TX,575,2.876,32.468588,-100.014347
3466,66648,CHEVRON,"I-20, EXIT 113",Bessemer,AL,615,3.099,33.4017766,-86.954437
3467,66649,CHOCTAW TRAVEL PLAZA #637,US-59 & CR-E1452,Heavener,OK,645,3.299,34.8892677,-94.600781
3469,66664,CASEYS #3294,"I-380/SR-27, EXIT 43 & SR-150",Urbana,IA,380,3.449,42.223793,-91.8755241
3470,66667,CIRCLE K #4701408,"I-36, EXIT 99",Rochelle,IL,520,3.499,41.9239178,-89.0687074
3471,66668,ACME TRUCK STOP,"I-4, EXIT 96",Orlando                                 ,FL,140,3.399,28.5421218,-81.379045
3472,66669,CIRCLE K #2726032,I-40,Jacksonville,FL,75,3.429,30.3262247,-81.6579179
3473,66670,SPEEDWAY #7930,"I-40, 1126 N MAIN ST",Lillington,NC,63,3.759,35.4132076,-78.8076856
3474,66671,CIRCLE K #2723686,US-72,Scottsboro,AL,285,3.266,34.6731323,-86.0338765
3475,66673,MARATHON,SR-72,Huntsville,AL,615,2.979,34.729847,-86.5859011
3476,66676,HUTCH'S #118,"I-40, EXIT 108",Watonga,OK,483,3.099,35.8483867,-98.4133205
3477,66678,NKS ROYAL TRUCKSTOP,"I-40, EXIT 16",Gallup,NM,580,3.119,35.5283506,-108.743907
3479,66683,SUPERSTOP Shell,"I-40, EXIT 192",Stuttgart                               ,AR,695,3.416,34.5003748,-91.5526281
3480,66689,ROSCOE TRAVEL PLAZA,"I-20, EXIT 235",Roscoe,TX,575,2.759,32.441615,-100.539297
3481,66693,Allsup Marketplace #2400,"I-40, EXIT 356",San Jon,NM,585,3.059,35.1064347,-103.3309382
3482,66705,7-ELEVEN,"I-44, EXIT 1/US-287",Wichita Falls,TX,770,2.761,33.9510528,-98.5727843
3483,66709,CIRCLE K #2709343,"I-24, EXIT 169",Wildwood,GA,285,3.146,34.190051,-84.791031
3484,66715,7-Eleven #34210,"I-25/US-87, EXIT 240 & SR-119",Longmont,CO,800,3.189,40.1672117,-105.101928
3485,66717,Fast Stop Travel Centers #1131,"I-25/US-87, EXIT 80",Wheatland,WY,795,3.499,42.054424,-104.952726
3486,66718,Bartonville SHELL,"I-474, EXIT 6",Peoria,IL,368,4.299,40.6938609,-89.5891008
3487,66720,MOUNTAIN ENERGY #126,"I-26, EXIT 13",Hendersonville,NC,210,2.846,35.3187279,-82.4609528
3488,66721,USA SPEEDTRAC,"I-49US-167, EXIT 11",Grand Coteau,LA,730,3.399,30.4199203,-92.0465087
3489,66725,SPEEDWAY #9662,I-264,Louisville,KY,415,3.029,38.2542376,-85.759407
3490,66728,CIRCLE K #2723706,"I-81/US-52, EXIT 72 & I-77, EXIT 41",Wytheville,VA,185,3.349,36.96873,-81.06675
3491,66734,Marathon,"I-675, Exit 7",Ellenwood,GA,18,3.009,33.6101096,-84.287978
3492,66737,THE JUNCTION,US-59 & US-73,Atchison,KS,400,3.279,39.5557102,-95.1486497
3494,66739,ZIP TRIP #64,I-29,Brookings                               ,SD,530,3.399,44.3151089,-96.7586771
3495,66741,DEANS LANE VALERO,I-295,Monmouth Junction,NJ,230,3.146,40.3789957,-74.5465436
3496,66742,DEEP WATER TRUCK STOP,"I-295, EXIT 2C",Penns Grove,NJ,230,3.279,39.7074,-75.4667
3497,66746,CASEYS #4246,"I-30, EXIT 123",Bryant,AR,695,3.032,34.5959045,-92.488348
3498,66747,LOVES TRAVEL STOP #322,"I-90, EXIT 3",Roscoe,IL,290,3.789,42.4133505,-89.0092742
3499,66749,BIG RIVER #18,"I-310 EXIT 2, & US-61",Saint Rose,LA,725,3.099,29.966194,-90.309262
3500,66750,LOVES TRAVEL STOP #177,I-35,El Dorado,KS,336,3.256,37.875382,-96.839861
3501,66751,FAST N FRIENDLY,"I-35, EXIT 132",Emporia                                 ,KS,336,3.657,38.4040054,-96.181623
3502,66756,CASEYS #2550,"I-35, EXIT 33 & US-34",Osceola,IA,320,3.339,41.0341224,-93.7665629
3503,66760,LOVES TRAVEL STOP #326,I-26 EXIT 154A,Orangeburg,SC,135,3.389,33.4918203,-80.8556476
3505,66762,EXXON TIGER MART #44,"US-45,  EXIT 249",Ennis,TX,637,3.099,32.3293111,-96.6252679
3506,66763,SPEEDWAY #7998,US-52 & US-74,Wadesboro,NC,46,3.646,34.9793371,-80.0909652
3507,66765,STRIPES #40736,US-77/US-83,Olmito,TX,598,2.999,26.0465992,-97.5516089
3508,66767,SPRINT MART #49,"I-22/US-78, EXIT 87 & SR-811",Tupelo,MS,742,2.992,34.2576067,-88.7033859
3509,66769,PETRO STOPPING CENTER #344,"I-95, EXIT 3",Kingsland,GA,75,3.649,30.84662,-81.67205
3510,66771,FLYING J TRAVEL PLAZA #727,"I-69C/US-281, EXIT 8 & FM-1925",Edinburg,TX,639,3.084,26.3013982,-98.1624501
3511,66773,STRIPES 7FLEET #42475,US-62,Hobbs,NM,700,3.459,32.7027017,-103.1355302
3512,66774,Clark #4667,"I-80/I-90, EXIT 39 & SR-109",Delta,OH,550,3.699,41.5725731,-84.0059127
3513,66775,GO MART,US-33 & CR-116,Rockbridge,OH,315,3.499,39.5797876,-82.5221027
3514,66776,S&G #77,US-224 & US-23,Alvada,OH,411,3.259,41.0840353,-83.3874778
3516,66780,DIAMOND #20,"I-65, EXIT 93 & SR-84",Evergreen,AL,720,3.399,31.4334994,-86.9569176
3517,66784,Texaco #384529,US-80/SR-8 & SR-14,Selma,AL,720,3.299,32.417512,-86.9986603
3518,66785,WINFIELD TRUCK STOP,SR-129,Winfield,AL,615,3.659,33.932032,-87.782829
3519,66786,Circle K #2741791,"I-40, EXIT 175 & SR-31",Lonoke,AR,695,3.139,34.7823865,-91.9018905
3520,66787,TEXACO,"I-59, EXIT 67B",Hattiesburg                             ,MS,620,3.066,31.3271189,-89.2903392
3521,66788,CIRCLE K #4703626,"I-75, EXIT 60 & SR-68",Sweetwater,TN,285,3.289,35.6014455,-84.4610552
3522,66793,CIRCLE K #2723693,"I-526, EXIT 19 & SR-10-60",Charleston,SC,42,2.976,32.7884363,-79.9399309
3523,66795,FUEL MART #645,"I-90, EXIT 353",Spencer                                 ,SD,530,3.499,43.72762,-97.591114
3524,66796,ROYAL FARMS #109,US-13 & SR-404,Bridgeville,DE,243,3.259,38.7427231,-75.6032026
3525,66799,ONE9 #1403,"I-75/SR-93, EXIT 451 & US-129",Jasper,FL,10,3.259,30.439221,-82.931518
3527,66800,CIRCLE K #2743950,I-35,San Antonio,TX,740,2.804,29.4246002,-98.4951405
3530,66803,Stripes,FM-2061 & FM-3072,Pharr,TX,639,3.166,26.1947962,-98.1836216
3531,66804,PWI #586,"I-80, EXIT 104  & US-191",Rock Springs,WY,835,3.199,41.627707,-109.230899
3532,66805,CIRCLE K #2723553,US-27,Ringgold,GA,285,3.076,34.891477,-85.269788
3533,66807,QUICK FUEL #5303,"I-35E, EXIT 436A",Dallas,TX,637,3.046,32.94918,-96.468093
3534,66809,CASEYS #3449,SR-78,Wapello,IA,380,3.349,41.17968,-91.18914
3535,66810,QUICK FUEL #3145,SR-83,Bensenville,IL,290,3.509,41.9538384,-87.9431781
3538,66812,FAMILY EXPRESS #47 (DISCOUNT AVAILABLE),"I-65, EXIT 201 & US-24/US-231",Remington,IN,375,3.552,40.7658606,-87.1441593
3539,66813,MCCLURE OIL #59,I-69 EXIT 259,Gas City                                ,IN,457,3.639,40.4880229,-85.6125667
3540,66815,MAXS #132,US-641 N,Murray,KY,490,3.399,36.5859475,-88.3149959
3541,66816,CIRCLE K #4707082,"I-95, EXIT 132 & SR-139",Fairfield,ME,170,3.899,44.588511,-69.599075
3542,66817,JOLLY TRUCK STOP,US-82/US-287,Wichita Falls,TX,770,2.899,33.8935562,-98.504234
3543,66819,ROAD RANGER #265,"I-88, EXIT 54",Dixon,IL,520,3.499,41.8425197,-89.4814291
3587,66859,FLYING J TRAVEL PLAZA #791,HWY-11/HWY-12,Saskatoon,SK,575,4.731,,
3547,66822,WILD BILL'S,I-78,Sherman                                 ,MS,435,2.919,34.356165,-88.8430062
3548,66824,STRIPES #42435,US-87/US-277,San Angelo,TX,740,2.799,31.4061688,-100.4373746
3549,66827,FLYING J #860,"QEW, EXIT 5",Fort Erie,ON,430,5.177,43.5087201,-116.3977335
3555,66829,KINGSTON CARDLOCK,"HWY 401, EXIT 611",Kingston                                ,ON,410,3.395,30.207435,-91.824932
3561,66831,PETRO-CANADA,HWY 17/ 69,Sudbury                                 ,ON,460,3.486,42.3834278,-71.4161725
3565,66833,STRIPES #5148,US-281,Pharr,TX,639,3.399,26.215633,-98.180517
3566,66834,ROAD RANGER #186,"I-39/US-51, EXIT 27 & SR-2/CR-2200",Minonk,IL,280,3.339,40.9112919,-89.0419639
3569,66836,FLYING J TRAVEL PLAZA #786,HWY 16,Sherwood Park,AB,80,4.397,33.9196783367347,-80.32421431632652
3575,66838,RUTTERS #96,US-322 & SR-655,Milroy,PA,14,4.051,40.7140863,-77.5896576
3577,66844,CIRCLE K #2706984,US-77 & CR-1356,Kingsville,TX,625,2.822,27.5158689,-97.856109
3578,66845,CIRCLE K #2723643,SR-431,Dothan,AL,20,3.582,31.2237285,-85.3934375
3579,66846,CIRCLE K #2723664,US-280,Childersburg,AL,615,3.899,33.2716535,-86.3557852
3580,66847,CIRCLE K #2723667,"I-20, EXIT 185 & SR-21",Oxford,AL,615,2.999,33.6149211,-85.8339391
3581,66848,CIRCLE K #2723695,"I-55, EXIT 265",Senatobia,MS,435,3.199,34.61927,-89.9512
3582,66850,Stripes,ST 77,Riviera,TX,625,3.126,27.3015372,-97.815979
3583,66853,LOVES TRAVEL STOP #327,US-77 & FM-1898,Kingsville,TX,625,3.156,27.5158689,-97.856109
3585,66856,Speedway #4800,"I-94, EXIT 183",Clearwater,MN,453,3.199,45.4194099,-94.0488721
3586,66858,LOVES TRAVEL STOP #328,"I-10, EXIT 162",Chandler,AZ,930,3.469,33.3062031,-111.841185
3607,66888,LOVES TRAVEL STOP #334,"I-84, EXIT 211 & US-30/SR-24",Heyburn,ID,785,3.892,,
3593,66862,LOVES TRAVEL STOP #330,I-40 EXIT 280 & SR-56,Baxter,TN,460,3.234,36.1537731,-85.643399
3594,66863,101 TRAVEL PLAZA,"I-40, EXIT 101 & SR-104",Cedar Grove,TN,435,2.999,41.125408,-83.157725
3595,66865,FLYING J FUEL STOP #741,US-287/US-281/US-82 & SR-473,Wichita Falls,TX,770,3.126,33.9004572,-98.5020777
3596,66867,KWIK STAR #212,"US-61, EXIT 156",Maquoketa,IA,335,3.624,42.0690915,-90.6654748
3597,66868,STRIPES #40604,US-83,Mission,TX,639,2.882,26.215966,-98.333715
3598,66869,SPEEDWAY #4630,US-220 BUS & CR-782,Ridgeway,VA,185,3.409,36.5768047,-79.8583721
3599,66870,PETRO STOPPING CENTER NAPOLEON,"US-24/US-6/CR-3, EXIT 41",Napoleon,OH,550,3.706,41.3922726,-84.1252243
3600,66874,FLYING J TRAVEL PLAZA #733,"I-27, EXIT 4 & US-82",Lubbock,TX,700,3.332,33.5855677,-101.8470215
3601,66876,PILOT TRAVEL CENTERS #156,SR-1633 & SR-813 & SR-9004,Mortons Gap,KY,490,3.629,37.2367115,-87.4752761
3602,66877,PILOT TRAVEL CENTER #916- TOWN PUMP,US-93 & US-12,Lolo,MT,820,3.609,46.74537,-114.080716
3603,66878,PILOT TRAVEL CENTER #915- TOWN PUMP,"I-90, EXIT 455",Billings,MT,780,3.581,45.7874957,-108.49607
3604,66879,TA EXPRESS,"I-40, EXIT 101",Atkins,AR,695,3.341,35.2450217,-92.937615
3606,66881,PLAZAGO TRUCKSTOP,US-50/SR-61 & SR-96/SR-14,South Hutchinson,KS,570,3.269,38.0280671,-97.9403303
3608,66890,CASEYS #4223,US-25E,Middlesboro,KY,405,3.489,36.6315464,-83.7040038
3609,66892,LOVES TRAVEL STOP #336,"I-94, EXIT 112",Marshall,MI,385,3.489,42.2721367,-84.9642008
3613,66893,ONE9 #1291,US-287 & CR-174,Bowie,TX,770,2.912,33.558993,-97.8484719
3614,66894,PILOT TRAVEL CENTERS #259,US-69,Muskogee,OK,560,3.322,35.642348,-95.454332
3615,66895,TA Express Tonkawa,"I-35, EXIT 40 & US-60",Tonkawa,OK,500,3.294,36.695015,-97.321298
3616,66897,FLYING J TRAVEL PLAZA #604,"I-65, EXIT 158",Hope Hull,AL,720,3.309,32.2698632,-86.3571916
3617,66898,PILOT TRAVEL CENTERS #384,"I-95, EXIT 58",Colonial Heights,VA,180,3.799,37.2555718,-77.4112016
3618,66899,LOVES TRAVEL STOP #333,"I-77, EXIT 83",Fort Mill,SC,46,3.381,35.0073697,-80.9450759
3620,66902,CIRCLE K #4707239,SR-103,Warner,NH,170,3.932,43.245862,-71.753779
3621,66905,CIRCLE K #4707212,SR-27,Raymond,NH,170,3.759,43.036418,-71.15245
3622,66906,LOVES TRAVEL STOP #331,"I-45, EXIT 272",Hutchins,TX,630,3.102,31.030974,-98.326329
3623,66908,CIRCLE K #2723708,"I-81, EXIT 77",Wytheville,VA,65,3.366,36.953783,-81.09951
3624,66911,LOVES TRAVEL STOP #343,"I-20 & I-59, EXIT 165",Toomsuba,MS,705,3.009,32.418474,-88.5069819
3625,66912,LOVES TRAVEL STOP #335,"I-15, EXIT 62 & SR-130",Cedar City,UT,910,3.677,37.6774238,-113.061827
3627,66914,FLYING J TRAVEL PLAZA #683,"I-95, EXIT 106",Kenly,NC,205,3.709,35.5959363,-78.1240031
3628,66915,CIRCLE K #2723716,"I-81, EXIT 84",Max Meadows,VA,185,3.462,36.97166,-80.9503639
3629,66918,MINIT MART #647,"I-39, EXIT 35 & SR-17",Wenona,IL,280,3.549,41.0525331,-89.0503587
3633,66922,LOVES TRAVEL STOPS #339,"I-20, EXIT 115 & FM-1882",Odessa,TX,710,3.549,31.8457149,-102.367687
3635,66923,LOVES TRAVEL STOP #765,"I-85, EXIT 147",Commerce,GA,16,3.211,34.203997,-83.4571058
3636,66925,FLYING J TRAVEL PLAZA #714,"I-77, EXIT 73",Rock Hill,SC,46,3.399,34.933452,-81.019857
3637,66927,PILOT TRAVEL CENTER #41,I-64 EXIT 113 SE QUAD,Mount Sterling                          ,KY,410,3.759,38.0561079,-83.9431961
3639,66928,FLYING J TRAVEL PLAZA #730,"I-35/US-83, EXIT 13",Laredo,TX,693,3.599,27.49803,-99.47375
3640,66929,FLYING J TRAVEL PLAZA #642,"I-255,  EXIT 17",East Saint Louis                        ,IL,540,3.599,38.6268666,-90.159707
3644,66931,CASEYS #3896,"I-380, EXIT 35",Center Point,IA,380,3.449,42.1908265,-91.7851772
3645,66932,CIRCLE K #4701444,US-34 & SR-164,Monmouth,IL,345,3.449,40.9127103,-90.6472477
3647,66935,FRANCIS CREEK TRAVEL PLAZA,SR-41,Francis Creek,WI,444,3.384,44.199439,-87.7214755
3648,66937,LOVES TRAVEL STOP #341,"I-44, EXIT 189",Rolla,MO,540,3.301,37.9509324,-91.7708076
3649,66939,KWIK TRIP #416,SR-172 & CR-GV,De Pere,WI,582,3.391,44.4493584,-88.0599986
3651,66942,MAVERIK COUNTRY STORE #612,"I-15, EXIT 362",Brigham City,UT,835,3.449,41.5110434,-112.0154991
3652,66944,LOVES TRAVEL STOPS #316,"I-95, EXIT 273 & US-1",Ormond Beach,FL,75,3.489,29.3194263,-81.109698
3654,66945,PILOT TRAVEL CENTERS #159,"I-64, EXIT 211",Providence Forge,VA,180,3.899,37.4424264,-77.0439583
3655,66946,FLYING J TRAVEL PLAZA #788,TCH-1 & HWY-334,Headingley                              ,MB,900,4.630,34.182964,-83.440304
3661,66947,FLYING J TRAVEL PLAZA #804,"HWY 101,  HWY 90",Winnipeg,MB,900,4.622,37.6044889,-92.30222
3667,66948,CIRCLE K #4707618,"I-481, EXIT 8 & CR-82",East Syracuse,NY,220,3.799,43.0653446,-76.0785332
3668,66951,BERKLYS TRAVEL CENTER #3,US-377/US-87,Brady,TX,575,3.616,31.0967709,-99.3280515
3669,66953,LOVES TRAVEL STOP #355,"I-65, EXIT 16",Memphis,IN,415,3.949,38.4833963,-85.7616319
3715,66978,FLYING J FUEL STOP #805,HWY 27 & ALBION RD,Etobicoke,ON,720,4.462,,
3671,66955,LOVES TRAVEL STOP #349,"I-8, EXIT 3",Yuma,AZ,900,3.502,32.7210307,-114.6203217
3673,66957,LOVES TRAVEL STOP #346,I-65 EXIT 46 & SR-99,Columbia,TN,460,3.789,35.6148165,-87.0338464
3674,66958,FLYING J FUEL STOP #813,HWY 2,Airdrie                                 ,AB,50,4.407,40.0494105,-75.4899566
3680,66959,PILOT TRAVEL CENTERS #388,"I-20 & I-59, EXIT 151",Meridian,MS,705,2.979,32.34903,-88.72699
3681,66961,CIRCLE K #2707020,"I-4, EXIT 32 & US-98/SR-700/SR-35",Lakeland,FL,225,3.414,28.0394654,-81.9498042
3682,66962,PILOT TRAVEL CENTERS #242,"I-74, EXIT 109",Shelbyville,IN,375,3.999,39.524359,-85.789002
3684,66963,SPARTA TRAVEL CENTER,"I-90, EXIT 28",Sparta,WI,420,3.179,43.937387,-90.819373
3685,66964,PILOT TRAVEL CENTERS #239,US-30/US-23,Upper Sandusky,OH,411,3.899,40.847959003430525,-83.25794149218291
3686,66965,EATONTON TRAVEL CENTER,US-441/US/129/SR-24,Eatonton,GA,67,3.249,33.3267128,-83.388485
3687,66966,LOVES TRAVEL STOP #352,I-71 EXIT 65,Jeffersonville,OH,315,3.422,39.6536719,-83.5638094
3688,66967,FLYING J #461,"HWY-401, EXIT 56 & HWY-42",Tilbury,ON,620,4.462,39.371913,-84.290476
3694,66968,FLYING J TRAVEL PLAZA #675,US-136 & SR-27,Wayland,MO,345,3.306,40.3924032,-91.5876108
3697,66973,FLYING J TRAVEL PLAZA #835,HWY 59 & WARMAN RD,Winnipeg                                ,MB,900,4.630,37.60449,-92.30211
3703,66976,FLYING J FUEL STOP #799,"HWY 1, LICKMAN EXIT",Chilliwack                              ,BC,800,4.741,48.294737,-116.548811
3709,66977,FLYING J TRAVEL PLAZA #827,HWY 1,Abbotsford                              ,BC,800,4.741,44.9325251,-90.3162276
3721,66979,FLYING J CARDLOCK #820,HWY 40 S,Grande Prairie,AB,80,5.012,30.683252,-92.1476218
3727,66981,FLYING J CARDLOCK #830,ALASKY HWYN & 17TH ST,Dawson Creek,BC,80,5.178,37.76253,-122.434757
3733,66983,FLYING J FUEL STOP #801,HWY 97 SOUTH,Prince George                           ,BC,850,4.955,30.60224,-87.356126
3739,66984,FLYING J TRAVEL PLAZA #807,HWY 401,Mississauga,ON,720,4.455,40.169817,-105.920646
3745,66986,FLYING J CARDLOCK #832,HWY 1,New Westminster,BC,800,5.188,42.482114,-71.987912
3752,66988,FLYING J CARDLOCK #821,HWY-3 & HWY-4,Lethbridge,AB,50,4.621,38.010984,-121.868712
3758,66991,FLYING J TRAVEL PLAZA #793,HWY 1,Calgary,AB,50,4.591,37.7087484,-122.4158723
3764,66992,FLYING J CARDLOCK #814,HWY 1,Calgary,AB,50,4.593,37.7087484,-122.4158723
3770,66993,PILOT TRAVEL CENTERS #198,US-30 & US-31,Plymouth,IN,465,3.869,41.3614566,-86.3252565
3772,66994,PILOT TRAVEL CENTERS #303,US-24/US-6 & SR-108,Napoleon                                ,OH,550,3.711,41.3898053,-84.1238995
3773,66995,PILOT TRAVEL CENTERS #322,"I-86, EXIT 37",Bath,NY,190,4.499,42.336124,-77.316289
3774,66997,LOVES TRAVEL STOP #289,"I-20, EXIT 49 & SR-531",Minden,LA,745,3.149,32.6154278,-93.2868354
3775,67007,FLYING J TRAVEL PLAZA #795,HWY 2,Nisku                                   ,AB,80,4.406,48.095919,-114.551915
3781,67008,TA ST LOUIS EAST TRAVEL CENTER,"I-55, EXIT 18",Troy,IL,574,3.439,38.7292147,-89.8831541
3787,67009,PILOT TRAVEL CENTERS #407,"I-35, EXIT 194",Clear Lake,IA,433,3.659,43.1370751,-93.3813637
3795,67014,FLYING J FUEL STOP #803,HWY 1 EAST,Portage La Prairie                      ,MB,900,4.630,36.457018,-86.345559
3801,67016,FLYING J CARDLOCK #842,HWY 11,Regina,SK,550,4.731,33.4864927,-117.7079204
3807,67018,FLYING J CARDLOCK #822,HWY 16,Lloydminster,AB,80,4.565,39.10781575659177,-77.26112320436096
3813,67019,FLYING J CARDLOCK #829,HWY 3,Creston                                 ,BC,50,5.152,41.0712156,-94.3888309
3819,67020,FLYING J CARDLOCK #828,HWY 95A,Cranbrook,BC,50,5.011,30.716074,-87.336778
3825,67024,FLYING J FUEL STOP #811,HWY-1,Moose Jaw,SK,550,4.630,32.3994777,-93.6921466
3831,67027,FLYING J FUEL STOP #806,HWY 11,Kapuskasing,ON,460,5.300,40.997583,-84.784032
5324,69607,PANOLA PINES PLAZA,I-59,Carthage,TX,618,3.139,32.1570412,-94.338114
3670,66954,LOVES TRAVEL STOP #344,I-240 EXIT 21 & US-78/SR-4,Memphis,TN,435,3.249,,
3838,67031,FLYING J CARDLOCK #798,HWY 91,Delta,BC,800,5.180,41.699956,-97.575675
3845,67037,LOVES TRAVEL STOP #332,I-71 EXIT 204,Burbank,OH,305,3.689,40.988667,-81.9948684
3846,67038,PILOT TRAVEL CENTERS #260,US-82/SR-520 & SR-300,Albany,GA,10,3.799,31.5928294,-84.1288064
3848,67039,ROAD RANGER #145,"I-44, EXIT 275",Fenton,MO,540,3.359,38.5131989,-90.4400578
3849,67040,FLYING J TRAVEL PLAZA #603,US-431/SR-210 & US-231/SR-1,Dothan,AL,20,3.999,31.22537,-85.39256
3850,67041,CIRCLE K #4707040,"I-95, EXIT 133 & US-201",Skowhegan,ME,170,3.726,44.7592101,-69.6980554
3851,67044,PILOT TRAVEL CENTER #1212,"I-10, EXIT 45",Salome,AZ,930,3.959,33.7811491,-113.6147146
3853,67047,Circle K #2746490,"I-90, EXIT 332",Mitchell,SD,455,3.064,43.69191,-98.01204
3860,67051,PILOT TRAVEL CENTERS #208,"I-44, EXIT 257",Pacific                                 ,MO,540,3.324,38.481809,-90.7415865
3861,67053,TA LAREDO TRAVEL CENTER,"I-35/US-83, EXIT 13",Laredo,TX,693,3.649,27.555445,-99.497722
3862,67054,LOVES TRAVEL STOPS #436,"I-80, EXIT 118",Salt Lake City,UT,835,3.649,40.773201,-111.933984
3864,67055,FLYING J TRAVEL PLAZA #641,I-15,Mccammon,ID,825,3.749,42.6504719,-112.193022
3865,67056,Arco,US-2 & US-59,Erskine,MN,355,3.399,47.6668975,-96.0040068
3866,67057,PILOT TRAVEL CENTERS #146,"I-90, EXIT 12",Castleton On Hudson,NY,12,3.999,42.5308134,-73.7553018
3867,67058,PILOT TRAVEL CENTERS #368,"I-72, EXIT 144",Decatur                                 ,IL,280,3.599,39.91031,-88.89147
3871,67060,PILOT TRAVEL CENTERS #151,"I-5, EXIT 99NE",Olympia,WA,977,4.599,47.0439142,-122.9020746
3872,67063,PILOT TRAVEL CENTERS #330,"I-35, EXIT 184 SW",New Braunfels,TX,740,3.399,29.7028266,-98.1257348
3873,67064,LOVES TRAVEL STOP #385,"I-40, EXIT 101 & US-281",Hinton,OK,483,3.386,35.477706,-98.355185
3874,67065,TA GREENWOOD TRAVEL CENTER,"I-20, EXIT 5 & US-79",Greenwood,LA,745,3.166,32.4435212,-93.9749081
3875,67066,LOVES TRAVEL STOP #361,"I-80, EXIT 168",Newton,IA,320,3.762,41.6997139,-93.0538852
3876,67067,LOVES TRAVEL STOP #377,"I-76/US-6, EXIT 31 & SR-52",Hudson,CO,800,3.459,40.0734432,-104.642986
3877,67069,FLYING J FUEL STOP #621,"I-70, EXIT 359 & US-24",Limon,CO,800,3.899,39.26995,-103.7092
3879,67070,CASEYS #4225,"SR-155N, EXIT 26-A",Nashville,TN,460,3.062,36.1622767,-86.7742984
3880,67071,FAS MART #5154,"I-270, EXIT 3 & SR-3",Hartford,IL,574,3.299,38.8333815,-90.09594
3883,67075,CM FOREST GOLD,SR-16,Amite,LA,600,3.399,30.726364,-90.533825
3884,67076,CASH MAGIC LUCKY MAGNOLIA,SR-63/SR-16,Denham Springs,LA,600,3.399,30.471295,-90.9473668
3885,67077,CASH MAGIC BROUSSARD SOUTH,US-90,Broussard,LA,600,3.399,30.126887,-91.944597
3886,67078,CASH MAGIC SILVER FOX,SR-63/SR-16,Denham Springs,LA,600,3.399,30.471295,-90.9473668
3899,67097,SPEEDWAY #8298,SR-11/SR-55,Kinston,NC,205,3.353,,
3888,67082,PILOT TRAVEL CENTERS #179,"I-81, EXIT 5-B",Hagerstown,MD,22,3.959,39.6430455,-77.7191081
3889,67085,PILOT TRAVEL CENTERS #210,"I-287, EXIT 66 & SR-17",Mahwah,NJ,105,3.899,41.0887072,-74.1437552
3890,67086,SPEEDWAY #7945,SR-24,Swansboro,NC,205,3.699,34.6896728,-77.1232174
3891,67087,SPEEDWAY #8189,"I-40, EXIT 408 & SR-210 & US-117",Rocky Point,NC,245,3.606,34.4351676,-77.8877638
3892,67088,PILOT #4580,"I-26, EXIT 82",Prosperity,SC,30,3.426,34.2098669,-81.5338576
3893,67090,LOVES TRAVEL STOP #373,US-69 & PLATTER RD,Calera,OK,253,3.229,33.91086387755102,-96.46114948979593
3894,67091,SPEEDWAY #7903,SR-211,Raeford,NC,63,3.699,34.9809996,-79.2241998
3896,67094,SPEEDWAY #7943,US-64/SR-49 & US-220,Asheboro,NC,65,3.542,35.6824468,-79.8596478
3897,67095,SPEEDWAY #8297,US-17 & US-17 BYP,Chocowinity,NC,205,3.132,35.5125955,-77.1009232
3898,67096,SPEEDWAY #6997,I-95/US-301,Fayetteville,NC,63,3.396,35.08638016275054,-78.78446950517444
3900,67101,SPEEDWAY #7974,US-601 & SR-24/SR-27,Midland,NC,46,3.429,35.3809696,-80.5601824
3901,67103,SPEEDWAY #8225,US-13/US-17 & US-64,Williamston,NC,205,3.849,35.9416801,-76.9617042
3902,67106,PILOT TRAVEL CENTER #4656,"I-295, EXIT 3-A & US-460",Disputanta,VA,180,3.572,37.1243164,-77.2258062
3903,67107,SPEEDWAY/7fleet #4595,US-501 & SR-544,Conway,SC,205,3.089,33.8360035,-79.0478143
3904,67108,SPEEDWAY/7fleet #4594,SR-90,Longs,SC,205,3.309,33.9385274,-78.7330522
3905,67109,SPEEDWAY #4676,US-13/SR-32,Suffolk,VA,130,3.799,36.8712517,-76.2109219
3907,67114,SPEEDWAY #1415,"I-57, EXIT 306 & US-45/US-52",Kankakee,IL,280,3.379,41.1079776,-87.8676862
3909,67115,CIRCLE K #3912,"I-24/SR-27, EXIT 155 & SR-28",Jasper,TN,285,2.889,35.0742448,-85.6260789
3910,67117,MCCLURE OIL #65,US-31 & SR-38,Cicero                                  ,IN,375,3.889,40.1323222,-86.0137897
3911,67118,ABELS QUIK SHOP #20,US-36 & CR-437,Hannibal,MO,540,3.066,39.7082498,-91.3587413
3912,67119,EASTWAY TRUCKSTOP,SR-80,Somerset,KY,410,3.599,37.0920222,-84.6041084
3913,67120,LOVES TRAVEL STOP #379,"I-10 & CR 255, EXIT 262 SW",Lee,FL,20,3.789,30.4196584,-83.3004216
3915,67122,WORKMANS TRAVEL CENTER,"I-540, EXIT 24 & SR-282",Alma,AR,735,3.372,35.4778653,-94.2218752
3916,67125,LOVES TRAVEL STOP #370,I-80 EXIT 234,Hubbard,OH,573,3.466,41.1564626,-80.5689493
3917,67126,PILOT TRAVEL CENTERS #366,"I-40, EXIT 85 CHRISTMASVILLE RD",Jackson,TN,435,3.509,35.7944111,-88.7366417
3918,67127,LOVES TRAVEL STOP #381,"I-65, EXIT 322 & CR-55",Falkville,AL,615,3.849,34.3684295,-86.908616
3919,67129,PILOT TRAVEL CENTER #920,"I-70, EXIT 54",Colby,KS,525,3.634,39.3959655,-101.0526881
3921,67130,Pilot Travel Centers #473,"I-55, EXIT 248 & US-6",Channahon                               ,IL,290,3.499,41.4294753,-88.2286735
3927,67133,LOVES TRAVEL STOP #365,I-80 EXIT 352,Wells,NV,835,3.716,41.1107264,-114.963144
3928,67137,PILOT TRAVEL CENTERS #485,"I-80, EXIT 173",Winnemucca                              ,NV,966,3.771,40.9724295,-117.734802
3929,67138,Kum N Go #0561,US-65 & SR-744,Springfield,MO,535,2.899,37.2081729,-93.2922715
3887,67081,LOVES TRAVEL STOP #376,"I-85/SR-403, EXIT 28 & SR-54/SR-100",Hogansville,GA,18,3.689,,
3932,67141,KUM & GO #0022,"I-80, EXIT 182 & SR-146",Grinnell,IA,320,3.197,41.7430237,-92.7239637
3933,67143,ALL AMERICAN STORES #7,US-30,Fort Wayne,IN,370,3.559,41.1263751,-85.2010083
3934,67149,HOOPS TRAVEL CENTER,I-39 & SR-21,Coloma,WI,395,3.182,44.0344373,-89.5223925
3935,67150,Maverik Country Store #5119,"US-30, EXIT 150",Ames,IA,320,3.082,42.0267567,-93.6170448
3936,67151,CASEYS #2523,"SR-163, EXIT 29 & SR-14",Monroe,IA,320,3.199,41.5222145,-93.1018684
3937,67155,PILOT TRAVEL CENTER #1219,"I-70, EXIT 61",Vandalia,IL,540,3.699,38.97005,-89.13201
3940,67158,GOLDEN GATE AUTO TRUCK PLAZA,"I-80 , EXIT 32",Sparks,NV,966,3.539,39.5347691,-119.7552534
3941,67160,LOVES TRAVEL STOPS #378,"I-77, EXIT 132 ",Ripley,WV,44,3.589,38.764762,-81.707561
3943,67162,PILOT TRAVEL CENTERS #495,"I-80 , EXIT 201",Brooklyn,IA,380,3.786,41.7286464,-92.4455938
3945,67163,LOVES TRAVEL STOP #358,"I-78, EXIT 23",Hamburg,PA,208,3.857,40.5553081,-75.9824083
3946,67164,FLYING J TRAVEL PLAZA #510,"I-15 , EXIT 188",Scipio,UT,835,3.689,39.2455219,-112.1042955
3948,67166,Circle K #4705726,US-33,Carroll,OH,315,3.246,39.7989528,-82.7010016
3949,67167,LOVES TRAVEL STOP #372,"I-84, EXIT 374",Ontario,OR,982,3.689,44.04844,-116.97586
3950,67168,LOVES TRAVEL STOP #455,"I-70, EXIT 145",Ellis,KS,525,3.623,38.938066,-99.560667
3952,67169,JD ORANGEBURG,US-301/US-601/SR-4,Orangeburg,SC,135,3.342,33.4918203,-80.8556476
3953,67170,FAST TRACK #410,"I-10, EXIT 258",Madison                                 ,FL,20,3.749,30.4693772,-83.4129254
3954,67174,KWIK STAR #419,"US-218, EXIT 218",Charles City,IA,433,3.539,43.009932,-92.62657
3955,67175,KWIK STAR #428,SR-9,Cresco,IA,515,3.524,43.3736148,-92.1161444
3956,67178,KWIK STAR #701,US-63,Denver,IA,565,3.499,42.6713752,-92.3372158
3957,67182,KWIK STAR #817,US-52 & SR-24,Calmar,IA,565,3.579,43.1912578,-91.8676828
3974,67221,KWIK TRIP #457,"I-41/US-41, EXIT 116 & SR-44/SR-91",Oshkosh,WI,582,3.291,,
3960,67192,KWIK TRIP #464,US-63,Rochester,MN,515,3.541,44.03146,-92.4881575
3961,67193,KWIK TRIP #609,SR-16 & SR-43,Rushford,MN,515,3.499,43.8082606,-91.7531265
3962,67195,KWIK TRIP #646,US-169 & CR-53,Blue Earth,MN,425,3.324,43.6295771,-94.0915977
3963,67196,KWIK TRIP #753,US-14 & SR-42,Eyota,MN,515,3.616,43.9989998,-92.2488944
3964,67200,KWIK TRIP #319,SR-13,Spencer,WI,395,3.476,44.7574876,-90.2987071
3965,67202,KWIK TRIP #328,US-53 & SR-95,Blair,WI,295,3.237,44.2508905,-91.2469456
3966,67204,KWIK TRIP #337,SR-65,New Richmond,WI,451,3.499,45.1227287,-92.537502
3967,67206,KWIK TRIP #352,US-53,Chippewa Falls,WI,295,3.407,44.9439504,-91.4269238
3968,67207,KWIK TRIP #354,SR-26,Watertown,WI,420,3.372,43.194335,-88.7241822
3970,67209,KWIK TRIP #386,SR-64,Merrill,WI,395,3.499,45.180522,-89.683459
3958,67185,KWIK TRIP #385,SR-19/SR-3,Northfield,MN,451,3.499,,
3972,67219,KWIK TRIP #455,US-8 & SR-27,Ladysmith,WI,295,3.272,45.4688424,-91.0986495
3973,67220,KWIK TRIP #456,"US-18/151, EXIT 79 & CR-PB",Verona,WI,420,3.579,42.9905492,-89.5335575
3975,67223,KWIK TRIP #476,"US-53, EXIT 140",Rice Lake,WI,295,3.432,45.5027926,-91.733423
3976,67226,KWIK TRIP #494,US-53 & SR-35,Onalaska,WI,515,3.336,43.8916081,-91.2149337
3977,67229,KWIK TRIP #740,SR-15,Hortonville,WI,582,3.509,44.3350374,-88.639343
3978,67230,KWIK TRIP #750,US-14/US-61/SR-35,La Crosse,WI,515,3.299,43.8122836,-91.2514355
3979,67233,KWIK TRIP #807,US-10,Brillion,WI,582,3.366,44.1869454,-88.0896281
3980,67234,KWIK TRIP #847,SR-33 & SR-82/SR-80,Wonewoc,WI,395,3.499,43.6538377,-90.2231545
3982,67237,OUTPOST TRAVEL CENTER,US-79 & CR-111,Minden,LA,745,3.132,32.6154278,-93.2868354
3983,67239,RELAY STATION,SR-1,Shreveport,LA,745,3.132,32.5135356,-93.7477839
3984,67241,RELAY STATION 3,SR-175,Frierson,LA,745,3.259,32.2518252,-93.6899007
3985,67242,SPEEDWAY #6940,"I-77, EXIT 85 & SR-268",Elkin,NC,65,2.859,36.2440504,-80.8507968
3986,67243,LOVES TRAVEL STOP #386,"I-40, EXIT 9 & SR-95",Lake Havasu City,AZ,910,3.922,34.4755537,-114.3285898
3987,67245,SPEEDWAY #4582,US-378,Conway,SC,205,3.089,33.8431571,-79.0902771
3988,67246,SPEEDWAY #7941,US-17 & SR-24,Jacksonville,NC,245,3.326,34.7791191,-77.3901086
3989,67247,CIRCLE K #4707512,"I-93, EXIT 47",Methuen,MA,170,3.799,42.7262016,-71.1908924
3991,67255,LOVES TRAVEL STOP #393,"I-55, EXIT 13",Mccomb,MS,620,3.239,31.2435782,-90.4535887
3992,67262,PILOT TRAVEL CENTERS #497,"I-20, EXIT 165",Lincoln,AL,615,3.199,33.59149,-86.16164
3994,67264,CIRCLE K #4707016,US-1,Princeton,ME,170,3.882,45.2189617,-67.5621009
3995,67265,CIRCLE K #4707048,US-2,Lincoln,ME,170,3.732,45.4564641,-68.4131157
3996,67269,ONVO TRAVEL PLAZA - GOULDSBORO,"I-380, EXIT 13 & SR-507",Gouldsboro,PA,200,3.586,41.245961,-75.4555084
3997,67271,KWIK TRIP #330,US-169 & SR-25,Belle Plaine,MN,451,3.379,44.6228457,-93.7491482
3999,67273,LOVES TRAVEL STOP #396,I-26 EXIT 76,Newberry,SC,30,3.416,34.2753247,-81.6188633
4000,67274,KWIK STAR #790,"US-20, EXIT 275 & SR-13",Manchester,IA,335,3.562,42.4840907,-91.4555379
4001,67275,KWIK TRIP #481,US-61,Red Wing                                ,MN,451,3.324,44.570841,-92.594605
4002,67279,LOVES TRAVEL STOP #391,"I-74, EXIT 123",Saint Paul,IN,375,3.989,39.4279074,-85.6280248
4003,67281,PARKERS SURRENCY #208,US-341/SR-27 & SR-121,Surrency,GA,195,3.586,31.7282043,-82.2050016
4004,67282,RUTTERS #65,"I-81, EXIT 14 & US-11",Chambersburg,PA,70,4.399,39.9328088,-77.6601933
4005,67283,PILOT #4597,"I-40, EXIT 258/SR-53",Gordonsville,TN,460,3.246,36.1758695,-85.9471331
4006,67284,LOVES TRAVEL STOP #390,"I-80, EXIT 179",North Platte,NE,475,3.456,41.10555,-100.72737
4007,67285,CASEY'S #4504,"I-35, EXIT 159 & CR-C47",Dows,IA,433,3.299,42.6563906,-93.5009286
4008,67292,LOVES TRAVEL STOP #304,"I-59, EXIT 174",Steele,AL,615,3.989,33.93343,-86.19387
3971,67211,KWIK TRIP #392,SR-49/SR-23,Ripon,WI,582,3.391,,
4012,67297,BAR-B,I-20 EXIT 370 & FM-919,Gordon                                  ,TX,637,2.932,32.5484637,-98.3692161
4013,67298,SPEEDWAY #5360,US-42,London,OH,315,3.099,39.9394833,-83.3935604
4014,67302,KUM & GO #0187,"I-90, EXIT 87",Sherburn,MN,440,3.187,43.66496,-94.7322
4015,67303,KUM & GO #0615,"I-29, EXIT 15",Elk Point,SD,527,3.072,42.66774,-96.66524
4016,67304,JACKRABBIT JUNCTION,"SR-60, EXIT 51 & CR-A22",Sibley                                  ,IA,521,3.266,43.3989852,-95.7520256
4017,67305,RELAY STATION,"I-20, EXIT 3",Bethany,LA,745,3.122,32.3737683,-94.0379649
4018,67306,150 QUICK STOP,US-150/SR-605,Bardstown,KY,415,3.172,37.8091007,-85.4663905
4020,67308,FUEL STAR,SR-48,New Orleans,LA,619,3.279,29.9561422,-90.0733934
4021,67311,HOLIDAY STATIONSTORE #2746409,US-53 & CR-13,Duluth,MN,334,3.499,46.7706466,-92.1252054
4022,67312,RHODES 101 STOP #790,"I-55, EXIT 91",Scott City                              ,MO,275,3.424,37.2163497,-89.5261244
4023,67313,Majors 660 Diboll Truck Plaza,US-59,Diboll                                  ,TX,610,2.832,31.1871319,-94.7810412
4024,67316,LOVES TRAVEL STOP #302,US-287 & US-412,Boise City,OK,585,3.402,36.743163,-102.512535
4025,67321,LOVES TRAVEL STOP #388,"I-55, EXIT 246 & SR-35",Batesville,MS,655,3.461,34.316488,-89.9527108
4026,67322,LOVES TRAVEL STOP #398,"US-78, EXIT 81 & SR-178",Tupelo,MS,435,3.882,34.2576067,-88.7033859
4027,67323,PUMP & PANTRY #13,US-281/SR-92,Saint Paul,NE,330,3.307,41.2069805,-98.450438
4028,67325,LOVES TRAVEL STOP #225,"I-65, EXIT 93 & US-84",Evergreen,AL,720,3.339,31.414958,-86.994033
4029,67327,FLYING J #796,"QEW 2, EXIT 401",Red Deer                                ,AB,80,4.731,33.290477,-112.613467
4035,67328,FLYING J #792,TCH 1 & HWY-542,Brooks                                  ,AB,50,4.730,43.02161,-89.052799
4041,67329,LOVES TRAVEL STOP #387,"I-85, EXIT 4",Fair Play,SC,16,3.212,34.50621,-82.96376
4042,67331,LOVES TRAVEL STOP #227,"I-20 /I-59, EXIT 100 & SR-216",Mc Calla,AL,615,3.159,34.370555,-87.674752
4043,67333,PILOT #880,"I-84, EXIT 1",Montague,NJ,105,3.999,41.30315,-74.7935
4044,67334,KWIK TRIP #338,US-51,Plover,WI,395,3.299,44.45361,-89.544241
4045,67335,TOP STOP MARKET,"I-24, EXIT 111",Manchester,TN,285,3.016,35.4832001,-86.0887296
4048,67337,KWIK TRIP #422,"I-94, EXIT 322",Oak Creek,WI,444,3.744,42.879225,-87.914669
4049,67338,HUTCH'S #114,US-81,Enid,OK,337,2.999,36.4578988,-97.8731089
4050,67340,MCCLURE,I-74 EXIT  34,Crawfordsville                          ,IN,375,3.616,40.0408627,-86.8997385
4051,67341,CASEYS #3898,"US-151, EXIT 49 & CR-E34",Anamosa,IA,380,3.359,42.1083371,-91.2851594
4052,67342,One9 #1414,"I-81, EXIT 128",Elliston,VA,185,3.242,37.2165215,-80.2325427
4053,67343,EAGLE EXPRESS,US-41,Peshtigo,WI,360,3.399,45.0705045,-87.6822205
4054,67344,DODGE CITY SHELL,"I-65, EXIT 299",Hanceville,AL,615,3.952,34.0623275,-86.7627004
4055,67345,STEELE SERVICE STATION,"I-59, EXIT 174",Steele,AL,587,3.889,33.9398202,-86.2016435
4056,67348,LOVES TRAVEL STOP #389,I-90 EXIT 241,Conneaut,OH,305,3.849,41.9440977,-80.5561011
4057,67350,DE PERE SUPER STORE,US-41,De Pere,WI,360,3.256,44.4372233,-88.1013311
4059,67357,LOVES TRAVEL STOP #353,"I-29, EXIT 62",Fargo,ND,341,3.526,46.877229,-96.789821
4060,67358,KWIK TRIP #453,SR-35/SR-65,River Falls,WI,451,3.447,,
4061,67359,SAGE HILL TRAVEL CENTER,"I-15, EXIT 89 & US-91",Blackfoot                               ,ID,825,3.569,42.44472,-112.13793
4062,67360,BP,"I-95/SR-405, EXIT 49 & SR-251",Darien                                  ,GA,195,3.539,31.3889809,-81.4408366
4063,67361,SUMNER TRUCK STOP,SR-167,Sumner,WA,977,4.299,47.2061882,-122.2312383
4064,67362,TA Glenrio,"I-40, Exit 369 & SR-392",San Jon,NM,585,3.899,35.1064347,-103.3309382
4065,67364,KWIK TRIP #373,"I-94, EXIT 295",Waukesha,WI,444,3.457,43.0115598,-88.2316352
4066,67365,KWIK TRIP #491,US-151,Manitowoc,WI,582,3.382,44.097326,-87.679883
4067,67366,KWIK TRIP #499,"I-43, EXIT 57",New Berlin,WI,444,3.491,42.973476,-88.129117
4068,67367,KWIK TRIP #757,US-14/US-61/SR-27,Viroqua,WI,515,3.359,43.5569174,-90.8887413
4069,67368,KWIK TRIP #653,"I-39, EXIT 87 & US-51/SR-16",Portage,WI,420,3.274,,
4070,67369,KENOSHA TRAVEL PLAZA,"I-94, EXIT 340/US-41 & SR-142",Kenosha,WI,444,3.719,,
4072,67371,PARAMOUNT TRAVEL PLAZA,"I-30, EXIT 46 & SR-19",Prescott,AR,635,3.379,33.8026107,-93.3810057
4073,67380,MILLERS TRAVEL CENTER,"I-80, EXIT 1",Wendover,UT,835,3.599,40.7375965,-114.0314197
4074,67381,ENMARKET #875,US-78 & US-21,Branchville,SC,195,3.266,33.2512711,-80.8156518
4075,67382,CORNER PANTRY TRAVEL PLAZA,SR-79 & SR-40,Hermosa,SD,506,3.299,43.839867,-103.191374
4076,67383,FRIENDSHIP FOOD MART #96,SR-101/SR- 2,Sandusky,OH,550,3.529,41.4397627,-82.7462728
4077,67389,COUCHE-TARD,"H-20, EXIT 145",Saint-Liboire,QC,300,4.730,30.207435,-91.824932
4083,67391,SHOEMAKERS SHELL TRAVEL CENTER,I-80 EXIT 395 AT MILE 395,Lincoln,NE,413,3.349,40.8088861,-96.7077751
4084,67393,LOVES TRAVEL STOP #280,"I-10, EXIT 114",Buckeye,AZ,930,3.569,33.2903835,-112.6136238
4085,67394,Circle K #2745133,US-23 & SR-38,Waycross,GA,75,3.399,31.2135511,-82.3540178
4086,67395,KUM & GO #0267,"I-80, EXIT 267 & SR 38",Tipton,IA,380,2.982,41.7697016,-91.1281732
4087,67396,Q C MART,US-61 & CR-E63,Welton,IA,270,3.699,41.915025,-90.600137
4090,67398,CASEYS #3998,SR-13 & HWY-C,Lowry City                              ,MO,400,3.249,38.1400275,-93.7268774
4091,67400,SPEEDWAY #3547,I-75 & 696,Lima,OH,411,3.499,40.7233827,-84.0752029
4092,67401,QUIKTRIP #973,"I-45, EXIT 272",Hutchins,TX,630,2.882,31.030974,-98.326329
4094,67404,Meskwaki Travel Plaza,HIGHWAY 30 E,Tama,IA,486,3.234,41.964196,-92.552657
4095,67405,ANTELOPE TRUCK STOP,"I-80, EXIT 386",Burns                                   ,WY,795,3.199,41.1918159,-104.358907
4093,67402,TA EXPRESS HOT SPRINGS,US-395/US-18 & SR-79,Hot Springs,SD,506,3.299,,
4097,67408,STOCKTON TRAVEL CENTER,US-20/SR-78,Stockton                                ,IL,520,3.599,42.3558803,-90.0188158
4098,67409,XTRA MART #7025,SR-146,Sutton,MA,175,3.649,42.153752,-71.726587
4099,67410,STRIPES #40532,US-83 & US-277,Carrizo Springs,TX,740,3.349,28.5249088,-99.8616529
4100,67411,LOVES TRAVEL STOP #226,"I-25, EXIT 104",Pueblo,CO,803,3.619,38.263995,-104.6141867
4102,67416,CASEYS #4025,US-61/SR-92,Muscatine                               ,IA,380,3.299,41.4563115,-91.0238681
4103,67417,QUIKTRIP #444,"I-10 EXIT, 139",Phoenix,AZ,930,3.369,33.4484367,-112.074141
4104,67418,KUM & GO #0080,"US-218/SR-27, EXIT 80 & SR-22",Riverside,IA,380,3.097,41.4797157,-91.5812739
4105,67419,LOVES TRAVEL STOP #359,"I-75, EXIT 283",Cartersville,GA,18,3.556,34.1652304,-84.7997613
4106,67420,LOVES TRAVEL STOP #369,I-40 EXIT 163 & SR-48,Dickson,TN,460,3.176,36.0766534,-87.3870096
4107,67421,LOVES TRAVEL STOP #375,US-79/SR-6 & FM-485,Hearne,TX,670,3.489,30.8966794,-96.6015628
4108,67422,KUM & GO #0137,"I-80, EXIT 237",Tiffin,IA,380,3.099,41.705772,-91.6650422
4109,67423,FIRELAKE GRAND TRAVEL PLAZA,"I-40, EXIT 178 & SR-102",Shawnee,OK,483,2.899,35.3272928,-96.9253004
4111,67425,LITTLEFIELD EXPRESS #15,"US-67, EXIT 55 & SR-258",Bald Knob,AR,695,3.309,35.3100919,-91.5671898
4112,67426,Spearville Truck Stop,"I-56, 126 RD",Spearville                              ,KS,570,3.466,37.8834258,-99.7527292
4113,67427,CASEYS #2907,I-57 & I-62,Charleston,MO,275,3.044,36.9235785,-89.3154043
4114,67428,CONOCO,"I-95, EXIT 12",Carteret                                ,NJ,79,3.499,40.584598,-74.224717
4115,67429,7-ELEVEN #40396,"NJTP, EXIT 8A",Monroe Township,NJ,115,3.559,40.348679,-74.472644
4116,67431,SPARKYS ONE STOP #32,I-30 & CR 33,Carroll,IA,320,3.232,42.0651109,-94.8666108
4117,67432,PILOT TRAVEL CENTERS #471,US-27 & US-17,Haines City,FL,140,3.559,28.1489967,-81.6391718
4119,67434,SHELL FOOD MART,"I-35, EXIT 54",Cameron,MO,400,2.991,39.7412703,-94.2384482
4120,67435,7 ELEVEN #40122,I-95 MM2,Newark,DE,160,3.459,39.6828358,-75.7515682
4121,67436,7-ELEVEN #40069,"I-81, EXIT 29",Shippensburg,PA,70,3.422,40.046029,-77.532036
4122,67437,CANDIA FIRST STOP,"SR-101, EXIT 3",Candia                                  ,NH,170,3.899,43.077916,-71.277237
4123,67438,LOVES TRAVEL STOP #363,"I-75, EXIT 358 & SR-326",Ocala,FL,225,3.353,29.1871986,-82.1400923
4125,67439,LOVES TRAVEL STOPS #380,US-287/SR-114,Rhome,TX,630,3.089,33.0391003,-97.4554116
4128,67442,PILOT #4598,I-75 EXIT 56,Niota,TN,285,3.599,35.5134072,-84.5452097
4129,67443,PILOT #4599,"I-24, EXIT 135",Monteagle,TN,285,3.336,35.2403119,-85.8349902
4130,67453,PETRO-CANADA,HWY 63 N,Fort Mcmurray                           ,AB,85,3.954,31.033363,-88.535952
4136,67455,PETRO-CANADA,HWY 16 E,Lloydminster                            ,AB,80,3.951,35.0288257,-89.8360043
4140,67459,PETRO-CANADA,HWY 43,Valleyview                              ,AB,80,3.951,39.244055335048145,-84.7961845318976
4146,67460,PETRO-CANADA,HWY 1,Abbotsford                              ,BC,800,4.229,44.9325251,-90.3162276
4150,67463,PETRO-CANADA,"HWY 1, EXIT 109 N",Chilliwack                              ,BC,800,4.323,35.289466,-113.087047
4156,67469,PETRO-CANADA,HWY 1 N,Brandon                                 ,MB,900,3.564,35.140094,-80.852499
4162,67476,PETRO-CANADA,"HWY 401, EXIT 275 N",Kitchener                               ,ON,430,3.394,32.58208,-89.28506
4174,67478,PETRO-CANADA,HWY 601 N,Dryden                                  ,ON,900,4.064,42.4906182,-76.2976663
4180,67484,PETRO-CANADA,HWY 1 & HWY 207,Dugald                                  ,MB,900,3.564,32.7191162,-96.7868971
4186,67500,PETRO-CANADA,HWY 63,Fort Mcmurray                           ,AB,85,4.183,31.285108,-88.728457
4192,67503,PETRO-CANADA,HWY-43,Grande Prairie                          ,AB,80,3.673,30.683252,-92.1476218
4196,67506,PETRO-CANADA,"HWY 2, EXIT 268",Calgary,AB,50,4.016,30.207435,-91.824932
4202,67508,PETRO-CANADA,HWY-15 ,Fort Saskatchewan                       ,AB,80,3.728,42.121318,-97.017983
4208,67540,PETRO-CANADA,"HWY-97, SMITH AVE EXIT",Quesnel                                 ,BC,850,4.591,41.077894,-73.919017
4214,67543,PETRO-CANADA,HWY 97,Fort St John,BC,850,4.649,30.306965,-90.9196804
4267,67612,FLYING J TRAVEL PLAZA #914- TOWN PUMP,"I-90, EXIT 96 & US-93/SR-200",Missoula,MT,820,3.609,,
4226,67556,PETRO-CANADA,"HWY 401, EXIT 611",Kingston                                ,ON,410,3.758,30.207435,-91.824932
4238,67566,CIRCLE K,"HWYY 407, EXIT 48",Mississauga,ON,720,3.318,30.207435,-91.824932
4244,67568,PETRO-CANADA,"HWY 403, EXIT 109",Burlington                              ,ON,970,3.310,30.207435,-91.824932
4249,67570,PETRO-CANADA,"HWY-401, EXIT 328 & HWY-3",Hornby,ON,970,3.395,25.462498,-80.482823
4255,67571,PETRO-CANADA,"HWY 401, EXIT 14",Windsor,ON,620,3.374,30.207435,-91.824932
4261,67603,FLYING J #862,"HWY 401, EXIT 268",Ayr,ON,200,4.454,30.207435,-91.824932
4268,67613,KWIK STAR #490,"US-20, EXIT 225 & SR-27/SR-58",Cedar Falls,IA,565,3.524,,
4269,67614,KWIK TRIP #622,US-14 & CR-5,Byron,MN,515,3.574,44.0406356,-92.6483855
4270,67615,KWIK TRIP #844,US-63,Lake City,MN,515,3.549,44.4202907,-92.3025061
4271,67616,KWIK TRIP #887,"US-41, EXIT 139 & SR-15",Appleton,WI,582,3.302,44.2613967,-88.4069744
4272,67617,Twice Daily Convenience Store #8046,"I-24, EXIT 31 & SR-249",Joelton,TN,460,3.349,36.3131076,-86.8652772
4273,67618,7-ELEVEN #40441,I-80 MM 21E,West Unity,OH,550,3.662,41.589078,-84.432952
4274,67619,7-ELEVEN #40442,"I-80, MM 21W",West Unity,OH,550,3.662,41.586162,-84.4349491
4275,67620,LOVES TRAVEL STOP #452,"I-35, EXIT 70",Pauls Valley,OK,253,3.649,34.7392055,-97.218509
4276,67621,FLYING J TRAVEL PLAZA #925- TOWN PUMP,"I-15, EXIT 277",Great Falls,MT,815,3.636,47.5048851,-111.29189
4277,67622,LOVES TRAVEL STOP #454,"I-5/US-12, EXIT 72",Chehalis,WA,977,4.589,46.6599653,-122.963432
4279,67624,LOVES TRAVEL STOP #300,I-70 EXIT 304,Bennett,CO,800,3.326,39.7571365,-104.4273048
4280,67625,LOVES TRAVEL STOP #453,"I-10, EXIT 130 & US-231",Cottondale,FL,20,3.553,30.7971363,-85.3765965
4282,67626,KWIK TRIP #316,SR-15 N/SR-22 E,Hutchinson,MN,451,3.279,44.8877401,-94.3697057
4283,67627,PILOT #4556,"I-75, EXIT 329",Wildwood,FL,225,3.226,28.865286,-82.0394286
4286,67629,KWIK TRIP #681,"I-94, EXIT 205",Saint Michael,MN,451,3.297,45.210202,-93.6648083
4287,67630,KWIK TRIP #630,US-151/SR-32/SR-57,Chilton,WI,582,3.366,44.028944,-88.1628151
4288,67634,54 TRUCK STOP,US-54,Mullinville                             ,KS,357,3.466,37.5861307,-99.475674
4289,67635,LOVES TRAVEL STOP #456,I-280 EXIT 1B,Perrysburg,OH,550,3.761,41.5571178,-83.6279321
4290,67636,LOVES TRAVEL STOPS #258,"I-35, EXIT 183",Ottawa,KS,336,3.239,38.579,-95.2667
4292,67637,Power Gas & Truck Stop,US-1/US-9/US-46 & SR-5,Palisades Park                          ,NJ,115,3.219,40.8481556,-73.997639
4293,67641,DANIEL BOONE TRAVEL CENTER,US-23 /US-421/US-58 & SR-871,Duffield,VA,405,3.557,36.711763,-82.793294
4295,67643,QUALITY MART #62,I-77 EXIT 82,Jonesville,NC,65,2.859,36.2393013,-80.8445152
4296,67644,PARKERS #31 (DISCOUNT AVAILABLE),US-80/SR-26 & US-280,Ellabell,GA,195,3.032,32.1456798,-81.5237553
4297,67645,CIRCLE K #2721416,US-441 & SR-20,Gainesville,FL,75,3.899,29.6519684,-82.3249846
4298,67647,BUCHS TRUCK STOP,SR-7,Steubenville                            ,OH,542,3.692,40.3519803,-80.6185411
4299,67650,VIRGINIA FAST STOP,SR-78 & SR-125,Virginia,IL,318,3.759,39.9511595,-90.2123427
4300,67651,SIMMONS,US-60/SR-21,Ellsinore,MO,275,3.424,36.9257547,-90.7513747
4301,67652,ON THE GO TRAVEL CENTER,"I-435, EXIT 8",Kansas City,KS,400,3.999,39.1134562,-94.626497
4302,67655,CIRCLE K #2706627,"I-10, EXIT 261",Slidell,LA,725,3.189,30.2751945,-89.7811745
4303,67656,KWIK TRIP #888,US-10/US-49 & SR-54,Waupaca,WI,395,3.457,44.3434598,-89.0977831
4304,67657,KWIK TRIP #463,US-52/SR-60,Zumbrota,MN,515,3.524,44.2867723,-92.6790119
4305,67658,MIRABITO #41,I-81 EXIT 13,Tully                                   ,NY,12,4.299,42.82262,-76.135971
4306,67664,CEFCO #16,SR-171,Godley,TX,637,2.982,32.449029,-97.5266886
4307,67665,ALL STAR,US-75 N,Sabetha                                 ,KS,553,3.499,39.9103596,-95.7845351
4308,67666,5 STAR TRUCK STOP,"I-44, EXIT 137",Oklahoma City,OK,483,2.879,35.4729886,-97.5170536
4309,67668,ADVENTURE TRUCK PLAZA,SR-3185 & SR-3107,Thibodaux,LA,623,3.399,29.7957633,-90.822871
4310,67669,ONE9 #1271,SR-86,Thermal,CA,900,4.299,33.6403013,-116.1394485
4313,67677,BIGGAS TRUCK STOP,US-190/SR-6 & FM-2818,Bryan,TX,670,3.199,30.5954675,-96.3587538
4314,67678,7-ELEVEN #40301,I-90/I-80,Genoa,OH,550,3.662,41.5822209,-83.6096104
4315,67682,CASEYS #2739,1323 E MAIN ST,Beloit,KS,336,3.359,39.458800999395834,-98.09268787472453
4316,67683,CASEYS #2734,"I-80, EXIT 222",Cozad,NE,330,3.032,40.8439,-99.98568
4317,67684,CASEYS #2490,"I-35, EXIT 124 & US-69",Story City,IA,320,3.062,42.1872062,-93.5957713
4318,67685,CASEYS #2792,"I-380/US-218, EXIT 13",Cedar Rapids,IA,380,3.499,41.9758872,-91.6704053
4319,67686,CASEYS #2956,"I-315/US-81, EXIT 40",Hesston,KS,570,3.199,38.1385315,-97.4314857
4320,67690,CEFCO #64,ST RT 14,Mexia,TX,765,3.099,31.6816183,-96.4783677
4322,67697,FLORENCE TRAVEL PLAZA,"I-95, EXIT 150",Timmonsville                            ,SC,42,3.999,34.1348782,-79.9397885
4323,67698,FRONTIER TRAVEL CENTER,US-12 & US-85,Bowman,ND,807,3.532,46.176811,-103.3868526
4324,67699,GAP FARMS TRAVEL CENTER,"I-20, EXIT 69 & SR-151",Arcadia                                 ,LA,590,3.249,32.5489683,-92.9217754
4325,67701,MARATHON,"I-94, EXIT 331",Casselton,ND,341,3.316,46.900529,-97.2112
4326,67702,SPEEDWAY #6539,US-41/SR-45 & SR-52,Land O Lakes,FL,225,3.496,28.217628,-82.4588407
4327,67703,SPEEDWAY #6880,CR-611,Clearwater,FL,225,3.377,27.954917,-82.707673
4328,67705,CITGO,US-1,North Brunswick,NJ,115,3.186,40.4736824,-74.4289965
4329,67706,SPEEDWAY #3495,US-1/9,Elizabeth,NJ,115,3.599,40.650718,-74.221076
4330,67707,SPEEDWAY #3503,"I-95, EXIT 13 & I-278/US-1/US-9",Linden,NJ,115,3.429,40.6220478,-74.2445902
4332,67712,CASEYS #3810,"I-29, EXIT 132 & US-14",Volga,SD,530,3.279,44.32358,-96.926448
4333,67715,HUTCH'S #109,"I-40, EXIT 38",Elk City                                ,OK,483,2.969,35.4140081,-99.4138648
4334,67716,HWY 19 SCALE,"SR-19/I-35, EXIT 66",Gaylord                                 ,MN,425,3.466,44.5530251,-94.2205889
4335,67718,SUNSTOP #622,SR-52 & SR-167,Hartford,AL,715,3.599,31.1019671,-85.6977651
4336,67720,REFUEL #1046,"I-20, EXIT 116 & US-15",Bishopville,SC,42,3.309,34.2182107,-80.2484056
4337,67721,J AND D COUNTRYSIDE MARTHON,SR-76 & SR-173,Poplar Grove                            ,IL,520,3.499,42.3683522,-88.822047
4338,67723,JET FOOD STORE #80,US-221/SR-135 & SR-206,Douglas                                 ,GA,10,3.457,31.5306628,-82.8153327
4339,67724,LOVES TRAVEL STOP #458,"I-44, EXIT 88",Strafford,MO,416,3.372,37.2683803,-93.1171264
4340,67726,SPEEDWAY #7909,"US-264, EXIT 73",Greenville,NC,205,3.132,35.613224,-77.3724593
4341,67727,SPEEDWAY #7907,US-264 & SR-33,Greenville,NC,205,2.944,35.6599505,-77.3683545
4342,67728,SPEEDWAY #7905,SR-43 & SR-118,Vanceboro,NC,205,3.376,35.2995434,-77.1522321
4343,67729,SPEEDWAY #6981,US-301 BYP,Rocky Mount,NC,177,3.432,36.0572217,-77.7464675
4344,67732,Quik Pik,US-275 & SR-9,West Point,NE,470,3.216,41.84027,-96.7120725
4345,67734,TROTTER TRUCK PLAZA,ST 11,Ord,NE,330,3.299,41.6354965,-98.9592963
4347,67736,SPEEDWAY #9855,I-10 EXIT 49,Fabens,TX,640,3.236,35.006756,-78.815921
4348,67738,SUPER JACK TRUCK STOP,US-84,Brookhaven,MS,620,3.116,31.5472698,-90.4682714
4349,67739,STRIPES #40819,SR-359,Orange Grove,TX,625,3.066,28.000377,-97.904235
4350,67742,STRIPES 7FLEET #42514,"I-20, EXIT 138",Midland,TX,710,3.459,31.9973662,-102.077948
4351,67743,STRIPES 7FLEET #42506,US-380 & US-277,Haskell,TX,575,3.539,33.1582097,-99.7158849
4354,67746,STRIPES #40598,I-2/US-83,Mission,TX,639,2.869,26.2093654,-98.2736477
4355,67747,STRIPES 7FLEET #42424,US-87/US-190,Brady,TX,740,3.599,31.1138194,-99.3356043
4356,67748,STRIPES 7FLEET #42428,"I-20 EXIT, 115",Odessa,TX,710,3.069,31.875956,-102.360258
4357,67749,STRIPES 7FLEET #42436,I-20 EXIT 134,Midland,TX,612,3.066,31.9785329,-102.0487645
4358,67750,STRIPES #40729,FM-511 & FM-802,Brownsville,TX,598,2.999,25.93841,-97.41026
4359,67753,STRIPES #40892,SR-359 & SR-16,Hebbronville,TX,625,3.286,27.3103306,-98.6798475
4360,67754,Refuel #185,US-220,Stokesdale,NC,65,3.699,36.227374,-79.914784
4362,67757,KEITH'S SUPERSTORE,"I-59, I-20, EXIT 160",Meridian,MS,705,3.049,32.3643098,-88.703656
4364,67762,CEFCO #2008,US-83/US-62 & US-287,Childress,TX,770,2.916,34.4350742,-100.2260042
4365,67763,SHELL,US-72,Mount Pleasant,MS,435,3.399,34.9590979,-89.5227747
4366,67764,NINNEKAH TRUCK STOP,US-277/US-81 & SR-19,Ninnekah,OK,483,3.229,35.0170502,-97.9347891
4367,67766,STOP IN Food Store #8143,US-221/US-460 & SR-607,Montvale,VA,185,3.366,37.382453,-79.726978
4368,67768,SHELL,US-60 & SR-657,Lewisport,KY,487,3.499,37.9369974,-86.9022146
4369,67769,PETRO-CANADA,HWY 1,Whitehorse,YT,503,4.008,41.396943,-74.567172
4376,67772,STEVES SHELL,"I-55, EXIT 42",Brookhaven                              ,MS,620,3.199,31.60517,-90.46593
4377,67774,7-ELEVEN #39329,I-278/US-1,Linden,NJ,79,3.376,40.6411812,-74.2061244
4378,67777,CIRCLE K #2721270,"I-95, EXIT 358B, SR-105",Jacksonville,FL,75,3.342,30.369914,-81.660992
4379,67779,REATA PETROLEUM,I-76 & BARLOW RD,Fort Morgan                             ,CO,800,3.439,40.251565,-103.7730561
4380,67782,SAMS MART #45,"I-40, EXIT 24 & SR-209",Waynesville,NC,405,3.599,35.4887476,-82.9888725
4381,67783,RUTTERS #4,US-30 & SR-1016/2011,Wrightsville                            ,PA,70,3.989,40.0266809,-76.5334387
4382,67784,HAVANA CONVENIENCE,US-136,Havana                                  ,IL,368,3.799,40.2974437,-89.9435705
4383,67787,PWI #109,"I-20, EXIT 126",Midland,TX,710,2.999,31.9973662,-102.077948
4384,67789,BEAR RIVER VALLEY CO OP,SR-13/SR-83,Corinne                                 ,UT,835,3.419,41.5551252,-112.1295695
4385,67791,KINGSPORT TRUCK STOP,"I-81, EXIT 63",Kingsport,TN,405,3.899,36.550238,-82.5594293
4386,67792,CUBBYS #113,US-20/US-275,Oneill                                  ,NE,470,3.226,41.072451,-73.489283
4387,67793,PILOT TRAVEL CENTER #131,"I-35, EXIT 34",Osceola                                 ,IA,320,3.459,41.021827,-93.813606
4389,67794,ROAD RANGER #181,"I-55, EXIT 90",Springfield,IL,318,3.299,39.7990175,-89.6439575
4392,67795,ROAD RANGER #263,"I-80, EXIT 93",Ottawa,IL,520,3.219,41.37642,-88.77869
4397,67798,SUNSTOP #631,SR-231/SR-53 & SR-123,Ozark,AL,20,3.599,31.434378,-85.627726
4398,67801,SUNOCO,"I-275, EXIT 42/SR-747",Cincinnati                              ,OH,407,3.099,39.1012809,-84.5127405
4399,67804,SUNSTOP #616,US-84/SR-134 & CR-1,Daleville,AL,20,3.399,31.2379399,-85.516001
4400,67806,84 QUICK STOP,I-84,Brookhaven                              ,MS,620,3.149,31.5790667,-90.4407122
4401,67811,QUICK FUEL #5301,SR-360,Grand Prairie,TX,637,3.024,32.652106,-97.061329
4402,67813,LEROY TRUCK PLAZA,"I-74, EXIT 149",Le Roy,IL,280,3.479,40.33892,-88.76507
4403,67815,LOVES TRAVEL STOP #254,"I-70, EXIT 59 & SR-39",Mooresville,IN,375,3.929,39.6128243,-86.37416
4404,67818,LOVES TRAVEL STOP #457,"I-30/US-67/US-70, EXIT 128",Little Rock,AR,695,3.242,34.7465071,-92.2896267
4405,67819,BREW #31,US-71/US-18,Spencer,IA,440,3.466,43.1840642,-95.1499298
4406,67820,CIRCLE K #2723487,US-17 & SR-211,Supply,NC,245,3.289,34.0176717,-78.267499
4407,67821,FAS MART #5261,SR-9 & SR-57,Tollesboro,KY,410,3.352,38.5595201,-83.5760258
4409,67823,FLASH MARKET #17032,"I-555/US-63, EXIT 29 & SR-69",Trumann,AR,435,3.407,35.6728822,-90.5069406
4410,67824,CIRCLE K #2723641,US-231/SR-87/SR-10/SR-53 & CR-21,Troy,AL,720,3.799,31.8087678,-85.969951
4411,67826,VALLEN MART,US-14,Volga,SD,566,3.319,44.325967,-96.917371
4412,67827,GAS N GO,US-280/SR-27 & SR-520,Richland                                ,GA,10,3.199,32.0879342,-84.6674203
4413,67829,KWIK TRIP #721,SR-19 & SR-73,Marshall,WI,420,3.497,43.1677006,-89.0643334
4414,67832,Sprint Mart #45,US-278/US-45,Tupelo,MS,742,3.189,34.2056038,-88.7075631
4415,67833,PETES #05,US-59 & US-400,Parsons,KS,307,3.299,37.3676338,-95.2645275
4416,67835,CIRCLE K #2723782,"I-40, EXIT 38 & US-421",Greensboro,NC,65,3.082,36.0726355,-79.7919754
4417,67837,PILOT TRAVEL CENTER #1054,US-183 & SR-21,Buda,TX,740,3.416,30.082475,-97.8417144
4418,67839,EL TIGRE FOOD STORE #13,SR-336,Hidalgo                                 ,TX,639,3.216,26.108512,-98.246559
4419,67841,CIRCLE K #2723844,US-15/US-501/US-1,Sanford,NC,177,3.049,35.5248658,-79.184281
4420,67842,CIRCLE K #4707627,"I-81, EXIT 48",Watertown,NY,220,4.099,43.97697,-75.94162
4421,67844,UNCLE WILLIES #1288,US-13,Felton,DE,243,3.219,39.0084464,-75.5779807
4422,67846,CEDAR RIVER PLAZA,SR-35,Stephenson,MI,360,3.419,45.415251,-87.607616
4424,67848,JEMISON EXXON,"I-65, EXIT 219 & CR-42",Jemison,AL,615,3.299,32.9596424,-86.7452105
4425,67849,KUM & GO #0379,US-412/ US-63 & SR-25,Black Rock,AR,435,3.199,36.0355531,-90.9612769
4426,67850,SMILEYS FUEL CITY,"I-64/I-81, EXIT 205 & SR-206",Raphine,VA,185,3.539,37.9373548,-79.2328102
4427,67854,CircleK #2709341,US-411,Chatsworth,GA,285,3.499,34.795295,-84.772926
4428,67855,FAS MART #5262,"I-64, EXIT 94 & SR-1958/SR-2888",Winchester,KY,410,2.907,37.990079,-84.1796503
4429,67859,PILOT #1135,US-281,Falfurrias,TX,639,3.459,27.237651,-98.139771
4430,67860,SHELL,"I-55, EXIT 227 & SR-32",Oakland,MS,435,2.999,34.0556679,-89.9164781
4432,67862,SUNOCO TRUCK STOP,"I-70, EXIT 123 & SR-3",Spiceland,IN,375,3.399,39.838379,-85.4388608
4363,67758,CLARKS PUMP N SHOP #47,SR-10/SR-9,Vanceburg,KY,312,3.599,,
4436,67868,CHEVRON,SR-19,Huntsville                              ,TX,670,2.979,30.72308,-95.54992
4437,67871,BASIN MARKET #107,US-40,Vernal,UT,810,3.599,40.4556825,-109.528474
4438,67872,SMOKIES,US-45,Okolona                                 ,MS,576,3.099,33.9514731,-88.7180894
4439,67874,RUTTERS #56,"I-83, EXIT 39A & SR-114",New Cumberland                          ,PA,70,3.899,40.2284433,-76.8673781
4440,67875,EXXON TIGER MART,"US-67/US-167, EXIT 28 & US-64",Beebe,AR,695,3.299,35.0735738,-91.8863516
4441,67876,KUM & GO #0880,"US-412, EXIT 36",Stillwater,OK,560,2.954,36.1156306,-97.0585717
4442,67877,CIRCLE K #4703701,I-24 EXIT 70,Smyrna,TN,460,3.032,35.9824598,-86.5199492
4443,67879,Strike,US-287/96/69 & SR-347,Beaumont,TX,610,3.499,30.0829344,-94.0984277
4444,67883,CASH MAGIC HOLLYWOOD,US-90,Berwick,LA,725,3.399,29.6872481,-91.2466838
4445,67884,ROADRUNNER FUELS,US-550/SR-544,Aztec,NM,614,3.776,36.8287888,-107.985768
4446,67886,MAVERIK #5200,"I-70 BUSINESS, EXIT 25, CR-24",De Beque,CO,800,3.442,39.280802,-108.197144
4447,67887,AIRLINE CHEVRON,US-61,Kenner                                  ,LA,725,3.099,30.011436,-90.25447
4448,67890,KUM & GO #0449,US-60/US-71,Neosho,MO,535,3.056,36.8407968,-94.4060114
4449,67892,TURRELL FUEL STOP,"I-55, EXIT 21",Turrell                                 ,AR,435,3.466,35.36564,-90.27954
4450,67894,CIRCLE K #2705098,US-27 & SR-44,Leesburg,FL,140,3.572,28.8115541,-81.9206739
4451,67897,KENT KWIK #273,SR-302 & SR-18,Kermit,TX,710,3.039,31.8578999,-103.0932149
4453,67906,ON THE GO,SR-239,Prescott,KS,400,3.199,38.0636439,-94.6955145
4454,67908,CIRCLE K #2744062,"I-25, EXIT 74",Colorado City,CO,796,3.349,37.9452861,-104.8352628
4455,67910,G FUEL,US-40 & SR-140,Penns Grove,NJ,243,3.399,39.7295581,-75.4679734
4456,67917,STRIPES 7FLEET #42510,"I-10, EXIT 256/US-285",Fort Stockton,TX,710,3.379,30.8940408,-102.8979477
4457,67918,DELAWARE TRUCK STOP,"I-80, EXIT 4C/US-46",Delaware,NJ,90,3.079,40.8939607,-75.0668038
4458,67922,EXXON,"I-20, EXIT 44 & US-371 & US-80/US-79",Minden,LA,745,3.399,32.6293326,-93.2457397
4476,67952,CIRCLE K #2707682,"I-75, EXIT 164 & US-17/SR-35",Punta Gorda,FL,225,3.399,,
4460,67924,KUM & GO #0026,"I-90, EXIT 26",Adrian,MN,440,3.191,43.63608,-95.93307
4461,67925,CHEVRON,US-61,Baton Rouge                             ,LA,600,3.899,30.509047,-91.170523
4462,67927,STONES TRUCK STOP,"I-29, EXIT 77/US-212",Watertown,SD,566,3.382,44.8901295,-97.0450615
4463,67929,Circle K,SR-574,Plant City,FL,225,3.326,28.0086184,-82.1657376
4464,67930,CIRCLE K #2721426,US-98/SR-30A & SR-368,Panama City,FL,145,3.291,30.1795248,-85.70281
4466,67932,SPRINT MART #4144,US-82/US-45/SR-12 & SR-182,Columbus                                ,MS,576,3.016,33.4956744,-88.4272627
4467,67933,SUNOCO,SR-50 & SR-471,Webster,FL,140,3.336,28.6175315,-82.0547379
4468,67934,WHISPERING PINES,SR-10,Greensburg                              ,LA,600,3.099,30.829415,-90.667147
4469,67935,CIRCLE K #2707610,"I-10, EXIT 26",Milton,FL,155,3.232,30.6324149,-87.0396881
4470,67938,TEXACO,"I-84, EXIT 376",Tremonton,UT,835,3.456,41.7120775,-112.165779
4471,67939,DELTA FUEL,"I-80, EXIT 242 & SR-339",Mifflinville,PA,138,3.366,41.029534,-76.3077834
4472,67940,MARTIN GENERAL STORE,US-22,Ebensburg                               ,PA,14,3.524,40.4852783,-78.7248434
4473,67941,FIESTA MART #21,"I-40, EXIT 278",Warner,OK,560,3.639,35.494675,-95.3060603
4474,67943,LOVES TRAVEL STOP #459,"I-65, EXIT 133 & SR-267",Whitestown,IN,375,3.622,39.9972626,-86.3458296
4475,67949,7-ELEVEN #36835,"I-85, EXIT 32",Pelzer,SC,30,3.182,34.646168,-82.461813
4477,67957,CITGO,US-27,Hialeah,FL,64,3.472,25.85304,-80.283439
4478,67965,DIAMOND #7,"I-65, EXIT 69",Brewton,AL,715,3.399,31.1039239,-87.0722655
4480,67974,TALL TIMBERS TRUCKSTOP,"I-10, EXIT 23 & SR-108",Sulphur                                 ,LA,690,3.832,30.2365943,-93.3773783
4481,67976,KWIK TRIP #587,US-141 & SR-22,Lena,WI,582,3.282,44.9532322,-88.0355873
4482,67977,KUM & GO #4127,"I-29, EXIT 127",Sloan,IA,527,3.109,42.22916,-96.24197
4483,67994,Pure,US-82/SR-520/SR-135,Willacoochee,GA,10,3.466,31.3407551,-83.0459826
4484,67997,CIRCLE K #2745137,"I-75/SR-401, EXIT 149 & SR-49",Byron,GA,85,3.199,32.6537561,-83.7596294
4485,68002,CO RETAIL VENTURE DB,US-34 & SR-59,Yuma,CO,800,3.449,40.1195121,-102.7517177
4486,68005,WESSON,"I-84, EXIT 22, SR-8, EXIT 22",Waterbury,CT,100,4.179,41.5541144,-73.0435615
4487,68007,Highland oil,US-412,Hardy,AR,435,3.269,36.3164069,-91.4993633
4488,68008,FAST LANE #3,US-64 & US-49,Mc Crory,AR,435,3.399,35.258056,-91.19982
4489,68009,CIRCLE K #2741779,"US-270, EXIT 2",Hot Springs National Park,AR,695,3.369,34.5317,-93.06377
4491,68016,Chevron #386730,"I-10, EXIT 139",Phoenix                                 ,AZ,930,3.299,33.60503,-112.070892
4492,68017,TEXACO,SR-89,Prescott,AZ,930,3.739,34.622488,-112.425675
4493,68019,PAC PRIDE CARDLOCK,CR-25/CR-826,Miami,FL,95,3.479,25.7369497,-80.3191054
4494,68020,EXXON,"I-10, EXIT 335/SR-121",Macclenny,FL,75,3.499,30.260209,-82.1228912
4495,68026,MINIT MART #600627,"I-57, EXIT 312",Kankakee,IL,399,3.449,41.1200325,-87.8611531
4496,68029,MAPCO #3502,SR-151,Ringgold,GA,285,3.092,34.91591,-85.1091173
4497,68030,FIVE STAR EXPRESS,"I-520/SR-415, EXIT 16 & SR-28",Augusta,GA,135,3.499,33.4709714,-81.9748429
4498,68031,ORCHARD STOP BP,US-30,Montgomery                              ,IL,290,3.649,41.718831,-88.330654
4500,68033,CIRCLE K #2703175,"I-520/SR-415, EXIT 9 & SR-56",Augusta,GA,135,3.282,33.4709714,-81.9748429
4501,68036,MOBIL,"I-95, EXIT 60",Salisbury,MA,178,3.599,42.8418855,-70.8602328
5325,69608,STRIPES,FM 1924,Mission,TX,639,3.099,26.2159066,-98.3252932
4459,67923,MONROE CENTER BP OASIS,"I-39, EXIT 111/US-51 & SR-72",Monroe Center                           ,IL,520,3.599,,
4504,68048,CASEYS #3961,SR-3 & SR-143,Marcus,IA,527,3.299,42.82471,-95.8079104
4505,68052,CUBBYS #302,SR-39 & SR-175,Odebolt,IA,319,3.316,42.3121507,-95.2520585
4507,68055,Gallops,US-20,Michigan City,IN,370,3.399,41.682278,-86.8827742
4508,68062,FARMERS UNION OIL,US-83,Wilton                                  ,ND,390,3.899,47.158748,-100.786644
4509,68065,Caseys #4450,US-160,Ulysses                                 ,KS,525,3.399,37.5757384,-101.3474664
4510,68067,PUMP & PANTRY #2,US-30 & US-281,Grand Island,NE,330,3.307,40.883579,-98.3780832
4511,68068,ELGIN ONE STOP,SR-14 & SR-70,Elgin,NE,470,3.137,41.9832688,-98.08455
4512,68070,PAULS TRUCK STOP,US-171,Leesville                               ,LA,690,3.449,31.1604379,-93.266987
4513,68072,FAMILY FARE #834 (DISCOUNT AVAILABLE),"US-131, EXIT 175",Byron Center,MI,371,3.739,42.8122508,-85.7228062
4514,68073,BIG BATS 2,US-20,Chadron,NE,506,3.699,42.8283284,-102.9836716
4515,68076,JENNINGS TRUCKSTOP,"I-10, EXIT 65",Jennings,LA,690,2.999,30.2224284,-92.657085
4518,68080,SAMMYS TRUCK AUTO PLAZA,"I-49, EXIT 53",Bunkie                                  ,LA,730,3.399,30.9528641,-92.1857892
4519,68081,SHELL,SR-308 & SR-654,Mathews                                 ,LA,725,3.459,29.6863233,-90.5467525
4520,68091,ALLTOWN MARKETS,"SR-101, EXIT 2",Auburn,NH,178,3.799,43.0045289,-71.348398
4521,68093,MARATHON,US-223/CR-52,Adrian,MI,385,3.599,41.8958758,-84.0658963
4522,68095,ALEXS MARKET AND GRILL,"I-75, EXIT 101",Holly                                   ,MI,342,4.699,42.7919727,-83.6277255
4523,68100,REFINED MARKETERS,"I-96, EXIT 31A/US-131, EXIT 88",Grand Rapids                            ,MI,344,3.739,42.9632425,-85.6678639
4524,68102,SUNOCO,ST 17,Carlstadt                               ,NJ,115,3.162,40.8403778,-74.0906974
4525,68107,SPEEDWAY #4500,"I-35, EXIT 171/CR-11",Pine City,MN,451,3.549,45.8561428,-92.9882822
4526,68110,CIRCLE K #4705573,SR-82,Grafton,OH,414,3.749,41.280091,-82.030302
4528,68113,CIRCLE K #4705571,ST 2,Holland,OH,550,3.549,41.621718,-83.711604
4529,68114,BP,US-130,Burlington                              ,NJ,230,3.146,40.077342,-74.849847
4530,68116,Circle K #2746335,"I-35, EXIT 22",Minneapolis,MN,448,3.799,44.9772995,-93.2654692
4560,68191,MARTIN GENERAL STORE # 207,SR-865/I-99 EXIT 41,Altoona                                 ,PA,14,3.539,,
4532,68124,CIRCLE K #4705587,SR-585 & SR-57,Rittman,OH,249,3.659,40.9723644,-81.7811745
4533,68129,CULVERS HAWKINS,"US-59/I-29, EXIT 43",Saint Joseph,MO,400,3.199,39.7686055,-94.8466322
4534,68133,CASEYS #4256,US-71/SR-175,Joplin                                  ,MO,416,3.069,37.1055431,-94.4763264
4535,68140,CROSSROADS RATON TRUCK STOP,"I-25/US-85, EXIT 451 & US-87",Raton,NM,803,3.499,36.8979234,-104.4354816
4536,68147,Regal Truck Stop,SR 30,New Albany,MS,435,3.249,34.496975,-89.030409
4537,68148,CIRCLE K #2723389,US-49,Gulfport,MS,715,2.944,30.4901838,-89.1048741
4538,68151,KUM & GO #0498,SR-125,Rogersville,MO,535,3.052,37.1173669,-93.0569237
4544,68155,SHEETZ #181,"I-80, EXIT 158 & SR-220",Bellefonte,PA,14,3.729,40.9134862,-77.7737471
4545,68156,A PLUS MINI MARKET,"I-95, EXIT 26",Philadelphia                            ,PA,160,3.999,39.9527237,-75.1635262
4546,68157,RAJS MINI MART,US-1/SR-29,Morrisville,PA,230,3.899,40.2079234,-74.7674925
4531,68122,CENEX,SR-11/SR-310,Roseau                                  ,MN,449,3.499,,
4548,68161,KWIK FILL #390,SR-15 & TABER RD,Blossburg,PA,138,3.684,41.6795186,-77.0638567
4549,68165,GOLDEN GATE Fallon,US-50,Fallon,NV,966,3.549,39.512936,-118.939735
4550,68167,CIRCLE K #4707628,SR-90 & SR-5,Montezuma,NY,220,3.999,43.010065,-76.7032833
4551,68169,GOLDEN GATE GOLDEN VALLEY,"US-395, EXIT 73",Reno,NV,966,3.949,39.5261788,-119.812658
4552,68174,MIRABITO #42,"I-81, EXIT 7",Castle Creek,NY,12,3.999,42.22758,-75.91825
4554,68178,CIRCLE K #2723748,"I-20, EXIT 48",Pearl,MS,760,3.389,32.2735792,-90.127881
4555,68179,WEST PAK A POK,SR-8,Houston                                 ,MS,655,3.399,33.8984461,-88.9992267
4556,68180,One9 #1374,"I-81, EXIT 143, SR-924",Hazleton,PA,200,3.862,40.949945,-75.970342
4557,68185,CITGO,US-22/SR-72,Jonestown                               ,PA,70,3.749,40.4218854,-76.4833532
4558,68188,ONVO TRAVEL PLAZA - GIBSON,"I-81, EXIT 219 & SR-848",New Milford,PA,200,3.589,41.8761434,-75.7265607
4559,68189,EAGLE EXXON,US-27/SR-29,Dayton,TN,285,3.399,35.4863214,-85.0163112
4561,68196,CATDADDY MARKET,SR-33,Tazewell,TN,405,3.299,36.4296271,-83.4654596
4562,68211,CEFCO #2005,"I-40, EXIT 73",Amarillo,TX,585,2.869,35.20729,-101.8371192
4563,68212,CIRCLE K #2723415,"I-26, EXIT 16",Spartanburg,SC,210,3.099,34.9498007,-81.9320157
4564,68213,CADOO MILLS,"I-30/US-67, EXIT 87 & FM-1903",Caddo Mills,TX,253,2.801,33.065668,-96.2278201
4565,68215,COWBOY TRAVEL PLAZA,"I-10, EXIT 833",Hamshire,TX,610,2.899,29.861608,-94.3124092
4566,68217,CIRCLE K #2723881,US-701 & US-501,Conway,SC,46,3.184,33.7905082,-78.9997781
4568,68227,QUARLES #4914,"I-64 EXIT 297, US-13",Chesapeake,VA,130,3.526,36.673937,-76.302431
4569,68234,CIRCLE K #2723705,"I-81, EXIT 80 & SR-121",Wytheville,VA,65,3.266,36.9479966,-81.0869747
4570,68235,JOLLEY #113,"I-91, EXIT 28",Derby,VT,39,3.539,44.9474125,-72.1339323
4571,68236,TEX BEST #506,"I-35, EXIT 84",Dilley                                  ,TX,747,3.099,28.6695971,-99.1672017
4572,68243,PILOT EXPRESS #1173,"I-5, EXIT 135",Tacoma,WA,977,4.599,47.3050173,-122.5182841
4573,68245,STRIPES #40705,US-77/SR-374,Combes,TX,665,2.912,26.2388819,-97.7227281
4574,68253,KENT KWIK #262,"CR-18/I-20, EXIT 80",Monahans,TX,710,2.859,31.5890519,-102.8861902
4575,68256,EXTRA MILE TRUCK STOP,I-30 EXIT 208,Hooks,TX,723,2.817,33.4696541,-94.2859652
4581,68258,CIRCLE K #2741536,SR-83/CR-1015,Weslaco,TX,639,3.036,26.1078293,-97.9545379
4547,68158,SUNOCO,"I-78, EXIT 29A/SR-61",Shoemakersville,PA,90,3.639,,
4583,68261,STRIPES #2294,US-83 & FM-1120,Leakey,TX,740,2.949,29.6683487,-99.7424484
4584,68266,FREDS FUEL AND FOOD #2,"I-57, EXIT 283 & US-24",Gilman,IL,280,3.189,40.7667015,-87.992262
4587,68268,SPEED SMART,"I-10, EXIT 114",Buckeye,AZ,930,3.372,33.196206,-112.558405
4588,68270,MPC #2,US-67 & CR-A,Fredericktown,MO,574,2.991,39.708609,-94.835761
4590,68273,CHISUM TRAVEL CENTER,US-70/US-54,Tularosa,NM,640,2.999,33.069584,-106.01551
4591,68274,CEFCO #6,SR-6 & SR-7,Marlin,TX,765,2.999,31.308005,-96.8908895
4592,68276,KWIK STAR #895,US-18/US-63 EXIT 204,New Hampton,IA,565,3.449,43.0603692,-92.3355875
4593,68277,WHITE OAK STATION #15,US-65,Harrison,AR,735,3.599,36.2653377,-93.137753
4594,68279,MACS MARKET #101,ST 22A,Fair Haven                              ,VT,12,3.599,43.6274669,-73.2970106
4595,68282,SUNSTOP #612,US-84,Andalusia,AL,720,3.486,31.3186758,-86.4518805
4596,68283,FLYING J# 852,"HWY-401, EXIT 814 & HWY-15",Lancaster,ON,720,4.730,44.970596,-92.984289
4602,68290,WALTON TRUCK STOP,US-78/SR-10 & SR-83,Monroe                                  ,GA,16,3.999,39.171449,-86.503654
4604,68294,BP,"I-74, EXIT 51",Galesburg,IL,270,3.499,40.951166,-90.373308
4605,68298,MR FUEL #719,"I-80, EXIT 6",Gary,IN,365,3.566,41.6020962,-87.3370646
4606,68301,LOVES TRAVEL STOP #463,I-10 EXIT 604,Seguin,TX,740,3.179,29.5688411,-97.9647269
4607,68302,FLYING J #493,I-95 EXIT 77,Saint George,SC,42,3.519,33.1859958,-80.5756534
4608,68303,KWIK TRIP #351,SR-13 & SR-64,Medford,WI,295,3.401,45.1391437,-90.3460806
4610,68307,EXPRESSWAY LUVERNE,"I-90, EXIT 12",Luverne,MN,432,3.239,43.63941,-96.21281
4611,68308,PINECONE TRAVEL PLAZA,"I-94, EXIT 267",Johnson Creek,WI,420,3.219,43.0759165,-88.774837
4612,68311,SUN DO KWIK SHOP,SR-242,Evergreen                               ,NC,63,3.159,34.415805,-78.913471
4613,68314,Refuel #313,US-183 & SR-29,Liberty Hill                            ,TX,595,2.909,30.6567783,-97.8779319
4614,68315,SHELL,"I-40, EXIT 200 & SR-99",Seminole,OK,483,2.859,35.2300087,-96.6762229
4615,68316,CIRCLE K #2723622,"I-75, EXIT 345",Ringgold,GA,285,3.076,34.91591,-85.1091173
4616,68318,NINOS TRUCK PLAZA,"I-10, EXIT 151",Port Allen,LA,600,3.039,30.45335,-91.2100569
4618,68321,Big's #304,"I-35, EXIT 141",Moore,TX,740,2.999,29.0564311,-99.0074768
4619,68323,TRAINER MART,"I-10, EXIT 593",Marion,TX,740,2.999,32.78714,-94.417339
4620,68328,TONKAWA TRAVEL CENTER,"I-35, EXIT 214 & US-60",Tonkawa,OK,500,3.099,36.6783679,-97.3100442
4621,68330,SHREES TRUCK STOP,"I-90, EXIT 149 & SR-281",George                                  ,WA,920,3.709,47.0807166,-119.85709
4625,68332,CIRCLE K #2701526,"I-40, EXIT 208",Colfax,NC,65,2.957,36.1126365,-80.0144842
4626,68333,GO MART FOOD STORE #106,US-250/US-219/SR-92/SR-55,Elkins                                  ,WV,44,3.499,38.925927,-79.8466552
4627,68335,PILOT #481,"I-75, EXIT 20",Mc Donald,TN,285,3.599,35.0851543,-84.9939529
4628,68337,SPEEDWAY #1426,US-30 & SR-51,Merrillville,IN,290,3.886,41.4828144,-87.3328139
4629,68339,LOVES TRAVEL STOP #464,"I-10, EXIT 523 & US-87",Comfort,TX,740,3.212,29.967715,-98.9050337
4630,68343,HUTCH'S #119,I-40 EXIT 40,Elk City,OK,483,2.969,35.4140081,-99.4138648
4632,68348,HOT SPOT #6007,"I-85, EXIT 80",Spartanburg                             ,SC,210,3.089,34.9498007,-81.9320157
4633,68349,SAPP BROS TRAVEL CENTER,"US-75, EXIT 116",Le Mars,IA,527,3.269,42.792151,-96.1662993
4634,68350,JOAQUIN QUICK STOP,US-84,Joaquin,TX,618,3.432,31.9673641,-94.0615925
4635,68354,LEERJAK TRAVEL CENTER,US-60,Ellsinore,MO,275,3.409,36.9257547,-90.7513747
4636,68359,LOVES TRAVEL STOP #466,"I-78, EXIT 65",Jasper,AL,615,3.556,33.8312185,-87.2775053
4637,68360,A PLUS MINI MARKET,"I-95, EXIT 19",Philadelphia                            ,PA,160,4.049,39.9527237,-75.1635262
4638,68361,DUCK THRU FOOD STORE #34,US-158 & US-17,Elizabeth City                          ,NC,130,3.499,36.2692723,-76.2921238
4639,68362,RUTTERS #5,US-30 & SR-997,Fayetteville,PA,70,3.859,39.9111965,-77.5500296
4640,68364,Maplefields,"I-89, EXIT 19",Saint Albans                            ,VT,39,3.539,44.8107911,-73.0833607
4641,68365,7-ELEVEN #36834,SR-72,Abbeville,SC,30,3.619,34.1779495,-82.3792463
4642,68366,MARATHON,US-68/SR-80,Russellville,KY,460,3.199,36.8597352,-86.862527
4644,68368,AKAL TRAVEL CENTER,I-80 EX 360,Waco,NE,413,2.799,40.896956,-97.463383
4645,68369,WORKMANS TRAVEL CENTER,"I-40 EXIT, 35 & SR-23",Ozark,AR,735,3.297,35.496912,-93.840127
4646,68370,GULF EXPRESS DIESEL AND GAS,"I-295, EXIT 4 & SR-14",Johnston                                ,RI,175,3.799,41.8310404,-71.5412101
4647,68372,SPEEDWAY #8062,SR-26/CR-00,Kokomo,IN,375,3.799,40.41887,-86.12721
4648,68375,PILOT #491,"I-81, EXIT 251 & US-11",Harrisonburg,VA,185,3.659,38.4493315,-78.8688833
4649,68377,PILOT #4568,I-20 EXIT 11,Graniteville,SC,135,3.392,33.6201364,-81.8248529
4650,68378,PILOT TRAVEL CENTERS #596,I-69 EXIT 196,Smiths Creek,MI,342,3.959,42.9139187,-82.6038085
4651,68381,Fast Stop Travel Centers #2241,US-26 S & SR-39,Blackfoot,ID,825,3.999,47.2220354,-122.4506639
4652,68382,QUIKTRIP #766,US-29 & SR-316,Dacula,GA,18,3.321,33.9887165,-83.8979573
4653,68383,AYERCO 32,US-61 & SR-P,Canton,MO,494,3.016,40.132926,-91.5205242
4655,68389,WEBERS OF PLYMOUTH,SR-57 N/CR-PP E,Plymouth,WI,582,3.499,43.7486054,-87.977038
4656,68394,CHEVRON,"I-84, EXIT 343/CR-104",Ogden,UT,835,3.442,41.1921208,-111.9633784
4657,68396,TOOT N TOTUM #44,SR-287 E/CR-335 N,Amarillo,TX,585,3.042,35.2642128,-101.7453418
4658,68403,RUTTERS #16,"I-83, EXIT 10 & SR-214",York,PA,70,4.199,39.962493,-76.7276989
4659,68405,PILOT TRAVEL CENTER #1028,"I-45, EXIT 178/US-79 N",Buffalo,TX,765,3.549,31.030974,-98.326329
4660,68406,TOOT N TOTUM #114,US-385/US-54,Dalhart,TX,585,3.199,36.065145,-102.5208884
4603,68292,GAS N GO,US-280/US-19,Americus,GA,10,3.299,32.0744672,-84.2434935
4664,68419,ROAD RANGERS #270,"I-35, EXIT 114/SR-462",Moore,TX,740,3.169,,
4665,68420,SHELBINA Phillips 66,US-36 & SR-15,Shelbina,MO,494,3.099,39.6939275,-92.0429502
4666,68421,STRIPES,US-77,Refugio,TX,625,3.074,28.293217,-97.2776682
4667,68423,GOLDEN GATE TRUCKSTOP,"I-80, EXIT 106 & SR-398",Lovelock,NV,966,3.649,40.1801273,-118.4747268
4668,68424,MAVERICK TRAVEL CENTER,"I-20, EXIT 386/US-281",Santo                                   ,TX,637,3.099,,
4669,68428,STRIPES #40519,US-90/CR-1023,Uvalde,TX,740,3.359,29.2149066,-99.7708862
4670,68432,PAPA ROCK,US-79/SR-76,Clarksville,TN,460,3.199,36.5301259,-87.3595669
4671,68434,Circle K #2741789,"I-30, EXIT 98 & US-270",Malvern,AR,695,3.439,34.4107672,-92.8209767
4672,68440,EXPRESS GAS,"I-40, EXIT 2A/US-51",Memphis                                 ,TN,435,2.979,34.9978508,-90.0254086
4673,68441,QUIKTRIP #1106,US-76,Anderson,SC,30,2.959,34.647107,-82.805177
4674,68444,Sunoco,US-30,Roebling,NJ,160,3.159,40.1159169,-74.7863614
4675,68446,J J OIL #07,US-160,Ulysses,KS,525,3.399,37.5757384,-101.3474664
4677,68451,CASEYS #3439,US-63,Lime Springs,IA,433,3.566,43.4598406,-92.3060434
4678,68453,Marathon,US-82/US-27,Cuthbert,GA,10,3.699,31.7699679,-84.7733271
4679,68458,SPEEDWAY #6278,"I-96, EXIT 16",Coopersville,MI,456,3.599,43.0639112,-85.9347667
4681,68462,CHEVRON,SR-24 & SR-660,Houma                                   ,LA,623,3.099,29.5957696,-90.7195348
4682,68463,SPANISH LAKE TRUCK AND CASINO PLAZA,SR-182,New Iberia,LA,730,3.329,30.0035365,-91.8187285
4683,68465,LOVES TRAVEL STOP #470,"I-75, EXIT 451",Jasper,FL,10,3.327,30.5182727,-82.94819
4684,68466,KWIK TRIP #462,SR-11 & SR-83,Burlington,WI,444,3.274,42.6801053,-88.276413
4685,68468,SHELL,SR-193/SR-163 & CR-26,Theodore,AL,715,3.039,,
4686,68469,8 MILE STORE,"US-64/I-40, EXIT 127",Conway,AR,695,3.399,35.0891932,-92.4398402
4687,68471,B LINE SHELL,SR-710,Jupiter                                 ,FL,140,3.957,26.9342246,-80.0942087
4688,68476,CREEK TRAVEL PLAZA,"I-65, EXIT 54",Atmore,AL,715,3.136,31.0237921,-87.4938708
4689,68480,KUM & GO #0414,US-212/SR-265,Springdale,AR,645,3.142,36.207799,-94.2026844
4696,68493,FAST TRACK 427,"I-10, EXIT 225/US-19",Lamont,FL,20,3.739,30.3809523,-83.8205101
4697,68494,LOVES TRAVEL STOPS #469,"I-85, EXIT 15 & US-1",South Hill,VA,180,3.949,36.7265449,-78.1291308
4699,68497,JACKSONS FOOD STORE #30,"I-86, EXIT 61",Pocatello                               ,ID,825,3.459,42.912576,-112.469459
4700,68499,DUBOIS TRAVEL STOP,I-15 & MAIN,Dubois                                  ,ID,825,4.299,44.1763122,-112.2350134
4701,68506,WARRIOR RIDGE,US-22 & SR-3035,Ashland,PA,14,3.699,40.8714472,-78.3330727
4702,68511,PWI #675,I-10/US-85/US-180 EXIT 155 & SR-227,Vado,NM,640,2.949,32.129239,-106.657072
4703,68512,BP,US-29/SR-154,Palmetto                                ,GA,18,3.249,33.5442034,-84.6124857
4704,68518,CHEVRON,SR-243,Gordon                                  ,GA,85,3.359,32.8820866,-83.3323848
4705,68520,SPEED GAS,SR-56,Rosenhayn                               ,NJ,150,3.459,39.4781708,-75.1312929
4706,68522,MINIT MART #600632,"I-474, EXIT 9 & SR-29",Pekin,IL,368,3.739,40.5687911,-89.6501621
4708,68531,CASEYS #2845,"SR-150, I-380, EXIT 41",Urbana,IA,380,3.449,42.223793,-91.8755241
4709,68533,MACH ONE FOOD SHOP #17,US-45/US-50,Flora,IL,510,3.899,38.679736,-88.485004
4710,68534,BG FOOD MART,US-31,Bowling Green,KY,460,3.057,36.9458873,-86.4247815
4711,68535,CASEYS #3295,SR-35 & SR-27,Prairie Du Chien,WI,420,3.499,43.05194,-91.1409933
4712,68541,DUCK THRU #3,SR-11 & SR-561,Ahoskie,NC,130,3.562,36.2855245,-76.9857687
4713,68542,EXCELL FUELS,SR-5,Buffalo,NY,38,3.999,42.890831,-78.852918
4714,68549,GOOD 2 GO #212,US-310/SR 789,Lovell,WY,780,3.657,44.8374985,-108.3831384
4715,68552,HUCKS FOOD & FUEL #368,"US-41, EXIT 44/SR-281",Madisonville,KY,340,3.399,,
4716,68556,MONICARLO FUEL STOP,US-61 & SR-54,Garyville                               ,LA,623,3.199,30.056035,-90.6192554
4717,68559,KUM & GO #0779,"I-35, EXIT 92 & US-136",Bethany,MO,320,2.956,40.2683344,-94.0282861
4718,68562,CHEVRON,SR-3235,Galliano                                ,LA,725,3.499,29.4398705,-90.3075906
4720,68574,SPRING STREET SERVICE STATION,US-1/US-9,Elizabeth                               ,NJ,115,3.099,40.7207702,-74.1501081
4723,68588,SHELL,"US-202, EXIT 16",Orange,MA,175,3.649,42.592512,-72.311058
4724,68592,Sprint Food #742,US-25/SR-121,North Augusta                           ,SC,135,3.159,33.4665133,-81.9608112
4725,68593,ONE9 #1285,"I-20, EXIT 386 & US-281",Santo,TX,575,2.924,32.6037293,-98.2141084
4726,68594,CIRCLE K #2723796,SR-S-8-33 & SR-S-8-119,Charleston,SC,42,3.199,32.7884363,-79.9399309
4727,68595,SUPER LUCKY LOUIES,US-190/SR-1,Port Allen                              ,LA,600,3.032,30.4897044,-91.2647232
4728,68596,FLASH MARKET SHELL,US-63,Koshkonong,MO,418,3.499,36.5985392,-91.6438933
4729,68598,7-ELEVEN #41032,US-84 & US-259,Mount Enterprise,TX,618,3.349,31.9287824,-94.6847902
4730,68602,NEW DIXIE MART #19,"I-95, EXIT150",Whitakers,NC,205,3.339,36.1055662,-77.7126101
4731,68606,SAMS MART #95,SR-49,Harrisburg                              ,NC,46,3.799,35.3258295,-80.6454979
4732,68613,SHEETZ #236,SR-441 & SR-772,Marietta,PA,70,3.389,40.0570441,-76.5521344
4733,68618,MINER TOWNE MART,206 R-11,Shullsburg,WI,335,3.399,42.573116,-90.2388
4734,68621,CIRCLE K #2723367,"I-77, EXIT 8 & SR-148",Fancy Gap,VA,65,3.291,36.6665212,-80.6918684
4735,68622,PILOT #474,"I-79, EXIT 67 & SR-19",Sutton,WV,44,3.866,38.6641653,-80.7093066
4738,68624,PILOT #586,"I-10, EXIT 69 & SR-63",Moss Point                              ,MS,715,3.459,30.4115881,-88.5344601
4739,68625,FLYING J #470 HUDSON,"I-94, EXIT 10 & US-65",Roberts,WI,450,3.559,44.9838558,-92.5560301
4721,68581,CHEVRON #308195,"I-82, EXIT 58/US-12 & SR-223",Granger,WA,977,4.499,,
4742,68634,PETRO-CANADA,"HWY-111, EXIT 3",Dartmouth,NS,100,3.925,41.630031,-70.966026
4748,68639,PETRO-CANADA,QEW-2,Calgary,AB,50,4.071,47.316482,-91.728326
4752,68641,PETRO-CANADA,HWY-37,Kitwanga,BC,850,4.483,20.886185,-156.426327
4758,68642,EXXON SANDY RIDGE MART,"I-40/US-421, EXIT 208",Colfax,NC,65,3.099,36.1126365,-80.0144842
4759,68643,SHELL,"I-95, EXIT 58 & US-13",Wade,NC,63,3.199,35.1629419,-78.7361323
4760,68644,SUPERPUMPER #32,US-2,Minot,ND,452,3.599,48.2096542,-101.3111905
4761,68650,MARATHON,"I-75, EXIT 8",Cincinnati                              ,OH,300,3.899,39.1012809,-84.5127405
4762,68653,KWIK TRIP #679,"I-43, EXIT 128 & SR-42",Sheboygan,WI,444,3.216,43.7508284,-87.71453
4764,68659,KWIK TRIP #659,"US-52, EXIT 56 & CR-22",Rochester,MN,515,3.549,44.0234387,-92.4630182
4765,68663,LOVES TRAVEL STOP #474,US-85/US-2 & CR-6,Williston,ND,273,3.519,48.2262562,-103.7397425
4766,68665,BIG D 14,"I-90, EXIT 46/US-14/SR-79",Piedmont                                ,SD,506,3.137,44.231653,-103.3890753
4767,68671,CASEYS #2969,US-81 & RD F,Fairmont,NE,350,3.282,40.6361358,-97.585282
4768,68672,24 NORTH MOBIL,"I-495, EXIT 7A & SR-24, EXIT 14B",Bridgewater,MA,175,3.699,41.9902206,-70.9754432
4769,68674,TEXACO,US-290 & SR-696,Elgin                                   ,TX,595,3.099,30.3495084,-97.371118
4770,68684,Rebecca Plantation Truck Plaza,"US-90, EXIT 200 & SR-311",Schriever                               ,LA,623,2.999,29.7413593,-90.8194541
4771,68685,QUICK FUEL #2403,"I-29/I-35/SR-71, EXIT 5B",Kansas City,MO,400,3.344,39.1727771,-94.488587
4772,68689,CHEVRON,"I-10, EXIT 59 & SR-395",Roanoke                                 ,LA,690,3.609,30.2351806,-92.7478897
4773,68690,MARATHON,US-30 & SR-30,Mansfield,OH,315,3.499,40.7741658,-82.5675187
4774,68691,BYRNE DAIRY #43,"I-81, EXIT 36 & SR-13",Pulaski,NY,220,4.099,43.567014,-76.127703
4775,68692,DANDY MINI MART #57,SR-14,Horseheads,NY,190,3.899,42.1669832,-76.8202973
4777,68696,STRIPES #40800,FM-351 & US-181,Beeville,TX,625,3.016,28.4008319,-97.7483312
4778,68697,STRIPES #40915,"I-35, EXIT 8 & SR-20 & FM-1472",Laredo,TX,693,2.979,27.5079211,-99.5069834
4779,68698,GAS N WASH,"I-80, EXIT 145 & SR-84",Mokena,IL,365,3.499,41.5261437,-87.8892189
4780,68699,ORGANIC CONNECTION MOBIL,SR-997,Homestead,FL,95,3.344,25.4718946,-80.4759905
4781,68701,SPEEDWAY #1421,US-45 & CR-74,Frankfort,IL,293,3.399,41.4689428,-87.8842572
4785,68702,QUIKTRIP #1120,"I-85, EXIT 90 & SR-105",Gaffney,SC,210,3.191,35.0717945,-81.6498195
4786,68708,LOVES TRAVEL STOP #476,"I-80, EXIT 292 & SR-130",Davenport,IA,270,3.862,41.5224692,-90.5756401
4787,68716,ALLTOWN MARKETS #833,I-95 EXIT 41,Milford,CT,100,3.599,41.2222218,-73.0570603
4788,68722,Pilot #140,US-40/US-191,Roosevelt,UT,835,3.759,40.3020929,-109.918371
4790,68733,PETRO-CANADA,TCH/HWY 11,Cochrane                                ,ON,460,3.702,44.228603,-91.843077
4795,68737,KWIK TRIP #691,"I-39, EXIT 161",Stevens Point,WI,395,3.559,44.517984,-89.5724
4796,68738,CASEYS #2316,US-136/SR-5 & SR-5,Unionville,MO,320,3.214,40.4768299,-93.0179108
4797,68740,Certified Oil #400352,US-20 & SR-510 & SR-101,Clyde,OH,550,3.379,41.3040468,-82.9750686
4798,68741,COUNTY LINE TRUCK STOP,SR-22,Dickinson,ND,273,3.532,46.8791756,-102.7896242
4799,68742,ARTESIA #401,SR-82 & SR-285,Artesia,NM,593,3.439,32.8423345,-104.4032963
4800,68796,MR FUEL #731,"I-70, EXIT 123 & SR-3",Spiceland,IN,375,3.699,39.838379,-85.4388608
4801,68797,SPEEDWAY #1412,SR-43,Frankfort,IL,293,3.359,41.4979467,-87.8495946
4802,68798,PILOT DEALER #1179,SR-189,Nogales,AZ,980,4.249,31.3402134,-110.936081
4805,68801,7-ELEVEN #40574,US-281,Blanco,TX,740,3.399,30.1145089,-98.4151938
4806,68803,SHELL,"I-45, EXIT 152",Madisonville                            ,TX,670,3.182,30.9498688,-95.9127773
4807,68806,SHELL,US-90,Westwego                                ,LA,725,3.066,29.922395,-90.16826
4808,68808,SPEEDWAY #4574,US-701,Loris,SC,245,3.269,34.0725714,-78.8772579
4809,68813,SPEEDWAY #8741,"I-96, EXIT 86 & SR-100",Eagle,MI,406,3.789,42.8078125,-84.788601
4810,68814,TA HOLBROOK,"I-40/US-180, EXIT 283",Holbrook,AZ,580,3.656,34.9037105,-110.1593261
4811,68815,LOVES TRAVEL STOP #471,"I-35, EXIT 127 & FM-471",Natalia,TX,740,3.203,29.1888671,-98.8581169
4813,68821,Joe's Kwik Mart #473,CR-139,Lancaster,NY,38,3.799,42.90094,-78.670114
4816,68823,FRIENDS FOOD MART,SR-13,Mansfield                               ,OH,249,4.199,40.7665925,-82.5135455
4817,68824,EXPRESSWAY,SR-60 & CR-9,Heron Lake,MN,425,3.299,43.7949593,-95.3202763
4818,68825,ALLTOWN MARKETS #832,"I-95, EXIT 40",Milford,CT,100,3.599,41.2222218,-73.0570603
4819,68826,HIGHWAY SERVICE,US-44,Seekonk                                 ,MA,175,3.319,41.808434,-71.3369973
4820,68828,CIRCLE K #2721540,US-78 & SR-15,New Albany,MS,435,3.759,34.4942683,-89.0078418
4821,68831,KWIK TRIP #896,SR-65 & CR-J,Minneapolis,MN,451,3.599,44.9772995,-93.2654692
4822,68835,SPEEDWAY #7954,US-258/SR-24,Richlands,NC,205,3.324,34.9043352,-77.5563647
4823,68836,Corner Market #160,US-60,Pampa,TX,585,3.399,35.5199123,-100.9909978
4824,68839,CHOCTAW TRAVEL PLAZA #641,US-69/SR-43,Stringtown,OK,560,3.159,34.4646862,-96.0593733
4826,68841,PILOT TRAVEL CENTER #575,"I-95, EXIT 1",Saint Marys,GA,75,3.599,30.75912,-81.65205
4828,68843,PILOT #467,"I-37, EXIT 125",San Antonio                             ,TX,740,3.399,29.4246002,-98.4951405
4829,68844,FLYING J #553,"I-10, EXIT 259",Fort Stockton                           ,TX,710,3.659,30.891901,-102.883662
4830,68845,PILOT TRAVEL CENTER #4651,"I-95, EXIT 4",Skippers,VA,180,3.799,36.6118169,-77.5466463
4831,68847,CIRCLE K #2741553,US-190/US-183 & US-281,Lampasas                                ,TX,595,2.759,31.0850542,-98.1903788
4832,68848,CIRCLE K #2741328,"I-35, EXIT 328 & FM-2063",Hewitt                                  ,TX,765,2.866,31.4623065,-97.1957023
4794,68734,LOVES TRAVEL STOP #478,"I-15, EXIT 113",Idaho Falls,ID,825,3.756,,
4834,68850,SPRINT MART #67,US-84/US-425,Vidalia,LA,730,3.082,31.5652071,-91.4256935
4835,68855,FLYING J #861,"TCH 1, EXIT 168",Hope,BC,800,5.121,30.207435,-91.824932
4841,68856,KWIK N EZ #1,"I-40, EXIT 265",Checotah                                ,OK,645,2.909,35.4700917,-95.5230691
4842,68860,PETRO STOP #394,"I-35, EXIT 101 & FM-140",Pearsall,TX,740,3.536,28.8921939,-99.095033
4846,68868,PUMP & PANTRY #14,SR-92/SR-2,Broken Bow,NE,330,3.299,,
4844,68864,QUICK FUEL #3190,"I-75, EXIT 68",Dayton,OH,317,3.677,39.90202,-84.1922006
4855,68888,Express Lane,"US-80, EXIT 33 & US-6/SR-78",Annawan,IL,270,3.299,,
4847,68869,PUMP & PANTRY #4,SR-2 & SR-11,Cairo,NE,330,3.327,41.0009594,-98.6074087
4848,68873,ONVO TRAVEL PLAZA - MOUNTAIN COBB,"I-84, EXIT 8",Lake Ariel,PA,200,3.586,41.4539745,-75.382681
4849,68874,QUIKTRIP #492,"I-10, EXIT 114 & SR-85",Buckeye,AZ,930,3.369,33.3703197,-112.583776
4850,68875,SHEETZ #512,"I-40, EXIT 203 & SR-66",Kernersville,NC,65,2.844,36.1198589,-80.0736533
4851,68882,CAPITAL FUELS MYTON,US-40/191,Myton,UT,835,3.502,40.1944043,-110.061816
4852,68883,CBH TRAVEL CENTER,US-85,Belle Fourche                           ,SD,506,3.299,44.644285,-103.859682
4853,68885,FLYING J #488,"I-35, EXIT 69",Cotulla,TX,693,3.599,28.4358692,-99.2350791
4854,68886,BEBO'S,SR-38,Kentwood                                ,LA,600,3.016,30.93625,-90.479138
4888,68936,AMOCO,US-421/SR-11 & SR-53,Burgaw,NC,245,3.599,,
4857,68890,Circle K #2741795,"I-430, EXIT 12 & SR-100",Maumelle,AR,695,3.186,34.856613,-92.4056858
4859,68892,OLIVE EXXON,US-31,Holland,MI,371,3.799,42.7771736,-86.0807776
4860,68893,J & H FAMILY STORE,"I-96, EXIT 52 & SR-50",Lowell,MI,371,3.789,42.933601,-85.3418551
4861,68894,ROCKFORD MOBIL MART,"US-131, EXIT 97",Rockford                                ,MI,344,3.599,43.124912,-85.565568
4863,68895,J & H FAMILY STORE #103,"I-196, EXIT 62",Hudsonville,MI,344,3.399,42.84861,-85.86139
4864,68897,TA CARYVILLE,"I-75, EXIT 141",Pioneer,TN,405,3.007,36.4175798,-84.3140995
4865,68899,XTRAMART,SR-9,Westborough,MA,175,3.649,42.2694308,-71.6129907
4866,68900,DUCK THRU #41,US-17/SR-37,Hertford                                ,NC,130,3.599,36.1901937,-76.4555648
4867,68901,SPEEDWAY #1224,"SR-741 & I-71, EXIT 25",Mason,OH,300,3.159,39.3600586,-84.309939
4868,68902,CASEYS #3062,SR-281 & SR-160,Medicine Lodge,KS,357,3.114,37.2811339,-98.580361
4869,68903,BIG D KWIK SHOP,SR-59,Gillette,WY,836,3.379,44.2982234,-105.5087294
4871,68908,SPEEDWAY #1804,"I-270, EXIT 32 & I-71, EXIT 116",Columbus,OH,315,3.692,39.9622601,-83.0007065
4872,68912,Chisholm Corner #13,"SR-19 & I-35, EXIT 72",Pauls Valley,OK,569,3.089,34.7392055,-97.218509
4873,68913,CASEYS #3263,"I-90, EXIT 43 & SR-60",Worthington,MN,530,3.142,43.6205056,-95.5956434
4874,68915,PUMP & PANTRY #53,US-20,Jackson,NE,527,3.412,42.448346,-96.500602
4875,68916,YESWAY #1075,"I-20, EXIT 278",Tye,TX,575,2.876,32.4545421,-99.8685101
4876,68919,GULF MART 5150,"I-90 E, MM 117",Natick                                  ,MA,34,4.066,42.2836393,-71.346996
4877,68921,GAS N GO,US-341/SR-7 & SR-96/SR-49,Fort Valley,GA,85,3.182,32.5537585,-83.8874084
4878,68923,STRIPES 7FLEET #42509,US-67 & SR-137,Big Lake,TX,612,3.599,31.1954739,-101.4592746
4880,68925,KWIK TRIP #874,"I-35, EXIT 132 & US-8",Chisago City,MN,448,3.327,45.3735757,-92.8899376
4881,68926,KWIK TRIP #872,SR-26,Jefferson,WI,420,3.382,43.0055594,-88.8073273
4882,68927,MARATHON,US-19 & SR-80,Rosedale                                ,VA,185,3.749,36.950533,-81.950809
4883,68928,PILOT TRAVEL CENTER #475,"I-40, EXIT 196 & SR-41",Moriarty,NM,580,3.244,35.011806,-77.571517
4884,68929,SPEEDWAY #6953,"I-74/US-311, EXIT 65",High Point,NC,65,3.529,35.9556924,-80.0053176
4885,68930,PILOT #4569,"I-95, EXIT 5",Hardeeville,SC,195,3.376,32.2802665,-81.0726108
4886,68933,RUTTERS #23,US-30 & SR-462,Mountville,PA,70,3.979,40.0392642,-76.4307964
4887,68935,JACKSONS FOOD STORES #144,I-84 & SR-55,Nampa                                   ,ID,785,3.899,43.5985557,-116.547586
4890,68938,TOOT N TOTUM #23,SR-136/207 & SR-152,Borger,TX,585,3.016,35.6689767,-101.3919481
4891,68941,ALLTOWN MARKETS #2743,"US-3, EXIT 28",North Billerica,MA,178,3.682,42.5852621,-71.2877645
4892,68946,FLYING J #97,"I-75, EXIT 64",Vandalia,OH,317,3.352,39.90202,-84.1922006
4893,68947,PILOT TRAVEL CENTER #593,"I-10, EXIT 268",Tucson,AZ,980,3.302,32.2228765,-110.974847
4894,68949,JOES KWIK MARTS #475,US-15 & SR-20,Orange,VA,180,3.332,38.2454106,-78.1108342
4895,68950,KWIK TRIP #608,US-52 & SR-30,Chatfield,MN,515,3.482,43.8446296,-92.1880907
4896,68951,KWIK TRIP #313,US-10 & SR-73,Neillsville,WI,395,3.339,44.5520638,-90.6193323
4897,68952,MAVERIK COUNTRY STORE #425,"I-84, EXIT 376, US-30/US-95",Fruitland,ID,785,3.366,30.207435,-91.824932
4898,68956,SPEEDWAY #4533,"US-18/US-12, EXIT 146",Madison,WI,448,3.599,43.07469,-89.3841663
4899,68957,TA EXPRESS #6259,US-85/SR-200,Alexander,ND,273,3.526,47.8386296,-103.6423672
4900,68959,SPEEDWAY #5215,"I-70, EXIT 66 & SR-54",South Vienna,OH,315,3.159,39.9270046,-83.6124236
4901,68960,MAVERIK COUNTRY STORE #484,"I-15/84, EXIT 343 & SR-126",Ogden,UT,835,3.392,41.2230048,-111.9738429
4902,68964,JIFFY TRIP #201,US-64/SR-58,Cherokee                                ,OK,337,3.269,36.7562374,-98.3570747
4904,68971,FLYING J #580,"I-20, EXIT 121",Odessa,TX,710,3.566,31.8457149,-102.367687
4905,68972,SUNOCO CLARA BARTON PLAZA #7005,NJTP MM 5 SB,Penns Grove,NJ,115,3.899,39.7295581,-75.4679734
4906,68974,STRIPES #40801,US-181 & SR-123 & CR-347,Karnes City,TX,625,3.174,28.8849772,-97.9008356
4907,68976,MAVERIK COUNTRY STORE #453,"I-80, EXIT 223 & SR-305",Battle Mountain,NV,835,3.389,40.6414251,-116.9338287
4908,68977,MAVERIK COUNTRY STORE #444,US-491 & US-666,Monticello,UT,835,3.489,37.8728038,-109.3047217
4843,68861,KWIK TRIP #733,SR-76/SR-44,Caledonia,MN,515,3.491,,
4910,68979,MAVERIK COUNTRY STORE #478,"I-40, EXIT 286 & SR-77",Holbrook,AZ,930,3.224,34.9037105,-110.1593261
4911,68981,PETRO-CARD 24 #910450,US-63 & US-36,Macon                                   ,MO,494,3.239,39.7663611,-92.4695232
4912,68982,SHELL,US-23,Grand Blanc                             ,MI,342,3.799,42.9275277,-83.6299518
4913,68985,LOVES TRAVEL STOP #500,"I-35, EXIT 106",Eagleville,MO,320,3.789,40.4691664,-93.9871736
4914,68987,STRIPES #40535,I-35,Cotulla,TX,625,3.339,28.449291,-99.237088
4915,68988,7-ELEVEN #40547,US-281 & SR-29,Burnet,TX,740,2.957,30.7064374,-98.249163
4916,68989,QUARLES #4907,SR-166,Norfolk,VA,130,3.809,36.887019,-76.180207
4918,68991,LOVES TRAVEL STOP #514,"I-90/US-395, EXIT 221 & SR-261",Ritzville,WA,970,3.959,47.1268749,-118.380847
4923,68992,SHORT STOP #24,US-24,Saint Marys,KS,553,2.967,39.1979253,-96.081421
4924,68993,SHORT STOP #22,SR-15,Clay Center,KS,316,2.972,39.367919,-97.109643
4925,68994,SHORT STOP #25,US-36 & SR-15,Washington,KS,316,2.902,39.8180263,-97.0505607
4926,68995,ALLTOWN MARKETS #839,"I-95, EXIT 10",Darien,CT,100,3.832,41.0787079,-73.4692873
4994,69085,FATDOGS OGALLALA,"US-80, EXIT 126 & US-26/SR-61",Ogallala,NE,475,3.014,,
4928,69002,KWIK TRIP #863,US-10,Stevens Point,WI,395,3.584,44.525767,-89.527534
4929,69004,Maplefields,HWY 9 N & ROUTE 22,Ticonderoga,NY,39,3.749,43.8487795,-73.4232317
4930,69005,SPEEDWAY #1017,"I-70, EXIT 186 & SR-285",Lore City,OH,315,3.232,39.9847938,-81.4584523
4932,69007,SPEEDWAY #7136,US-41 & US-70,Nashville,TN,460,3.242,36.101291,-87.052504
4933,69008,SPEEDWAY #7137,SR-42 & SR-111,Cookeville,TN,460,3.077,36.1623886,-85.4997057
4934,69009,PILOT #1140,US-287,Rhome,TX,630,3.176,33.0677839,-97.4738065
4935,69010,PILOT TRAVEL CENTER #1023,US-69 & US-59/SR-287,Lufkin,TX,610,3.659,31.5193336,-94.6998085
4936,69013,SPEEDWAY #7124,US-231/SR-10,Lebanon,TN,460,3.024,36.1898386,-86.2956505
4937,69014,SPEEDWAY #4100,"I-94, EXIT 308 & US-41",Milwaukee,WI,448,3.599,43.047159,-87.908018
4938,69015,Joe's Kwik Mart,"I-75, EXIT 7 & US-11 & US-64",Chattanooga,TN,285,3.149,35.03123,-85.26273
4939,69016,SPEEDWAY #7606,"I-75, EXIT 25",Corbin,KY,405,3.519,36.9486986,-84.0968761
4940,69017,SHELL,US-71 & SR-511,Bossier City,LA,745,2.999,32.515887,-93.7336536
4941,69021,SWEET CRUDE TRAVEL CENTER,HWY 85 & SR 200,Grassy Butte,ND,273,3.641,47.3925145,-103.2479655
4943,69028,LOVES TRAVEL STOP #427,"I-75, EXIT 51",Dayton,OH,317,3.319,39.79484,-84.214196
4944,69029,LOVES TRAVEL STOP #461,"I-70, EXIT 246A",Saint Louis,MO,540,3.114,38.6849703,-90.2307465
4945,69030,LOVES TRAVEL STOP #424,"I-20, EXIT 51",Lexington,SC,135,3.407,33.9804494,-81.2374167
4946,69031,LOVES TRAVEL STOP #492,"I-20, EXIT 42 & US-285",Pecos,TX,710,3.455,31.4259988,-103.4944025
4948,69032,FLYING J #866,HIGHWAY 11/17,Pass Lake,ON,700,4.342,32.3443601,-89.3259931
4954,69036,REFUEL #1038,US-15 & SR-151,Hartsville,SC,46,3.366,34.3740431,-80.0734005
4955,69037,CIRCLE K #2723192,US-64 & US-421,Siler City,NC,177,2.949,35.7339464,-79.4349602
4956,69038,REFUEL #1028,US-421/US-52 & US-15,Society Hill,SC,63,3.399,34.5227951,-79.8542368
4957,69041,SPEEDWAY #7960,US-258/US-13,Farmville,NC,205,2.899,35.4564718,-77.67014
4958,69042,Joes Kwik Mart #7012,US-17/701,Georgetown,SC,205,2.999,38.1559565,-84.5174534
4959,69043,KWIK TRIP #204,"US-51, EXIT 188",Wausau,WI,395,3.332,44.9597858,-89.6272791
4960,69045,TA BRUNSWICK #6258,"I-95, EXIT 29",Brunswick,GA,75,3.461,31.13976,-81.58205
4961,69046,SPEEDWAY #6303,"I-96, EXIT 4 & US-31",Muskegon,MI,456,3.299,43.233709,-86.234576
4966,69047,SPEEDWAY #7461,I-294 & SR-50/SR-31,Alsip,IL,293,3.219,41.6689336,-87.7387003
4968,69049,CIRCLE K #2741787,"I-440, EXIT 7 & US-165",North Little Rock,AR,695,3.369,34.769536,-92.2670941
4969,69051,PILOT TRAVEL CENTER #1225,"I-64, EXIT 23 & SR-4",Mascoutah,IL,540,3.799,38.490327,-89.793154
4972,69052,PILOT DEALER #1193,US-93,Wikieup,AZ,930,3.839,34.7033462,-113.6113642
4974,69053,PILOT #1192,US-60,Wittmann,AZ,930,4.899,33.7782918,-112.529762
4976,69055,PILOT DEALER #1058,US-301 & SR-200,Waldo,FL,140,3.799,29.7896882,-82.1673248
4978,69057,MACH ONE FOOD SHOP #18,US-45/SR-15,Fairfield,IL,340,3.759,38.3804305,-88.4057555
4980,69058,FOOD N FUEL,SR-53,Joliet,IL,365,3.599,41.5263603,-88.0840212
4982,69059,LOVES TRAVEL STOP #530,"I-20, EXIT 147",Moody,AL,615,3.176,33.5909365,-86.4908168
4984,69064,DUCK THRU #7,US-258,Rich Square                             ,NC,130,3.699,36.273924,-77.283908
4985,69067,AP FUEL STOP,"I-75, EXIT 120",Lima                                    ,OH,411,3.081,40.733846,-84.103767
4986,69069,SPINX #179 (DISCOUNT AVAILABLE),SR-291,Greenville                              ,SC,210,3.799,34.846404,-82.382065
4987,69073,LOVES TRAVEL CENTER #518,"I-15, EXIT 260 & SR-77",Springville,UT,835,3.689,40.1652447,-111.6114726
4989,69076,A PLUS MINI MARKET,"I-95, MM 82",Aberdeen,MD,22,3.832,39.5120347,-76.1643289
4990,69077,FLYING J #554,"I-37, EXIT 56",George West,TX,740,3.199,28.3318242,-98.1171612
4991,69078,PILOT #559,"I-20, EXIT 178",Big Spring,TX,612,3.659,32.250398,-101.4787356
4992,69079,Circle K #2746432,SR-2,Stanley,ND,452,3.549,48.317241,-102.390452
4993,69084,TIGER MART #79,SR-287 & FM-664,Waxahachie,TX,630,2.849,32.3944908,-96.8439365
4995,69088,SPEEDWAY #3478,US-9 & SR-184,Perth Amboy,NJ,115,3.419,40.5133218,-74.2724241
4996,69091,SPEEDWAY #6670,US-36/SR-67,Indianapolis,IN,375,3.229,39.81245115355469,-86.17490512059153
4998,69096,SPEEDWAY #2907,US-62 & SR-18,Hermitage,PA,165,3.937,41.2335595,-80.4454068
4999,69097,CIRCLE K #2741192,"I-30, EXIT 42B & SR-180",Dallas                                  ,TX,630,2.899,32.7762719,-96.7968559
5000,69098,CIRCLE K #2741318,SR-285 & CR-160,Dripping Springs                        ,TX,595,3.049,30.1902067,-98.0866781
4927,68996,BLU / DRIVEN FUELS,"I-15, EXIT 113",Idaho Falls,ID,825,3.479,30.207435,-91.824932
5002,69100,DADS NORTH YELLOWSTONE,US-26,Idaho Falls,ID,825,3.599,43.5042714,-112.025898
5004,69102,CIRCLE K #4701445,"I-57, EXIT 250 & US-36",Rantoul,IL,280,3.599,40.3083672,-88.1558785
5006,69103,LOVES TRAVEL STOP #539,US-385 & FM-1910,Andrews,TX,710,3.689,32.3187158,-102.545715
5007,69104,QUIKTRIP #970,SR-12 & SR-180,Dallas,TX,630,2.976,32.7762719,-96.7968559
5008,69106,SPINX #201,"I-185, EXIT 1A, I-385, EXIT 30",Simpsonville,SC,30,2.966,34.7373045,-82.255371
5009,69109,SHEETZ #497,"I-99, EXIT 15 & US-220 (BUSINESS)",Claysburg,PA,14,3.644,40.2967427,-78.449737
5010,69110,SHEETZ #498,US-22/US-119,Blairsville,PA,165,3.527,40.4339972,-79.2824243
5011,69112,LOVES TRAVEL STOP #529,"I-39, EXIT 54",Oglesby,IL,290,3.489,41.29531,-89.08231
5014,69115,BP,"I-90, EXIT 387/CR-151",Hartford,SD,530,2.977,43.626338,-96.9502225
5015,69117,SPEEDWAY #6395,US-24 & SR-64,Waterville,OH,550,3.699,41.5000233,-83.7135867
5017,69122,DOUBLE QUICK #61,US-82,Leland,MS,655,3.299,33.4103943,-90.8484727
5018,69123,LATTA TRAVEL STOP,SR-1,Ada,OK,569,3.107,34.7743383,-96.6783651
5019,69124,LOVES TRAVEL STOP #467,"I-95, EXIT 131 & SR-68",Fort Pierce,FL,95,3.506,27.4467056,-80.3256056
5020,69125,TA BROOKLYN,"I-80, EXIT 197",Brooklyn,IA,380,3.819,41.7286464,-92.4455938
5021,69127,TALL TIMBERS TRUCK STOP,"I-55, EXIT 46 & SR-16",Amite,LA,600,2.999,30.7265747,-90.5089815
5022,69128,BEACON & BRIDGE #34,"US-127, EXIT 194 & SR-55",Houghton Lake                           ,MI,260,3.399,44.314739,-84.7647496
5023,69132,PILOT #1001,US-67 & SR-137,Big Lake,TX,710,4.059,31.1954739,-101.4592746
5025,69134,LOVES TRAVEL STOP #486,"I-40 & US-270, EXIT 166",Choctaw,OK,483,3.337,35.4975654,-97.2689263
5026,69135,SPEEDWAY #8013,"I-70, EXIT 21",Brookville,OH,317,3.341,39.8367207,-84.4113366
5027,69137,CIRCLE K #2741564,"I-35/US-77, EXIT 338B",Waco                                    ,TX,765,2.889,31.5491899,-97.1474628
5028,69139,CIRCLE K #2741545,SR-72 & US-87,Cuero,TX,747,3.099,29.0938036,-97.2900564
5029,69141,LOVES TRAVEL STOP #558,US-283 & US-400/US-56,Dodge City,KS,570,3.789,37.747196,-99.9790346
5030,69142,LOVES TRAVEL STOP #517,"I-70, EXIT 26 & US-50/6",Grand Junction,CO,800,3.989,39.091798,-108.554491
5031,69143,MACH 1 #21,US-45 & SR-34,Harrisburg,IL,510,3.689,37.7385,-88.5405213
5032,69144,STRIPES 7FLEET #42530,SR-71 & SR-16,Llano,TX,740,3.232,30.752919,-98.6754992
5033,69145,SPEEDWAY #9561,"I-77, EXIT 132",Ripley,WV,44,3.499,38.764762,-81.707561
5034,69146,DRUMS FUEL STOP,I-80 EXIT 262,Drums                                   ,PA,200,3.569,41.018139,-75.9949252
5035,69149,BLU STATION- LAMAR AVE,"I-240, EXIT 30",Memphis,TN,435,2.969,35.146026,-90.0517786
5036,69150,BLU STATION,"I-70, EXIT 66 & SR-267",Plainfield,IN,375,3.479,39.703872,-86.399477
5037,69151,PILOT #592,"I-70, EXIT 26 & US-50",Grand Junction,CO,800,3.999,39.0352833,-108.5297642
5039,69152,LOVES TRAVEL STOP #557,"US-64/167, EXIT 44 & SR-367",Searcy,AR,695,3.362,35.2506406,-91.7362488
5042,69155,PILOT TRAVEL CENTERS #1004,"I-35, EXIT 214 & US-60",Tonkawa,OK,500,3.596,36.6783679,-97.3100442
5043,69156,BLU STATION,"I-55, EXIT 5A",Memphis,TN,435,2.969,35.146026,-90.0517786
5044,69159,EXXON,US-15 & SR-49,Lawrenceville,PA,32,3.699,41.9975863,-77.126121
5045,69162,Shell,US-20 & SR-15,Goshen,IN,370,3.549,41.5850394,-85.8344491
5046,69163,CUBBYS #406,"I-229, EXIT 9 & SR-115",Sioux Falls,SD,530,3.099,43.5476008,-96.7293629
5047,69164,CIRCLE K #2741557,US-190 & SR-195 & SR-3470,Killeen,TX,765,2.762,31.1171441,-97.727796
5048,69165,EL TIPI QUICK STOP,US-283 & SR-15,Shattuck                                ,OK,337,3.232,36.2906451,-99.8818158
5049,69167,HOBO TRUCK STOP 2,US-50/400 & US-83,Garden City                             ,KS,525,3.399,37.9627998,-100.839627
5050,69168,STRIPES 7FLEET #42470,I-20 EXIT 324 & CR-134,Cisco,TX,575,3.127,32.3881293,-98.9793386
5051,69169,LAMBOS #5,"I-57, EXIT 212 & SR-36/CR-950",Tuscola,IL,280,3.229,39.791661,-88.2923984
5052,69170,SPEEDWAY #9381,US-50 & SR-14,Parkersburg,WV,430,3.464,39.2667309,-81.5620755
5053,69171,KWIK STAR #215,US-61,Davenport,IA,270,3.649,41.5992749,-90.5687469
5055,69173,KWIK TRIP #231,US-61 & SR-310,Boscobel,WI,335,3.474,43.1346751,-90.7057398
5056,69174,KWIK TRIP #860,SR-17,Rhinelander,WI,395,3.452,45.636623,-89.412075
5057,69175,KWIK TRIP #854,US-212 & CR-33,Norwood Young America                   ,MN,453,3.674,44.7714071,-93.9211148
5058,69176,FLYING J TRAVEL PLAZA #1015- TOWN PUMP,SR-200/SR-16 & CR-123,Sidney,MT,780,3.384,47.6889289,-104.1690813
5059,69177,LOVES TRAVEL STOP #426,"I-80, EXIT 34",Shelby,IA,433,3.649,41.5159725,-95.4503416
5060,69178,LOVES TRAVEL STOP #495,"I-75, EXIT 143 & CR-78",North Fort Myers,FL,225,3.789,26.6728666,-81.8840848
5061,69182,XtraMart #1513,"I-87, EXIT 10 & US-9",Clifton Park,NY,12,3.899,42.8598,-73.824754
5063,69185,LOVES TRAVEL STOP #560,US-258 & US-58,Franklin,VA,130,3.889,36.660791,-76.939817
5065,69186,LOVES TRAVEL STOP #551,US-20 & CR-127,Angola,IN,465,3.889,41.634874,-84.99928
5066,69187,LOVES TRAVEL STOP #559,US-82 & US-49,Indianola,MS,655,3.316,33.4572357,-90.6652553
5067,69188,PILOT TRAVEL CENTER #1013-TOWN PUMP,"I-90, EXIT 298",Belgrade                                ,MT,786,3.631,45.776288,-111.1771685
5068,69189,LOVES TRAVEL STOP #542,"I-10, EXIT 261/US-67 & I-10 BUS",Fort Stockton,TX,710,3.649,30.8929153,-102.8494242
5069,69190,LOVES TRAVEL STOP #561,"I-10, EXIT 70 & US-90 & SR-285",Defuniak Springs,FL,20,3.609,30.7210227,-86.1152184
5070,69193,Certified Oil #400305,SR-2 & SR-7,New Martinsville,WV,317,3.317,39.643573,-80.8636301
5071,69194,CHESAPEAKE HOUSE SUNOCO,"I-95, EXIT 97",North East,MD,243,3.832,39.5992989,-75.9424217
5072,69200,BECKS EXPRESS MART #22,"I-55, EXIT 126",Lincoln,IL,280,3.299,40.16227,-89.4176
5073,69201,CASEYS #3654,SR-210,Brainerd,MN,522,3.446,46.35139,-94.20306
5074,69203,SPEEDWAY #1414,US-45,Mokena,IL,293,3.339,41.5261437,-87.8892189
5418,69729,MFA OIL,US-63 & HWY E,Queen City,MO,494,3.249,40.4261378,-92.5685746
5076,69211,KWIK TRIP #213,"I-35/US-61, EXIT 139 & CR-19",Stacy,MN,451,3.377,45.3980205,-92.9874404
5077,69213,Circle K #2741498,SR-72 & SR-16,Tilden                                  ,TX,747,3.199,28.4600647,-98.5482896
5078,69214,MAVERIK #5031,"I-70, EXIT 90 & US-24",Rifle,CO,800,3.462,39.5347023,-107.7831199
5079,69215,GASWAY,US-1,North Brunswick                         ,NJ,115,3.159,40.4736824,-74.4289965
5080,69217,Circle K #4705624,"I-76, EXIT 2 & US-224",Seville,OH,249,3.066,41.010077,-81.8622222
5083,69220,CIRCLE K #2705097,"I-275, EXIT 2 & US-41",Palmetto,FL,225,3.699,27.5453831,-82.5656522
5084,69221,PILOT TRAVEL CENTER #483,"I-80, EXIT 112 & SR-47",Morris,IL,290,3.799,41.3574135,-88.4215234
5085,69222,PILOT TRAVEL CENTERS #1003,US-287 & US-283,Childress,TX,585,3.799,34.4416298,-100.2485225
5086,69223,LOVES TRAVEL STOP #566,"US-231/CR-53, EXIT 12",Ozark,AL,20,3.989,31.4584764,-85.6405865
5087,69226,STRIPES #40812,US-77,Odem,TX,625,3.199,27.9459996,-97.5862361
5088,69228,QUIKTRIP #993,"I-20, EXIT 501 & SR-34",Terrell,TX,630,2.871,32.7359626,-96.2752569
5089,69229,SPEEDWAY #7154,"I-40, EXIT 87 & US-70",Jackson,TN,460,3.399,35.6570613,-88.870895
5090,69230,JOES KWIK MARTS #6013,SR-16 & SR-73,Denver,NC,46,3.189,35.5312452,-81.0297994
5091,69233,PILOT TRAVEL CENTER #597,US-23 & US-50,Chillicothe,OH,315,3.799,39.349627,-83.048678
5092,69234,KWIK TRIP #220,US-53/SR-194,Duluth,MN,334,3.499,46.7678146,-92.1264721
5094,69236,KWIK TRIP #225,SR-54/SR-55,Seymour,WI,582,3.391,44.5116077,-88.3301906
5095,69237,KWIK TRIP #239,"I-43, EXIT 50 & SR-164",Big Bend,WI,444,3.332,42.8814034,-88.2067573
5096,69238,KWIK TRIP #242,"US-41, EXIT 97",Fond Du Lac,WI,444,3.341,43.7748763,-88.4458033
5097,69239,LOVES TRAVEL STOP #580,SR-20/157 & SR-133,Tuscumbia,AL,615,3.849,34.7318811,-87.7028627
5098,69245,SPEEDWAY #7946,SR-24,Newport,NC,205,3.699,34.7865497,-76.8591057
5099,69250,MAVERIK #5150,"I-25, EXIT 278 & SR-1",Wellington,CO,800,3.199,40.41677,-116.123963
5100,69252,SPEEDWAY #6977,SR-96,Youngsville,NC,205,2.952,36.0247769,-78.4767034
5101,69255,THE LANDING,US-82,Greenwood,MS,655,3.199,33.5101705,-90.1485175
5102,69257,CATARINA ONE STOP,US-83,Catarina,TX,693,3.024,28.3432692,-99.6143841
5104,69259,SPEEDWAY #7162,US-74/SR-311,Cleveland,TN,285,3.449,35.1426006,-84.9217957
5105,69261,THORNTONS #314,SR-83,Bensenville,IL,290,3.449,41.9538384,-87.9431781
5108,69263,LOVES TRAVEL STOP #564,US-82 & SR-50 & SR-12,Columbus,MS,615,3.249,33.4956744,-88.4272627
5109,69288,KWIK STAR #207,"US-61, EXIT 311B & US-30",De Witt,IA,270,3.624,41.8242643,-90.538127
5110,69289,KWIK TRIP #224,"I-35, EXIT 254",Duluth,MN,334,3.499,46.7891687,-92.1067697
5111,69290,LOVES TRAVEL STOP #587,"I-41/US-45, EXIT 97",Fond Du Lac,WI,444,3.446,43.7748763,-88.4458033
5112,69291,LOVES TRAVEL STOP #581,"I-70, EXIT 56 & US-89",Salina,UT,835,3.706,38.9562695,-111.8600482
5113,69294,KWIK TRIP #317,"I-90, EXIT 28 & SR-16",Sparta,WI,515,3.242,43.937387,-90.819373
5114,69295,FLYING J #864,HWY 11 S & RAILWAY ST,Davidson,SK,550,4.900,40.6055634,-73.9843656
5121,69297,KWIK TRIP #241,"US-51, EXIT 208 & SR-64",Merrill,WI,395,3.407,45.180522,-89.683459
5122,69299,SPEEDWAY #7912,US-421/SR-16,Wilkesboro,NC,65,3.134,36.1350233,-81.1497756
5123,69300,SPEEDWAY #8262,SR-306 & SR-55,Grantsboro,NC,205,3.441,35.1406429,-76.84246
5124,69301,SPEEDWAY #6969,US-264 & SR-99,Belhaven,NC,205,3.197,35.5619113,-76.641861
5125,69305,ROAD RANGER #268,"I-64, EXIT 130 & SR-1",Grayville,IL,340,3.799,38.257547,-87.9936436
5126,69306,PILOT TRAVEL CENTER #500,"I-75, EXIT 460 & SR-6",Jasper,FL,10,3.369,30.5182727,-82.94819
5127,69307,LOVES TRAVEL STOP #578,I-55 EXIT 30 & SR-140,Hamel,IL,540,3.569,38.8889357,-89.845375
5131,69308,LOVES TRAVEL STOP #535,SR-283,Middletown,PA,70,3.759,40.643525,-75.322889
5133,69310,PILOT TRAVEL CENTER #1006,"I-10, EXIT 456 & US-377",Junction,TX,740,3.599,30.4893555,-99.7720109
5134,69311,GOLDEN GATE TRUCKSTOP HAWTHORNE,US-95/SR-362,Hawthorne,NV,966,4.079,38.5442683,-118.6449638
5135,69312,ONVO TRAVEL PLAZA - DUNCANNON,US-11/15,Duncannon,PA,70,3.552,40.3925567,-77.034358
5136,69313,PETERSONS DIESEL FUELING,"I-5, EXIT 156",Seattle,WA,962,4.399,47.673455,-122.331537
5137,69314,Circle K #4706799,"I-55, EXIT 283 & SR-43",Bridgeview,IL,291,3.919,41.7500323,-87.8042216
5138,69315,ROAD RANGER #269,"I-70, EXIT 147 & SR-1",Marshall,IL,510,3.449,39.3914252,-87.6936384
5141,69318,FUEL ONE,US-9 & SR-35,Avenel,NJ,115,3.372,40.5546888,-74.2919879
5142,69319,SPEEDWAY #8190,US-117/13 BYP S,Goldsboro,NC,205,3.599,35.388193,-78.008642
5143,69321,CIRCLE K #2741546,US-90,Gonzales,TX,747,2.876,29.5068721,-97.4496293
5144,69322,SHELL SERVICE STATION,"I-10, EXIT 828 & SR-73",Winnie,TX,610,3.232,29.8202205,-94.3840777
5145,69324,CIRCLE K #4707006,"I-95, EXIT 302 & US-1",Houlton,ME,170,3.899,46.1402184,-67.8425936
5146,69330,KWIK TRIP #292,"I-43, EXIT 183",Green Bay,WI,582,3.391,45.0297122,-87.4609382
5150,69336,SPEEDWAY #7148,"I-40, EXIT 232 & SR-109",Lebanon,TN,460,2.922,36.2079779,-86.2910945
5151,69338,SPEEDWAY #6139,US-30 & SR-13,Pierceton,IN,465,3.729,41.2023491,-85.7011983
5152,69339,SPEEDWAY #9383,"I-75, EXIT 29 & SR-63",Monroe,OH,300,3.202,39.4432691,-84.363365
5153,69341,CIRCLE K #2741067,"I-410/US-281, EXIT 41",San Antonio,TX,740,2.899,29.4246002,-98.4951405
5154,69342,WARREN OIL,"I-90, EXIT 3 & US-41 & SR-912",Hammond,IN,365,3.439,41.6173959,-87.5220108
5155,69344,CIRCLE K #2741078,SR-97 & SR-123,Stockdale,TX,747,3.079,29.2339501,-97.9607748
5156,69345,RUTTERS #20,"I-76, EXIT 247 & I-283, EXIT 1A",Middletown,PA,70,3.822,40.643525,-75.322889
5158,69353,SPEEDWAY #2910,"I-79, EXIT 55",Pittsburgh,PA,165,3.909,40.4406968,-80.0025666
5159,69354,CIRCLE K #4702411,US-36,Danville,IN,375,3.789,39.747807,-86.504061
5160,69359,PETRO-CANADA,TCH,Medicine Hat                            ,AB,50,4.092,40.831547,-77.842929
5166,69369,SPEEDWAY #2912,SR-65,Baden,PA,165,3.912,40.6350668,-80.2281159
5167,69374,7-ELEVEN #40558,SR-6 & CR-185,Woodway,TX,765,2.986,31.5059105,-97.2050856
5168,69377,CIRCLE K #4705628,SR-21 & SR-585,Barberton,OH,249,3.582,40.9910101,-81.6731443
5169,69379,Kum & Go #0535,US-6 & US-65,Des Moines,IA,320,2.987,41.506795,-93.574478
5170,69380,CASEYS #2967,SR-43 & SR-2,Bennet,NE,413,3.229,40.6790215,-96.5078002
5173,69384,KWIK TRIP #209,"US-41, EXIT 148 & SR-55",Kaukauna,WI,582,3.369,44.2780432,-88.2720503
5174,69390,MINIT MART #600625,"I-57, EXIT 283 & US-24",Gilman,IL,280,3.399,40.7667015,-87.992262
5176,69392,LOVES TRAVEL STOP #600,"I-69, EXIT 214",Pendleton,IN,457,3.576,40.0024801,-85.745948
5177,69393,LOVES TRAVEL STOP #594,US-35 & SR-850,Bidwell,OH,315,3.849,38.8841239,-82.2967652
5178,69394,SPEEDWAY #3424,"I-75, EXIT 73 & SR-55",Troy,OH,411,3.136,40.0394982,-84.2032767
5179,69395,SPEEDWAY #3766,US-52,Indianapolis,IN,375,3.599,39.750641,-86.034376
5180,69396,SPEEDWAY #7158,"I-40, EXIT 320 & SR-98",Crossville,TN,460,3.072,35.949684,-85.0274835
5181,69397,SPEEDWAY #7163,"I-40/US-412, EXIT 85",Jackson,TN,460,3.349,35.6570613,-88.870895
5183,69399,SPEEDWAY #7147,"I-75, EXIT 49 & SR-30",Athens,TN,285,3.349,35.4428864,-84.5930113
5184,69400,CASEYS #4411,US-641 & SR-58,Benton,KY,490,3.199,36.8737357,-88.3464071
5186,69402,SHELL,"I-71, EXIT 151 & SR-95",Mount Gilead,OH,315,3.759,40.5492265,-82.8274015
5187,69403,SHORTYS ONE STOP,US-83/12/SR-20,Selby,SD,248,3.089,45.4811057,-100.0381688
5188,69405,FLYING J #551,"I-20, EXIT 330 & SR-206",Cisco                                   ,TX,575,3.142,32.3881293,-98.9793386
5189,69407,Cenex,US-14/CR-812 & US-83,Blunt                                   ,SD,571,3.102,44.5133911,-99.9847777
5190,69410,LOVES TRAVEL STOP #602,"I-90, EXIT 67B",Box Elder,SD,506,3.989,44.1333603,-103.0646025
5191,69412,CIRCLE K #4705724,US-127 & CR-144,Paulding,OH,411,3.699,41.1381051,-84.5805082
5192,69413,ASAP GENERAL STORE #300,"I-40, EXIT 66 & US-183",Clinton,OK,483,3.149,35.505003,-98.973886
5193,69414,FLEX MARKET,"I-65 EXIT20, US-31 W EXIT 4",Bowling Green                           ,KY,460,2.999,36.9929203,-86.4428677
5194,69416,CIRCLE K #2740541,HWY 90,Roans Prairie,TX,670,3.072,30.5836549,-95.943324
5195,69417,LOVLEN FOODS,US-58 & SR-615,Drewryville,VA,130,3.049,36.7157055,-77.3063603
5196,69421,CIRCLE K #2741257,"I-10, EXIT 19B",El Paso,TX,640,2.916,31.7601001,-106.4870476
5197,69423,FAST MARKET #4574,SR-375 & CR-258,El Paso,TX,640,2.906,31.7601001,-106.4870476
5199,69426,LOVES TRAVEL STOP #553,"I-40 E, EXIT 163",Williams,AZ,930,3.596,35.2508504,-112.187294
5200,69434,CIRCLE K #2741559,US-281 & SR-29,Burnet,TX,595,2.916,30.7064374,-98.249163
5201,69436,CIRCLE K #2741077,SR-97 & CR-433,Pleasanton                              ,TX,747,2.949,28.967194,-98.4786269
5202,69437,CountryMark,SR-66,Evansville                              ,IN,340,3.699,37.997498,-87.538058
5203,69438,LOVES TRAVEL STOP #585,"I-49/US-71, EXIT 27 & SR-86",Neosho,MO,277,3.397,36.8665201,-94.3701651
5204,69439,LOVES TRAVEL STOP #608,"I-135, EXIT 60 & US-56",Mcpherson,KS,570,3.324,38.3708415,-97.6642087
5205,69440,LOVES TRAVEL STOP #592,US-24 & SR-101,Woodburn,IN,370,3.849,41.1253271,-84.8532963
5206,69441,LOVES TRAVEL STOP #610,"I-20, EXIT 307 & US-283",Baird,TX,575,3.107,32.3946111,-99.3963478
5207,69442,Eagle #51,US-83 & FM-1917,Carrizo Springs,TX,740,3.279,28.5249088,-99.8616529
5209,69448,STRIPES #42525,"I-27/US-87, EXIT 2",Lubbock,TX,700,2.957,33.571862,-101.943235
5210,69451,LOVES TRAVEL STOP #603,I-95 EXIT 366 AT PECAN PARK RD,Jacksonville,FL,75,3.399,30.3262247,-81.6579179
5211,69452,DANDY MINI MART #5,HWY 6,Towanda,PA,32,3.999,41.795736,-76.463751
5212,69453,7-ELEVEN #41033,US-69,Woodville,TX,610,3.149,30.7701203955633,-94.44696797902766
5213,69454,SPEEDWAY #6092,"I-65, EXIT 76A & US-31",Taylorsville,IN,375,3.357,39.2958844,-85.9508264
5214,69455,SPEEDWAY #4214,"I-45, EXIT 46 & US-100",Milwaukee,WI,448,3.366,43.0386475,-87.9090751
5215,69458,PEOSTA KWIK STOP,"US-20, EXIT 308",Peosta,IA,335,3.489,42.4469535,-90.8433797
5217,69462,LOVES TRAVEL STOP #619,"I-59, EXIT 29 & SR-26",Poplarville,MS,725,3.176,30.8401495,-89.5342315
5218,69465,MAVERIK COUNTRY STORE #476,US-59,Gillette,WY,790,3.366,44.3019887,-105.5296911
5219,69467,CIRCLE K #2741547,US-181,Floresville,TX,740,2.996,29.1774515,-98.1915327
5220,69468,TOOT N TOTUM #100,US-83,Perryton,TX,585,2.999,36.3910229,-100.8059035
5221,69469,QUIKTRIP #1110,"I-85, EXIT 60 & US-101",Greer,SC,210,3.086,34.9381361,-82.2272119
5222,69471,Circle K #2741501,"I-37, EXIT 3A",Corpus Christi                          ,TX,625,3.104,27.837702,-97.068949
5223,69474,LOVES TRAVEL STOP #577,"I-85, EXIT 22",Shorter,AL,720,3.221,32.40708,-85.95829
5224,69475,GUTHRIE TRAVEL CENTER,I-35 EXT 138C,Guthrie,OK,483,2.966,35.8789231,-97.4252772
5225,69477,LOVES TRAVEL STOP #621,US-36 & SR-110,Bevier,MO,310,3.439,39.7469768,-92.5640769
5227,69483,LOVES TRAVEL STOP #607,"US-63, EXIT 40 & SR-463",Jonesboro,AR,435,3.439,35.8348088,-90.7045297
5228,69484,KWIK TRIP #774,SR-13,Adams,WI,395,3.274,43.9559368,-89.8175453
5229,69485,7-ELEVEN #41036,US-96,San Augustine,TX,618,3.159,31.5299029,-94.1060282
5230,69486,DUCK THRU FOOD STORE #42,SR-186 & SR-305,Seaboard,NC,130,3.299,36.4901519,-77.4413634
5231,69487,CIRCLE K #2742034,"I-35, EXIT 176",Schertz,TX,740,2.794,29.5641617,-98.2695702
5232,69489,SPRINT FOODS #728,SR-38,Bennettsville,SC,63,3.399,34.653848,-79.692964
5233,69492,GOOD 2 GO #418,"I-15, EXIT 273 & US-54 & US-91",Mona,UT,835,3.429,39.8160656,-111.85549
5234,69494,TMI FUEL STOP,SR 1,Port Allen                              ,LA,600,3.066,30.45335,-91.2100569
5235,69495,QUIKTRIP #72,US-69 & US-62,Muskogee,OK,560,3.032,35.769347,-95.40221
5236,69496,LOVES TRAVEL STOP #601,"I-70, EXIT 115 & SR-109",Knightstown,IN,375,3.949,39.7956007,-85.5263629
5185,69401,CASEYS #3205,"I-29, EXIT 47 & US-275/SR-92",Council Bluffs,IA,319,3.599,,
5240,69499,HANKS TRUCK STOP,US-39 & US-30,Hanna,IN,457,3.499,41.4119862,-86.7800207
5241,69500,ROAD RANGER #271,"I-20, EXIT 108",Odessa,TX,710,3.516,31.875956,-102.360258
5260,69531,Kwik Star#223,"I-35, EXIT 194 & US-18/SR-122",Clear Lake,IA,433,3.079,,
5243,69504,KWIK TRIP #245,SR-42,Plainview,MN,515,3.624,44.1647423,-92.1717609
5244,69505,KWIK TRIP #282,"I-43, EXIT 43 & SR-83",Mukwonago,WI,444,3.337,42.8666803,-88.3334274
5245,69506,KWIK TRIP #290,"I-94/US-41, EXIT 321",Oak Creek,WI,444,3.719,42.879225,-87.914669
5246,69508,KWIK TRIP #777,SR-49 & CR-F,Berlin,WI,582,3.426,43.9684264,-88.9466233
5248,69512,LOVES TRAVEL STOP #589,"I-27/US-87, EXIT 8 & FM-2641",Lubbock,TX,700,3.332,33.6363816,-101.766428
5249,69513,KWIK TRIP #885,WI-29 EXIT 132,Abbotsford,WI,395,3.452,44.9471087,-90.3194786
5250,69514,Flying J #1033,"I-20, EXIT 138 & SR-158",Midland,TX,710,3.566,31.9973662,-102.077948
5251,69520,SPEEDWAY #2908,SR-51,Perryopolis,PA,165,3.916,40.0871147,-79.7507138
5252,69521,CASEYS #3319,"US-30, EXIT 158",Nevada,IA,320,2.989,42.0227653,-93.4524342
5253,69522,FUEL EXPRESSO 17,"I-35 & EXIT 187, SR-68",Ottawa                                  ,KS,400,3.172,38.604747,-95.267765
5254,69524,CONCORD XTRAMART,"I-93, EXIT 17 & US-4",Concord,NH,178,3.659,43.207178,-71.537476
5255,69525,DILLEY TRUCK STOP,"I-35 & EXIT 85, FM 117",Dilley,TX,740,3.066,28.6695971,-99.1672017
5256,69526,STRIPES 7FLEET #42469,"I-20, US-80 EXIT 15A",Santo,TX,575,2.917,32.6037293,-98.2141084
5257,69527,Exxon,"I-96, EXIT 129",Fowlerville,MI,406,3.749,42.495566,-71.34876
5258,69528,KWIK STAR #283,"I-380/US-218/SR-27, EXIT 13",Cedar Rapids,IA,380,3.532,41.9758872,-91.6704053
5261,69532,JACKSONS FOOD STORE #147,"I-84, EXIT 27/US-20 & SR-19",Caldwell                                ,ID,785,3.579,,
5296,69575,LOVES TRAVEL STOP #537,"I-68, EXIT 46 & US-220/SR-144",Cumberland,MD,14,4.249,,
5262,69534,CAIRO TRAVEL CENTER,US-84/SR-38,Cairo                                   ,GA,20,3.424,30.9015685,-84.2203923
5263,69536,7-ELEVEN #40802,US-87,Nixon,TX,740,3.079,29.2696579,-97.7625132
5264,69541,PILOT #1027,US-385 & CR-E,Vega                                    ,TX,585,3.306,35.24603,-102.4252734
5265,69542,PILOT #1030,"I-57, EXIT 353",Alsip,IL,290,3.359,41.6689336,-87.7387003
5270,69545,LOVES TRAVEL STOP #628,"I-35E, EXIT 386 & FM-1134",Italy,TX,630,3.102,32.1840381,-96.8847194
5271,69546,KWIK TRIP #186,"I-35, EXIT 183",Hinckley,MN,334,3.352,46.01111,-92.93194
5272,69547,KWIK TRIP #297,"US-10, WI-441",Menasha,WI,582,3.491,44.2022293,-88.4465361
5273,69549,KWIK TRIP #178,"I-494, EXIT 64B & SR-156",South Saint Paul,MN,451,3.607,44.9482474,-93.0050318
5274,69550,KWIK TRIP #273,"I-35, EXIT 251B & SR-23",Duluth,MN,334,3.499,46.7838287,-92.1052679
5275,69553,SPEEDWAY #2120,US-30,Oswego,IL,293,3.249,41.718831,-88.330654
5279,69558,CIRCLE K #2741070,FM-1560,San Antonio,TX,740,2.914,29.5059929,-98.7264298
5280,69559,CASEYS #3424,"I-35, EXIT 26 & SR-30",Ellendale                               ,MN,433,3.499,43.8728443,-93.3010744
5281,69560,LOVES TRAVEL STOP #614,"I-40, EXIT 149",Albuquerque,NM,580,3.521,35.0841034,-106.650985
5282,69561,SPEEDWAY #7156,"I-40/75, EXIT 374 & SR-131",Knoxville,TN,405,3.266,35.9603948,-83.9210261
5283,69562,SPEEDWAY #8796,"I-496, EXIT 11",Lansing,MI,406,3.699,42.7338254,-84.5546295
5284,69563,SPEEDWAY #9651,"I-75, EXIT 104",Lexington,KY,410,3.149,38.056966,-84.474459
5285,69564,SPEEDWAY #7106,"I-40, EXIT 280 & SR-56",Baxter,TN,460,3.066,36.1537731,-85.643399
5286,69565,PILOT #1021,"I-196, EXIT 49",Holland,MI,406,3.999,42.7876022,-86.1090828
5290,69567,KWIK TRIP #166,"I-35, EXIT 214",Moose Lake,MN,334,3.319,46.43667,-92.74444
5291,69568,KWIK TRIP #295,SR-26 & SR-59,Milton,WI,420,3.399,42.7753567,-88.9390017
5292,69570,CENEX CONVENIENCE,SR-34 & CR-21,Detroit Lakes,MN,341,3.499,46.817181,-95.845325
5293,69572,AC & T GARLAND GROH,I-81 EXIT 7B,Hagerstown,MD,70,3.559,39.6430455,-77.7191081
5294,69573,AC & T Falling Waters,"I-81, EXIT 23",Falling Waters                          ,WV,70,3.849,39.57982,-77.87639
5295,69574,LOVES TRAVEL STOP #622,"I-94, EXIT 45 & CR-B",Menomonie,WI,450,3.579,44.8765289,-91.9278716
5297,69576,PILOT #498,US-69/75 & SR-7,Atoka,OK,253,3.499,34.3348984,-96.1581564
5298,69580,GORES TRAVEL PLAZA,US-270/SR-3,Seiling,OK,483,3.149,36.1574096,-98.9285441
5300,69584,LOVES TRAVEL STOP #648,US-70,Valliant,OK,253,3.099,33.9947433,-95.0608167
5301,69585,LOVES TRAVEL STOP #618,"I-75, EXIT 136 & SR-32",Sadieville,KY,300,3.139,38.3892392,-84.5374424
5302,69586,FLYING J #853,TCH-17,Sault Ste Marie,ON,460,4.454,32.9401903485255,-103.53147778572652
5308,69587,LAMBOS #3,"I-57, EXIT 190A & SR-16",Mattoon,IL,280,3.399,39.4842821,-88.3773279
5309,69588,FUEL CITY,"I-30, EXIT 52B & US-80",Mesquite,TX,630,2.966,32.7666103,-96.599472
5310,69589,LOVES TRAVEL STOP #604,I-35 EXIT 157 & SR-33,Guthrie,OK,483,3.319,35.8789231,-97.4252772
5311,69590,LOVES TRAVEL STOP #654,US-81,Union City,OK,483,3.376,35.449723,-97.936903
5312,69591,REBEL PLUS #841,"I-75, EXIT 116 & CR-865",Bonita Springs,FL,225,3.539,26.339806,-81.7786972
5313,69592,SPEEDWAY #6131,"I-465, EXIT 49",Indianapolis,IN,375,3.799,39.7683331,-86.1583502
5314,69594,SPEEDWAY #8480,US-30 & CR-36,Plainfield,IL,293,3.279,41.6086711,-88.2054345
5316,69595,SPEEDWAY #7176,US-31/SR-6,Columbia,TN,460,3.359,35.688452,-86.993242
5317,69596,SPEEDWAY #4250,SR-72,Des Plaines,IL,293,3.289,42.0415823,-87.8873916
5319,69597,SPEEDWAY #2918,US-119,Uniontown,PA,165,3.916,39.9093717,-79.736895
5320,69598,SPEEDWAY #8133,SR-237,Berea,OH,305,3.499,41.388584,-81.853022
5322,69601,LOVES TRAVEL STOP #638,US-54,Texhoma,OK,585,3.509,36.5049779,-101.785748
5323,69605,CASEYS #3305,SR-23 & SR-47,Ogilvie,MN,333,3.371,45.8321825,-93.4263416
5242,69501,VALLEY COUNTRY STORE,"I-84, EXIT 16B & SR-79",Jerome,ID,787,3.432,,
5327,69612,ROAD RANGER #272,"I-35, EXIT 39 & SR-44",Encinal,TX,693,3.539,28.0406329,-99.3552096
5328,69614,RUTTERS #36,US-15 & SR-234,York Springs,PA,70,4.299,40.0089827,-77.1155359
5330,69616,FLYING J #552,"I-71, EXIT 32 & SR-350",Lebanon,OH,407,3.399,39.4353373,-84.2029922
5331,69618,LOVES TRAVEL STOP #656,US-50/400,Holcomb,KS,525,3.729,37.9859154,-100.9887562
5332,69621,Circle K #2741096,"I-10/US-90, EXIT 591 & FM-1518",Converse                                ,TX,740,2.936,29.5180081,-98.3161241
5333,69625,RUTTERS #34,US-30 & SR-23,Leola,PA,70,4.199,40.087875,-76.1849534
5334,69626,CASEYS #2860,US-160 & FM-6070,West Plains,MO,535,3.419,36.7281652,-91.8525756
5335,69627,STRIPES #40601,US-83 & FM-2360,Rio Grande City,TX,639,2.996,26.3827771,-98.8205251
5336,69629,SWANTON MOBIL,"I-89, EXIT 21 & SR-78",Swanton,VT,39,3.539,46.92376,-118.567632
5337,69630,MANSFIELD TRAVEL PLAZA,SR-175 & SR-509,Mansfield,LA,745,3.019,47.487896,-122.32729
5339,69633,ONE9 EXPRESS FUEL,"I-10, EXIT 42 & FM-1110",Clint,TX,640,2.802,31.5900742,-106.227871
5340,69634,FLYING J #863,HWY 1 & HWY 46,Balgonie,SK,550,4.509,45.0147959,-92.9846655
5346,69636,PETRO WILMINGTON,"I-55, EXIT 240",Wilmington,IL,290,3.399,41.3078989,-88.1468343
5350,69637,PILOT #1041,SR-64 & CR-23,Carol Stream,IL,290,3.759,41.9125286,-88.1347927
5354,69643,Tex-Best #524,SR-44 E,Alice,TX,625,2.899,27.7522487,-98.0697249
5355,69646,Arco One9,"I-10, EXIT 19",Quartzsite,AZ,930,3.379,33.6669903,-114.21681
5357,69647,SPEEDWAY #6207,SR-25,Batavia,IL,293,3.699,41.84808,-88.33007
5359,69648,BP-GIANT OIL #440,"I-71, EXIT 204 & SR-83",Burbank,OH,249,3.232,40.988667,-81.9948684
5361,69651,LOVES TRAVEL STOP #074,SR-19 & SR-76,Lindsay,OK,483,3.091,34.8347959,-97.6025319
5362,69652,LOVES TRAVEL STOP #633,US-30,Plymouth,IN,365,3.849,41.3614566,-86.3252565
5363,69653,LOVES TRAVEL STOP #644,"I-70, EXIT 437 & US-385",Burlington,CO,800,3.889,39.3046827,-102.2680065
5364,69654,LOVES TRAVEL STOP #636,US-169,Nowata,OK,500,3.399,36.700878,-95.638096
5365,69657,JIFFY MART,US-7 & SR-22A,Ferrisburgh,VT,39,3.599,44.2057119,-73.2462973
5366,69658,Missouri Travel,"I-29, EXIT 75 & US-30",Missouri Valley,IA,319,3.424,41.5564975,-95.8879438
5368,69662,STRIPES 7FLEET #42472,US-377,Brownwood,TX,575,2.962,31.686811,-98.9998752
5369,69663,STRIPES #2484,SR-480 & FM-1021,Eagle Pass,TX,740,3.199,28.709211,-100.4992936
5370,69664,7-ELEVEN #40544,US-281,Lampasas,TX,765,2.916,31.0434556,-98.1803357
5371,69666,7-ELEVEN #40587,SR-21 & FM-150,Maxwell,TX,595,3.152,29.881897,-97.7956423
5373,69669,LOVES TRAVEL STOP #623,"I-20/SR-349, EXIT 131",Midland,TX,710,3.556,31.9973662,-102.077948
5374,69670,LOVES TRAVEL STOP #611,"I-90, EXIT B3 & SR-22",Canaan,NY,12,3.989,42.4118426,-73.4496088
5376,69671,LOVES TRAVEL STOP #655,US-83 & SR-96,Scott City,KS,525,3.637,38.4655795,-100.9067746
5377,69672,STRIPES 7FLEET #42507,US-285,Pecos,TX,710,3.379,31.4000925,-103.4822143
5378,69673,QUIKTRIP #1863,"SEC HWY 114, I-35",Roanoke,TX,630,2.976,33.024612,-97.256835
5379,69674,WEIGLES #64,"I-75, EXIT 122 & SR-61",Clinton,TN,405,2.996,36.1034126,-84.1318632
5380,69676,SPEEDWAY #8495,"US-19/SR-400, EXIT 12",Alpharetta,GA,18,3.349,34.06179,-84.272531
5381,69679,LOVES TRAVEL STOP #627,US-27 & SR-54,Davenport,FL,140,3.552,28.1614046,-81.6017417
5382,69680,PILOT #1042,I-55 EXIT 283,Bridgeview,IL,290,3.799,41.7500323,-87.8042216
5384,69681,PILOT #1549,"I-20, EXIT168 & SR-77",Lincoln,AL,615,3.199,33.6131588,-86.1183061
5387,69683,GOOD TO GO #88,"I-55, EXIT 283",Chicago,IL,291,3.619,41.8513183,-87.620426
5388,69684,KWIK TRIP #140,"SR-29, EXIT 177",Schofield,WI,395,3.424,44.9096907,-89.6045659
5389,69686,CASEYS #3472,SR-125 & SR-78,Virginia,IL,368,3.759,39.9511595,-90.2123427
5392,69687,CASEYS #3470,US-421 & SR-16,Monon,IN,375,3.779,40.8371043,-86.8770548
5393,69688,CASEYS #3431,US-150 & SR-54,Farmer City,IL,368,3.339,40.2525014,-88.6441903
5394,69693,MAVERIK COUNTRY STORE #527,"US-89, EXIT 405",Ogden,UT,835,3.439,41.26745,-111.969018
5396,69695,MAVERIK COUNTRY STORE #488,"I-15/US-89, EXIT 288",Draper,UT,835,3.446,40.5247777,-111.8627989
5397,69696,MAVERIK COUNTRY STORE #531,"I-80/15, EXIT 305D",Logan,UT,835,3.431,41.7313063,-111.834914
5398,69698,KUM & GO #0891,I-44 (EASTBOUND),Vinita,OK,560,3.059,36.6408372,-95.156363
5399,69699,CIRCLE K #2741552,"SR-969, SR-130, EXIT 444",Austin                                  ,TX,595,2.932,30.2711286,-97.7436995
5400,69701,PUMP & PANTRY #48,US-30 & SR-25,Fremont,NE,486,3.319,41.4338363,-96.4960449
5401,69702,SPEEDWAY #7159,"I-40/SR-66, EXIT 412",Dandridge,TN,405,3.259,36.0153693,-83.4148895
5402,69703,CIRCLE K #2741831,"I-35, EXIT 8B & SR-20",Laredo,TX,693,2.902,27.5079211,-99.5069834
5403,69707,SUPER S TRAVEL PLAZA,"I-49, EXIT 241",Ida,LA,745,3.059,33.0028525,-93.8929997
5404,69708,TA Express #289,US-59,Nacogdoches,TX,618,3.139,31.5576407,-94.6828065
5405,69709,LOVES TRAVEL STOP #626,US-287,Dumas,TX,585,3.416,35.8061623,-101.9616858
5406,69710,LOVES TRAVEL STOP #625,"I-80, EXIT 59 & SR-17J",Sidney,NE,475,3.472,41.1448682,-102.9767382
5407,69711,PILOT TRAVEL CENTER #1047,"I-295, EXIT 25",Jacksonville,FL,75,3.384,30.3262247,-81.6579179
5409,69712,LOVES TRAVEL STOP #650,"I-84/US-30, EXIT 159",Boardman,OR,935,3.522,45.83858,-119.69638
5410,69713,EAGLE #56,"I-45, Exit 189",Teague,TX,765,3.482,31.6271145,-96.2838621
5411,69715,CASEYS #2712,SR-8/SR-14,Superior,NE,413,3.362,40.020847,-98.070044
5413,69720,PILOT #1046,US-27 & SR-80,South Bay,FL,176,3.799,26.6699725,-80.7190913
5415,69721,MFA,US-36,Brookfield                              ,MO,276,3.249,39.773196,-93.071678
5416,69723,SPEEDWAY #5036,I-90 & US-20,Hampshire,IL,293,3.369,42.0978028,-88.5303643
5417,69727,PETRO-CARD 24 #910880,SR-6/13,Gallatin,MO,276,3.299,39.9148326,-93.9622221
5367,69659,QUIKTRIP #1092,"I-77, EXIT 77 & US-21/SR-5",Rock Hill,SC,46,3.134,,
5420,69732,PETRO-CARD 24 #911043,US-65,Sedalia                                 ,MO,392,3.249,38.7237486,-93.2413495
5421,69735,PETRO-CARD 24 #910200,US-65 & BUS US-36,Chillicothe,MO,276,3.289,39.7948749,-93.5532779
5422,69740,LOVES TRAVEL STOP #613,"I-81, EXIT 24 & SR-80",Meadowview,VA,185,3.599,36.7603903,-81.8629019
5423,69741,LOVES TRAVEL STOP #659,"I-10, EXIT 133B",Tolleson,AZ,930,3.569,30.207435,-91.824932
5424,69742,LOVES TRAVEL STOP #630,US-412/64,Enid,OK,337,3.787,36.391085,-97.838028
5425,69743,LOVES TRAVEL STOP #647,US-81,Belleville,KS,523,3.816,39.8202177,-97.6405379
5426,69744,LOVES TRAVEL STOP #632,US-54 & US-83,Liberal,KS,585,3.666,37.070415,-100.9134607
5428,69746,Maverik Country Store #5014,I-80 E EXIT 110 & HWY169,De Soto,IA,320,3.099,41.5318591,-94.0085214
5429,69747,SUNOCO,I-69 & YS HWY 30,Fort Wayne,IN,370,3.604,41.1642182,-85.106467
5430,69748,SUNOCO,SR-930 E,Fort Wayne                              ,IN,370,3.597,41.1177906,-85.1816755
5431,69750,CIRCLE K #2704041,"I-35, EXIT 183",New Braunfels,TX,740,2.859,29.7028266,-98.1257348
5432,69751,MFA,CR-37,Purdy,MO,416,3.349,36.824805,-93.922684
5433,69755,PILOT #1082,"I-526, EXIT 19",Charleston,SC,42,3.416,32.9914044,-80.0642301
5434,69758,MAVERIK COUNTRY STORE #537,I-215 EXIT 21,Salt Lake City                          ,UT,835,3.382,40.7596198,-111.886797
5435,69764,MAVERIK COUNTRY STORE #538,I-15 & SR-99,Fillmore,UT,835,3.387,38.9688118,-112.323587
5436,69765,7-ELEVEN #40509,I-90/80 EB,Howe,IN,465,3.899,41.721372,-85.4206528
5437,69766,Marathon,"I-75, EXIT 99 & SR-119",Anna,OH,411,3.029,40.3948773,-84.1729332
5439,69772,CIRCLE K #2741825,"I-410, EXIT 2 & FM-2536",San Antonio                             ,TX,740,3.099,29.4246002,-98.4951405
5440,69780,Bolingbrook Mart,"I-55, EXIT 269",Bolingbrook,IL,293,3.639,41.6916,-88.103818
5441,69782,BYRNE DAIRY #14,SR-414 & SR-318,Waterloo,NY,190,3.999,42.905029,-76.859562
5442,69783,SHEETZ #603,"I-78 US-22, EXIT 13 & SR-501",Bethel,PA,208,3.327,40.475816,-76.290701
5443,69784,KWIK TRIP #158,US-10 & SR-23,Saint Cloud,MN,451,3.277,45.5670358,-94.1395688
5444,69785,LOVES TRAVEL STOP #662,US-287 & SR-285,Quanah,TX,585,3.849,34.2937246,-99.7423674
5445,69786,LOVES TRAVEL STOP #671,"I-55, EXIT 63 & US-61",Blytheville,AR,275,3.456,35.9283249,-89.9045612
5446,69787,LOVES TRAVEL STOP #616,"I-49, EXIT 158",Harrisonville,MO,400,3.429,38.655124,-94.3471072
5447,69788,LOVES TRAVEL STOP #612,"SR-370, EXIT 9 & SR-141",Bridgeton,MO,540,3.121,38.7566055,-90.42352
5449,69790,LOVES TRAVEL STOP #641,I-155/US-412 EXIT 13 & SR-78,Dyersburg,TN,275,3.402,36.0325216,-89.3866375
5450,69791,PILOT #1083,US-287 & US-54,Stratford,TX,585,3.499,36.324131,-102.066266
5451,69792,FLYING J #1061,"I-44, EXIT 72",Springfield,MO,416,3.382,37.2081729,-93.2922715
5452,69797,KWIK TRIP #149,US-10,Saint Cloud,MN,451,3.211,45.5474387,-94.1165512
5453,69798,LOVES TRAVEL STOP #060,US-36 & US-283,Norton,KS,525,3.109,39.9237224,-99.8891385
5454,69799,MAVERIK COUNTRY STORE #387,"I-40, EXIT 253",Winslow,AZ,930,3.236,35.0241984,-110.6973463
5455,69800,MAVERIK COUNTRY STORE #502,US-385 & SR-2,Alliance,NE,795,3.259,42.0971897,-102.8707145
5456,69801,MAVERIK COUNTRY STORE #409,"I-580, EXIT 41 & SR-531",Carson City,NV,966,3.589,39.1663259,-119.7670374
5457,69803,THORNTONS #319,"I-55, EXIT 248 & US-6",Channahon,IL,399,3.249,41.4294753,-88.2286735
5459,69804,KWIK TRIP #184,"I-94, EXIT 293",Pewaukee,WI,444,3.449,43.0805651,-88.2612045
5461,69811,Chisholm Corner #16,US-81 & SR-7,Marlow,OK,569,3.016,34.591805,-97.9669929
5462,69813,SHEETZ #608,"I-81, EXIT 24 & CR-696",Shippensburg,PA,70,3.286,40.0507198,-77.5205485
5463,69814,Allsup's #2454,US-87 & SR-163,Sterling City                           ,TX,612,3.224,31.8384837,-100.9850761
5464,69815,CENEX ZIP TRIP #75,"I-94/US-12, EXIT 138 & US-59",Miles City,MT,780,3.497,46.4070219,-105.847843
5465,69816,STRIPES #42503,"I-27, EXIT 1",Lubbock,TX,700,2.951,33.5855677,-101.8470215
5466,69817,LOVES TRAVEL STOP #639,"I-20, EXIT 96",Lake,MS,705,3.162,46.92617,-113.799079
5467,69818,LOVES TRAVEL STOP #675,US-75,Okmulgee,OK,560,3.217,35.697017,-95.989493
5468,69819,FLYING J #1086,SR-18 & SR-5,Marion,IN,457,3.489,40.5547567,-85.6357123
5471,69821,FUEL CITY HALTOM CITY,"I-35W, EXIT 52B & TX-121",Haltom City,TX,630,2.966,32.7995738,-97.2691817
5472,69823,LOVES TRAVEL STOP #664,US-41,Terre Haute,IN,375,3.949,39.5080029,-87.406987
5473,69824,LOVES TRAVEL STOP #663,US-190 & LA-103,Port Barre,LA,730,3.124,30.5524453,-91.9595822
5474,69825,KWIK TRIP #154,MN-15,Sauk Rapids,MN,451,3.302,45.606141,-94.1828705
5475,69826,LOVES TRAVEL STOP #629,I-65 EXIT 108 & SR-76,White House,TN,460,3.159,36.4682439,-86.6536503
5476,69827,KWIK TRIP #164,US-12/SR-29,Menomonie,WI,295,3.499,44.8837009,-91.8948213
5477,69830,RUTTERS #69,"I-78/US-22, EXIT 29 & SR-61",Hamburg,PA,208,3.866,40.5553081,-75.9824083
5478,69832,LOVES TRAVEL STOP #595,"I-10, EXIT 28 & SR-49",Gulfport,MS,733,3.144,30.3674198,-89.0928155
5479,69833,LOVES TRAVEL STOP #658,US-412,Watts,OK,416,3.347,36.175729,-94.5774694
5480,69835,LOVES TRAVEL STOP #653,US-287   ,Eads,CO,800,3.476,38.475253,-102.752075
5485,69840,KUM & GO #0370,"I-80, EXIT 439 & SR-370",Gretna,NE,486,2.921,41.1469269,-96.2390053
5486,69842,KUM & GO #0863,"I-44, EXIT 215 & SR-97",Sapulpa,OK,560,3.232,36.0005035,-96.1049612
5487,69845,Maverik Country Store #5013,US-40 & SR-13,Craig,CO,800,3.459,40.5123107,-107.5297224
5488,69847,KWIK STAR #145,US-52,Guttenberg,IA,335,3.599,42.7980608,-91.1089386
5489,69848,KWIK TRIP #173,SR-17,Rhinelander,WI,395,3.452,45.636623,-89.412075
5490,69850,KUM & GO #0539,"I-80 E, & SR-415 EXIT 135",Des Moines,IA,320,3.072,41.5868654,-93.6249494
5491,69851,SPEEDWAY #3995,I-90,Belvidere,IL,293,3.849,42.2579991,-88.841734
5492,69852,KWIK TRIP #141,SR-61,Two Harbors,MN,334,3.499,47.027867,-91.661035
5493,69854,LOVES TRAVEL STOP #637,"I-39, EXIT 115 & CR-CS",Poynette,WI,420,3.789,43.3912031,-89.402862
5495,69856,LOVES TRAVEL STOP #657,"I-77, EXIT 5 & SR-48",Cayce,SC,46,3.397,33.9657091,-81.0739827
5497,69859,BIG BOSS TRAVEL PLAZA,I-12 EXIT 22,Livingston                              ,LA,600,3.166,30.499175,-90.746972
5498,69861,HUCKS FOOD & FUEL #379,"I-57, EXIT 53",Marion,IL,340,3.549,37.7306054,-88.9331256
5501,69862,CASEYS #3503,US-69/SR-52,Pleasanton,KS,400,3.199,38.1837482,-94.7046644
5502,69863,GOLDEN GATE,I-80 EXIT 352A & US-93,Wells,NV,835,3.416,41.1107264,-114.963144
5503,69865,7-ELEVEN #40036,SR-33 & SR-632,Lanexa,VA,180,3.659,37.4237573,-76.9010753
5504,69870,CIRCLE K #4705720,"I-280, EXIT 7 & SR-2",Oregon,OH,550,3.609,41.6436603,-83.4868768
5505,69871,CIRCLE K #2741595,SR-71 & FM-1209,Bastrop,TX,595,2.954,30.1104947,-97.3152701
5506,69873,KWIK TRIP #142,"US-10, EXIT 186 & SR-13",Marshfield,WI,395,3.479,44.6662287,-90.1740313
5507,69874,LOVES TRAVEL STOP #687,"I-72, EXIT 64 & US-67",Jacksonville,IL,540,3.589,39.7343697,-90.228782
5509,69875,LOVES TRAVEL STOP #680,US-81,Norfolk,NE,470,3.316,41.9821617,-97.4240351
5510,69876,LOVES TRAVEL STOP #684,"I-35, EXIT 133 & SR-175",Ellsworth,IA,433,3.689,42.3120964,-93.5786963
5511,69877,LOVES TRAVEL STOP #669,US-61 & SR-19,New London,MO,345,3.236,39.5853222,-91.4009835
5513,69879,SPEEDWAY #3700,I-70 EXIT 77,Indianapolis,IN,375,3.319,39.7683331,-86.1583502
5514,69880,Speedway #6809,"I-290, EXIT 13A",Franklin Park,IL,293,3.329,41.9353084,-87.865618
5516,69881,KWIK TRIP #458,SR-55,Buffalo,MN,451,3.549,45.179915,-93.872643
5517,69882,SPEEDWAY #7103,US-43,Lawrenceburg,TN,460,3.574,35.2423023,-87.3347389
5518,69884,AKAL TRAVEL CENTER,"I-40, EXIT 267 & SR-379",Santa Rosa,NM,721,2.879,34.941414,-104.684138
5519,69885,BELL STORES #146,SR-43 & SR-183,Malvern                                 ,OH,249,3.579,40.6917271,-81.1812148
5520,69886,LOVES TRAVEL STOP #676,SR-50,Syracuse,NE,413,3.444,40.6537941,-96.1792302
5521,69887,CIRCLE K #2701869,SR-21 & SR-307,Savannah,GA,195,3.116,32.0790074,-81.0921335
5522,69888,OASIS STOP N GO #17,US-30,Twin Falls,ID,787,3.699,42.5934872,-114.7489499
5524,69893,DOMINO EXPRESS #24,US-412/US-270/US-183/SR-3 & SR-15,Woodward,OK,337,2.999,36.4337555,-99.3904708
5525,69894,Circle K #2746446,US-2,Williston,ND,452,4.042,48.139985,-103.723526
5526,69895,Shell,"I-80, EXIT 122",Minooka,IL,290,3.149,41.452516,-88.280457
5529,69900,LOVES TRAVEL STOP #605,"I-70, EXIT 59 & SR-41",Springfield,OH,315,3.479,39.9234046,-83.810138
5530,69901,KWIK TRIP #638,SR-42,Two Rivers,WI,582,3.391,44.149206,-87.5682149
5531,69902,MAVERIK COUNTRY STORE #441,"I-182/US-12, EXIT 9",Pasco,WA,925,4.279,46.2306739,-119.0921
5532,69903,LOVES TRAVEL STOP #642,US-60 & US-385,Hereford,TX,585,3.416,34.8326346,-102.3622013
5533,69904,LOVES TRAVEL STOP #695,US-54/400,Cunningham,KS,570,3.657,37.6457909,-98.3930951
5534,69905,KWIK TRIP #105,"I-41, EXIT 157",De Pere,WI,582,3.352,44.4493584,-88.0599986
5536,69907,STRIPES #41023,SR-358 & FM-665,Corpus Christi,TX,625,3.071,27.7635302,-97.4033191
5537,69908,LOVES TRAVEL STOP #685,"I-74, EXIT 51",Knoxville,IL,270,3.889,40.9083715,-90.2848476
5538,69912,AMPM,"I-10, EXIT 140",Phoenix,AZ,930,3.282,33.60503,-112.070892
5539,69913,ROSS FUEL CENTER,US-60/US-67,Poplar Bluff,MO,275,3.491,36.801682,-90.455103
5540,69914,PETRO COLUMBIA,"I-77, EXIT 5 & SR-48",Columbia,SC,46,3.412,34.000754,-81.0352313
5541,69915,PETES #16,"I-49/US-71, EXIT 120 & CR-B",Rich Hill,MO,277,3.149,38.0964191,-94.3610616
5542,69921,LOVES TRAVEL STOP #688,"I-70, EXIT 119 & SR-130",Greenup,IL,510,3.389,39.2478159,-88.1633719
5547,69922,LOVES TRAVEL STOP #686,"I-84/I-15, EXIT 363",Brigham City,UT,835,3.756,41.5110434,-112.0154991
5549,69926,TONKAWA TRADING POST,"I-35, EXIT 214 & US-60",Tonkawa,OK,500,2.999,36.6783679,-97.3100442
5550,69927,LOVES TRAVEL STOP #682,"I-81, EXIT 10A",Hagerstown,MD,22,3.949,39.6430455,-77.7191081
5551,69928,KUM & GO #1837,SR-51,Broken Arrow,OK,560,3.052,36.0594192,-95.7745992
5552,69929,PETES #14,US-69/SR 7,Fort Scott,KS,307,3.199,37.8549904,-94.7025282
5553,69930,CONCORDE TRAVEL CENTER,"I-65, EXIT 219 & CR-42",Jemison                                 ,AL,720,3.299,32.9596424,-86.7452105
5554,69931,SHELL,"I-565, EXIT 7 & CR-127",Madison,AL,615,3.349,34.6928726,-86.7511427
5555,69932,CIRCLE K #2741847,SR-16,San Antonio,TX,740,3.072,29.4246002,-98.4951405
5556,69933,Flyers #3202,"I-17, EXIT 201",Phoenix,AZ,930,3.369,33.60503,-112.070892
5557,69934,KWIK TRIP #135,SR-35 N,Superior,WI,334,3.499,46.7207737,-92.1040796
5558,69935,KWIK TRIP #586,"I-41, EXIT 45",Butler,WI,444,3.474,43.1058437,-88.0695338
5559,69936,LOVES TRAVEL STOP #683,US-27,Moore Haven,FL,176,3.789,26.8337445,-81.1057731
5560,69937,MAVERIK COUNTRY STORE #385,"I-15, EXIT 119",Idaho Falls,ID,825,3.426,,
5562,69939,MAVERIK COUNTRY STORE #377,"I-15, EXIT 244 & US-6",Santaquin,UT,835,3.402,39.9755101,-111.7852106
5563,69940,SAPP BROS TRAVEL CENTER,"I-49, EXIT 157",Harrisonville,MO,400,3.402,38.655124,-94.3471072
5564,69941,QUIKTRIP #949,"I-20 E, EXIT 406",Weatherford,TX,630,2.917,32.7589648,-97.7970748
5565,69943,ASAP GENERAL STORE #313,US-81,Duncan,OK,483,3.132,34.4752487,-97.9664077
5566,69944,TRUCK WORLD,"I-76, EXIT 57",North Jackson,OH,573,3.259,39.049577,-82.644869
5567,69945,BP,"I-465, EXIT 49",Indianapolis,IN,375,3.799,39.7683331,-86.1583502
5568,69946,KUM & GO #0119,"I-35, EXIT 214 & SR-105",Northwood,IA,433,3.116,43.4441245,-93.2210371
5569,69947,THORNTONS #607,I-24 EXIT 62 & SR-171,Antioch,TN,460,2.899,36.08064,-83.7799
5570,69948,CIRCLE T,US-190/SR-21,Bryan,TX,670,3.459,30.6923873,-96.3656049
5571,69949,THE CROSSING TRAVEL MARK,US-83 & SR-153,Winters,TX,575,3.041,31.9576897,-99.9628254
5572,69952,HUTCH'S #120,"I-40, EXIT 25",Sayre,OK,483,2.984,35.2979543,-99.6399648
5573,69954,Exxon,"I-80, EXIT 27A & US-46",Budd Lake,NJ,79,3.119,40.871147,-74.7341833
5577,69959,BISCUIT HILL TRAVEL PLAZA,"I-40, EXIT 192",Shawnee,OK,483,2.909,35.3272928,-96.9253004
5578,69960,PILOT CENTER #1014- TOWN PUMP,"I-94, EXIT 213 & SR-16",Glendive,MT,807,3.419,47.10529,-104.71246
5579,69962,LUFKIN TRAVEL PLAZA,US-59 & CR-819,Lufkin,TX,618,2.816,31.3386242,-94.7288558
5580,69963,7 CLANS RED ROCK GASINO,US-177,Red Rock,OK,500,3.089,36.47093,-97.067991
5581,69964,SHEETZ #621,"I-77 & US-70, Exit 49A",Statesville,NC,46,2.849,35.7723,-80.8613
5582,69969,USA GAS,SR-47,Newfield,NJ,150,3.169,39.5465044,-75.0248964
5583,69974,LOVES TRAVEL STOP #672,US-77BUS & FM-1945,Sinton,TX,625,3.149,28.010375,-97.541048
5584,69975,LOVES TRAVEL STOP #703,US-50,South Hutchinson,KS,570,3.301,38.0276273,-97.9036836
5585,69976,KWIK TRIP #583,"I-94, EXIT 89 & SR-23",Wisconsin Dells,WI,420,3.237,43.6256168,-89.7715646
5586,69977,KWIK TRIP #855,US-12,Baraboo,WI,420,3.116,43.464796,-89.7773514
5588,69979,LOVES TRAVEL STOP #681,"I-82/US-12, EXIT 80",Prosser,WA,925,4.589,46.2067583,-119.76916
5589,69980,RUTTERS #70,SR-896 & SR-741,Strasburg,PA,208,4.199,39.9831559,-76.1841226
5590,69981,RANCHLAND GAS STATION,US-82,Benjamin                                ,TX,770,3.299,33.58453,-99.783677
5591,69982,RUTTERS #68,US-422 & SR-934,Annville                                ,PA,70,4.299,40.3295901,-76.515226
5592,69983,MICKEY MART #57,US-250,Strasburg,OH,249,3.492,40.583759,-81.524342
5593,69986,YESWAY #1061,US-180 & SR-137,Lamesa,TX,612,3.099,32.7609456,-101.9498457
5594,69987,LOVES TRAVEL STOP #679,"I-90, EXIT 495 & SR-47   ",Hardin,MT,780,3.704,45.7324778,-107.612031
5595,69988,LOVES TRAVEL STOP #640,"I-43, EXIT 120 & CR-OK",Sheboygan,WI,444,3.289,43.7508284,-87.71453
5596,69989,LOVES TRAVEL STOP #677,US-45A,West Point,MS,615,3.259,33.6076186,-88.6503255
5598,69991,WA SHE SHU TRAVEL PLAZA,US-395,Gardnerville,NV,966,3.699,38.9095235,-119.7095757
5599,69992,KWIK TRIP #120,SR-15 & CR-4,Saint Cloud,MN,451,3.277,45.5616075,-94.1642004
5600,69993,CEFCO #99,US-290,Giddings,TX,595,3.159,30.1849984,-96.9527152
5601,69995,PILOT EXPRESS #1178,"I-10, EXIT 273",Tucson,AZ,980,3.219,32.2228765,-110.974847
5602,69996,YESWAY #1078,US-83 & SR-153,Winters,TX,575,2.999,31.9576897,-99.9628254
5603,69998,CASEYS #3604,US-75,Hinton,IA,527,3.299,42.6272529,-96.2917422
5604,69999,RUTTERS #71,"I-99, EXIT 28 & US-22",Duncansville,PA,14,4.099,40.42183,-78.439657
5605,70001,LOVES TRAVEL STOP #690,US-23,Circleville,OH,315,3.789,39.6193176,-82.950388
5606,70002,LOVES TRAVEL STOP #699,US-49,Magee,MS,620,3.607,31.9114605,-89.793846
5608,70004,SPEEDWAY #7775,US-23 & CR-192,Delaware,OH,315,3.619,40.2986724,-83.067965
5609,70007,FLYING J #1096,"I-95, EXIT 201 & CR-524",Cocoa,FL,143,3.699,28.3556635,-80.7325345
5611,70008,Amigo's,"I-10, EXIT 661 & FM-609",Flatonia,TX,610,3.082,29.6868046,-97.1071039
5612,70009,KWIK TRIP #661,SR-69 & BUS-11,Monroe,WI,420,3.362,30.458451,-85.045617
5613,70010,Kwik Star #567,US-65 & SR-3,Hampton,IA,565,3.504,42.7306769,-93.2025472
5614,70011,KWIK TRIP #279,"US-63, EXIT 59",Rochester,MN,515,3.549,44.0234387,-92.4630182
5615,70012,MAVERIK COUNTRY STORE #549,"I-70, EXIT 283",Aurora,CO,800,3.186,39.666015,-104.867305
5617,70016,CASEYS #2743,SR-43/SR-2 & SR-66A,Palmyra,NE,413,3.199,,
5618,70017,PACIFIC PRIDE,I-79 & US-19,Morgantown                              ,WV,430,3.459,39.6296809,-79.9559437
5619,70019,QUICKLEES #1,"I-390, EXIT 9 & SR-15",Avon                                    ,NY,190,3.999,41.15614,-84.299609
5620,70022,SHEETZ #583,US-322 & SR-655,Reedsville,PA,14,3.416,40.667787,-77.6053356
5621,70024,KWIK TRIP #827,"I-41, EXIT 167",Green Bay,WI,582,3.499,45.0297122,-87.4609382
5622,70025,SPEEDWAY #6245,SR-43,Carrollton,OH,249,3.559,40.5728404,-81.0856532
5623,70026,SPEEDWAY #8883,I-80 EXIT 73,Peru,IL,293,3.149,41.3272919,-89.1287636
5625,70027,SPEEDWAY #8851,SR-31,South Elgin,IL,293,3.659,41.9941938,-88.2922996
5627,70028,LOVES TRAVEL STOP #697,"US-321, EXIT 37",Newton,NC,46,3.689,35.6630887,-81.2219363
5628,70029,LOVES TRAVEL STOP #696,"I-10, EXIT 843",Beaumont,TX,610,3.294,30.0829344,-94.0984277
5629,70030,SPEEDWAY #3991,"I-80 E, & I-94 E",Gary,IN,290,3.712,41.6020962,-87.3370646
5630,70031,SPEEDWAY #8020,US-30,Upper Sandusky,OH,550,3.799,40.8581283,-83.2802917
5631,70032,Kwik Star #569,US-20,Waterloo,IA,565,3.574,42.464443,-92.444377
5633,70034,SPEEDWAY #8799,I-55 EXIT 282A & SR-171,Bedford Park,IL,293,3.599,41.7690519,-87.7770096
5634,70035,SPEEDWAY #8064,"I-55, EXIT 178 & SR-43",West Lafayette,IN,375,3.582,40.4258686,-86.9080655
5635,70036,Speedway #3994,SR-38 & CR-21,West Chicago,IL,293,3.599,41.8847507,-88.2039607
5636,70037,SPEEDWAY #8738,"I-70, EXIT 23 & SR-59",Brazil,IN,375,3.699,39.523652,-87.1250154
5637,70038,SPEEDWAY #1830,US-31,Grand Haven,MI,456,3.899,43.0344292,-86.2200323
5638,70039,TEX-BEST #527,SR-162 & SR-16,Jourdanton                              ,TX,747,2.921,28.9180294,-98.5464069
5640,70041,LOVES TRAVEL STOP #705,"I-64/SR-33, EXIT 211 & SR-609",Providence Forge,VA,180,3.889,37.4424264,-77.0439583
5641,70042,Kwik Star #103,US-65,Iowa Falls,IA,565,3.374,42.5359982,-93.2622575
5642,70043,KWIK TRIP #571,"I-35, EXIT 235 & SR-210",Carlton,MN,515,3.319,46.6639516,-92.4249745
5643,70044,Thorntons #325,"I-94, EXIT 73B & US-6",South Holland,IL,365,3.699,41.6008681,-87.6069894
5644,70049,KWIK STAR #581,"I-380, EXIT 17",Cedar Rapids,IA,380,3.541,41.9758872,-91.6704053
5645,70050,KWIK TRIP #124,US-51,De Forest,WI,420,3.236,43.174473,-89.325528
5646,70053,KWIK TRIP #964,"US-12, EXIT 250 & CR-M",Middleton,WI,420,3.529,43.0962919,-89.5119565
5647,70054,KWIK TRIP #976,CR-241 & CR-ZZ,Oak Creek,WI,444,3.579,42.898729,-87.9177966
5648,70058,KWIK TRIP #590,CR-4 & CR-22,Rochester,MN,515,3.624,44.0234387,-92.4630182
5649,70059,KWIK TRIP #118,US-2 & LAKESHORE DRIVE,Ashland,WI,334,3.699,46.6031079,-90.8594573
5651,70063,QUICK FUEL #2206,US-41,Marietta,GA,18,3.519,34.008496,-84.604661
5653,70067,KWIK TRIP #240,"I-94, EXIT 115 & CR-A",Black River Falls,WI,395,3.312,44.2952152,-90.8484137
5654,70068,LOVES TRAVEL STOP #712,"I-44, EXIT 107",Newcastle,OK,483,3.426,35.2472869,-97.59976
5655,70069,CASEYS #3486,"I-49, EXIT 159",Harrisonville,MO,400,3.229,38.655124,-94.3471072
5656,70074,CASEYS #3430,US-71 & US-136/SR-46,Maryville,MO,400,3.137,40.3295737,-94.8580748
5657,70075,KWIK TRIP #815,US-63 & SR-48,Cumberland,WI,295,3.624,45.5332856,-92.0214764
5658,70076,PETRO-CARD 24 #910681,SR-32,Salem                                   ,MO,392,3.099,37.6455993,-91.5359808
5659,70078,KWIK TRIP #573,I-94 & CR-EE,Eau Claire,WI,295,3.399,44.811349,-91.4984941
5660,70079,PILOT #1118,US-60,Clovis,NM,593,4.079,34.399164,-103.209911
5661,70080,FLYING J #1117,SR-25,Rochester,IN,370,3.859,41.0458875,-86.2194936
5663,70081,PILOT EXPRESS #1032,SR-7,Steubenville,OH,249,3.629,40.3519803,-80.6185411
5664,70082,KWIK TRIP #588,US-51 & SR-70,Woodruff,WI,395,3.096,45.896342,-89.699037
5665,70083,KWIK TRIP #596,US-14,Black Earth,WI,420,3.444,43.141577,-89.743162
5666,70084,SPEEDWAY #4440,SR-131,Waukegan,IL,293,3.789,42.3530556,-87.8575
5673,70087,PILOT EXPRESS  #1098,"I-95, EXIT 14",Newark,NJ,105,3.999,40.735657,-74.1723667
5674,70088,KWIK TRIP #138,SR-13,Park Falls,WI,395,3.147,45.9338249,-90.4517454
5675,70090,SPEEDWAY #7111,"I-40, EXIT 143 & SR-13",Hurricane Mills,TN,460,3.032,35.9711736,-87.781969
5676,70091,SPEEDWAY #7503,I-70 & I-57 EXIT 159,Effingham,IL,293,3.199,39.1201433,-88.54348
5678,70093,LOVES TRAVEL STOP #694,US-45/SR-5 & SR-57,Ramer,TN,435,3.462,35.0795227,-88.5469068
5679,70095,LOVES TRAVEL STOP #713,US-380 & FM-1304,Bridgeport,TX,630,2.949,33.2101155,-97.7547552
5680,70096,LOVES TRAVEL STOP #661,US-65 & SR-81,Pine Bluff,AR,695,3.319,34.2228884,-92.004334
5681,70097,KWIK TRIP #112,SR-32 & SR-23,Sheboygan Falls,WI,444,3.292,43.7288923,-87.8114097
5682,70098,KWIK TRIP #110,US-2,Ashland,WI,334,3.699,46.610892,-90.838566
5684,70100,LOVES TRAVEL STOP #718,"I-65, EXIT 158",Hope Hull,AL,720,3.266,32.2698632,-86.3571916
5685,70104,LOVES TRAVEL STOP #649,"I-76/US-6, EXIT 89",Brush,CO,800,4.089,40.2584914,-103.623473
5686,70105,LOVES TRAVEL STOP #708,"I-75, EXIT 314 & CR-48",Bushnell,FL,225,3.296,28.6644827,-82.1117399
5687,70106,LOVES TRAVEL STOPS #719,"I-35, EXIT 308",Troy,TX,765,3.159,31.2046542,-97.3003176
5689,70107,LOVES TRAVEL STOP #711,"I-71, EXIT 165 & SR-97",Bellville,OH,315,3.709,40.6201798,-82.5112483
5690,70108,RICKY ROCKETS FUEL CENTER,SR-50 & SR-83,Midlothian,IL,291,3.199,41.6253116,-87.7175491
5692,70111,KWIK TRIP #557,"I-39, EXIT 126 & CR-V",De Forest,WI,420,3.311,29.437588,-90.461117
5693,70117,RUTTERS #72,"I-81, EXIT 16 & US-30",Saint Thomas,PA,70,4.399,39.9175908,-77.7977726
5694,70118,SPEEDWAY #7118,US-41,Smyrna,TN,460,3.016,35.9824598,-86.5199492
5695,70122,Circle K #2709301,SR-67,Decatur,AL,615,3.899,34.552711,-86.948041
5697,70125,SPEEDWAY #7391,I-76 EXIT 232,North Lima,OH,305,3.699,40.9482165,-80.658496
5698,70126,SPEEDWAY #3535,"I-71,EXIT 165 & SR-97",Bellville,OH,315,3.599,40.6201798,-82.5112483
5699,70127,SPEEDWAY #2929,"US-22, US-119",New Alexandria,PA,165,3.972,40.395384,-79.441542
5700,70128,CIRCLE K #4703913,"I-40 E, EXIT 87",Jackson,TN,460,3.349,34.97894696017485,-78.58594808078357
5701,70130,SIDE TRACK,SR-57,Wrightsville,GA,85,3.316,32.729674,-82.719384
5702,70131,THORNTONS #323,SR-64,Lombard,IL,290,3.349,41.8864687,-88.0201536
5708,70135,KUM & GO #1455,"I-44, EXIT 130",Lebanon,MO,535,3.092,37.6806669,-92.6637835
5709,70136,FUEL CITY SAGINAW,CR-156,Fort Worth,TX,630,2.966,32.8237333,-97.4030415
5711,70140,CASEYS #3593,SR-7 & US-50,North Vernon,IN,375,3.592,39.0332913,-85.6331602
5712,70142,ONVO TRAVEL PLAZA - AVIS,"US-220, EXIT 118",Avis,PA,138,3.539,41.1847939,-77.3138622
5713,70143,KWIK TRIP #104,"I-94, HWY-24, EXIT 178",Clearwater,MN,448,3.277,45.4194099,-94.0488721
5714,70144,LOVES TRAVEL STOP #635,"I-49, EXIT 24 & SR-282",Alma,AR,645,3.459,35.4778653,-94.2218752
5715,70145,MAVERIK COUNTRY STORE #578,US-26 & US-91,Idaho Falls,ID,825,3.402,43.5042714,-112.025898
5716,70146,MAVERIK COUNTRY STORE #567,"I-90, EXIT 291A",Spokane,WA,970,3.969,47.6571934,-117.42351
5721,70151,LOVES TRAVEL STOP #721,"I-45, EXIT 246 & FM-1183",Ennis,TX,630,3.036,32.2702729,-96.5815959
5722,70154,Stinker,"US-34, CR-56",Kersey,CO,800,3.499,40.392047,-104.536985
5723,70155,MARATHON,"US-24, I-96 EXIT 179",Redford,MI,549,4.999,42.3945469,-83.2953927
5724,70156,MAVERIK COUNTRY STORE #348,"US-91, SR-130",Cedar City,UT,791,3.452,37.764542,-113.055183
5725,70157,LOVES TRAVEL STOP #702,US-63,Waterloo,IA,565,3.769,42.4977253,-92.3497553
5726,70158,FLYING J #1068,"I-26, EXIT 194 & SR-16",Summerville,SC,42,3.509,33.0186699,-80.1762704
5727,70159,LOVES TRAVEL STOP #717,US-460 & SR-156,Disputanta,VA,180,3.562,37.1243164,-77.2258062
5728,70160,COMMON CENTS #212,I-90 & SR-337,Sheridan,WY,836,3.561,44.797194,-106.956179
5729,70161,FLYING J #839,HWY 75 & PR-305,Ste Agathe,MB,900,4.257,41.7584208,-87.6186319
5735,70162,PILOT #1049,US-58,Suffolk,VA,130,3.899,36.728673,-76.630577
5736,70163,KWIK TRIP #598,SR-23,Paynesville,MN,451,3.399,45.377052,-94.729302
5737,70164,ONVO TRAVEL PLAZA - BLAKESLEE,I-80 EXIT 284,Blakeslee,PA,200,3.566,41.0925133,-75.5926681
5738,70168,KWIK TRIP #575,CR-75,Saint Joseph,MN,451,3.302,45.567574,-94.312536
5739,70169,ROCKING Oil,SR-21,Caldwell,TX,670,3.099,30.5305813,-96.6969703
5741,70171,CITGO HERITAGE RIDGE,US-151 & SR-26,Waupun,WI,582,3.147,43.6172001,-88.7183466
5742,70172,MACH 1 #3,I-57 & SR-14,Benton,IL,540,3.599,37.9967163,-88.9200685
5744,70174,LOVES TRAVEL STOP #701,"I-69, EXIT 176",Capac,MI,342,3.949,42.495566,-71.34876
5745,70176,MAVERIK COUNTRY STORE #565,I-84,Boise,ID,785,3.396,43.5560151,-116.1795821
5747,70179,WORKMANS TRAVEL CENTER,"I-49, EXIT 78 & SR-264",Lowell,AR,645,3.402,36.2553543,-94.1307587
5748,70180,Gulf,SR-83,Bensenville,IL,297,3.099,41.9538384,-87.9431781
5750,70181,CIRCLE K #2723778,US-501 & SR-78/CR-1303,Sanford,NC,177,3.049,35.5248658,-79.184281
5751,70182,SHELL,US-169,Blue Earth,MN,425,3.299,43.6295771,-94.0915977
5753,70185,PILOT # 1147,SR-302,Kermit,TX,710,3.256,31.8578999,-103.0932149
5754,70187,PILOT # 1146,I-20 & SR-17,Pecos,TX,710,3.466,31.3980416,-103.5126309
5755,70188,KUM & GO #0890,I-44 (WESTBOUND),Vinita,OK,560,3.059,36.6408372,-95.156363
5756,70189,HUDSON IRVING 24,SR-3A,Hudson,NH,34,3.799,42.7655784,-71.4393423
5757,70190,LOVES TRAVEL STOP #726,I-25 EXIT 191,Belen,NM,580,3.522,34.6627495,-106.7762
5758,70191,LOVES TRAVEL STOP #734,"I-44, EXIT 5 & US-70",Randlett,OK,770,3.121,34.1737376,-98.4445875
5759,70192,LOVES TRAVEL STOP #720,"I-49, EXIT 94 & SR-1",Boyce,LA,730,3.174,31.3904558,-92.6693132
5761,70208,GOLDEN GATE PETRO,SR-648,Sparks,NV,966,3.986,39.5347691,-119.7552534
5762,70209,PUMP N PETES #42,"I-49, EXIT 66 & CR-K",Jasper,MO,416,3.199,37.336212,-94.3019111
5763,70210,CASEYS #3889,SR-29 & CR-1350,Henry,IL,368,3.349,41.1114249,-89.3564776
5764,70214,RACETRAC #688,I-20 & SR-6,Lithia Springs,GA,18,2.972,33.7766824,-84.612661
5765,70216,PILOT TRAVEL CENTER #1110,I-25 & SR-105,Monument,CO,803,3.639,39.0916586,-104.872758
5767,70217,MR GAS #20,I-84 EXIT 165,Jerome,ID,785,3.407,45.346834,-118.155719
5768,70218,LOVES TRAVEL STOP #725,I-69 & SR-260,Hanson,KY,490,3.599,37.4172671,-87.4808336
5769,70219,LOVES TRAVEL STOP #709,US-59 & SR-116,Lufkin,TX,610,3.649,31.3386242,-94.7288558
5770,70220,LOVES TRAVEL STOP #497,"I-40, EXIT 154 & US-64",Statesville,NC,46,3.689,35.7827676,-80.8873574
5771,70221,PILOT #1092,CR-70 E,Cedar Rapids,IA,380,3.779,41.947743,-91.7025778
5773,70222,GOOD TO GO #45,"US-52 & SR-55, SR-18",Fowler,IN,375,3.699,40.6057336,-87.3069952
5777,70224,GOLDEN GATE PETROLEUM,I-70 EXIT 42,Palisade,CO,810,3.549,39.1102587,-108.350919
5778,70225,Union 76 Pilot,US-130,Riverton,NJ,105,3.999,40.0097114,-75.0124539
5779,70227,LOVES TRAVEL STOP #724,"I-75, EXIT 414 & US-41",Lake City,FL,225,3.339,30.1894252,-82.6394803
5780,70229,TA EXPRESS HENDERSON #969,I-11 EXIT 15A,Henderson,NV,910,3.639,36.0319602,-114.9822716
5781,70232,RUTTERS #73,"I-81, EXIT 8 & CR-32   ",Inwood,WV,70,3.659,39.3579068,-78.040009
5782,70233,RUDS,SR-31 & I-94 EXIT 127,New Salem,ND,390,3.499,46.8452588,-101.4083588
5783,70236,LOVES TRAVEL STOP #733,"I-25, EXIT 347",Las Vegas,NM,580,3.489,35.5939325,-105.223896
5784,70238,ROAD RANGER #275,"I-10, EXIT 400 & US-277",Sonora,TX,740,3.549,30.5699252,-100.6460474
5786,70240,MAVERIK COUNTRY STORE #370,"I-15, EXIT 10",Saint George,UT,910,3.542,37.050267,-113.559923
5787,70241,MAVERIK COUNTRY STORE #460,SR-88,Minden,NV,966,3.526,38.9533009,-119.7636621
5788,70242,ROAD RANGER #276,"I-35, EXIT 342A",Waco,TX,765,3.049,31.5491899,-97.1474628
5789,70243,CASEYS #4415,US-68 & US-31W /SR-526,Bowling Green,KY,460,2.999,37.0409428,-86.3501052
5790,70245,YESWAY #1168,US-287 & CR-368,Iowa Park,TX,770,2.889,33.9514847,-98.6686709
5791,70246,7-Eleven #37565,SR-944 & SR-9,Miami,FL,95,3.249,25.7741566,-80.1935973
5792,70247,EXXON DBA ONE9 #1416,I-20 EXIT 458,Dallas,TX,630,2.992,32.67455,-96.992188
5793,70249,Caseys #4466,US-231 & SR-100,Scottsville,KY,460,3.312,36.7533781,-86.1905424
5794,70251,Marathon,SR-42 & US-49,Hattiesburg,MS,620,3.032,31.3271189,-89.2903392
5796,70255,J&H  FAMILY STORE #152,SR-55,Cadillac,MI,344,3.259,44.227311,-85.385438
5798,70256,PILOT TRAVEL CENTER #1128,SR-60,Bartow,FL,140,3.599,27.9080681,-81.7989552
5800,70257,LOVES TRAVEL STOP #739,I-2,Donna,TX,639,3.649,29.790861,-95.945402
5801,70258,CASEYS #3677,US-59 & SR-30,Slayton,MN,530,3.299,43.9785394,-95.7359968
5802,70262,ASAP GENERAL STORE #332,US-70 & US-377,Madill,OK,569,3.016,34.099749,-96.780986
5803,70263,ENMARKET #769,US-301,Statesboro,GA,195,3.699,32.4645135,-81.7669233
5804,70265,Speedee Mart # 2875,I-80 & CR-238,Milford,NE,413,3.432,40.774192,-97.0518459
5805,70266,PILOT #1161,I-20,Odessa,TX,710,3.566,31.8099491,-102.4346228
5806,70267,LOVES TRAVEL STOP #728,"I-5, EXIT 238 & SR-164",Albany,OR,935,3.847,42.6511674,-73.754968
5807,70268,CASEYS #3396,SR-92 & SR-149,Sigourney,IA,380,3.362,41.3330944,-92.2049364
5809,70270,CASEYS #3685,US-50/US400  & SR-25,Lakin,KS,525,3.192,37.9442049,-101.263225
5810,70271,CASEYS #1160,US-20,Plainview,NE,470,3.229,42.3508924,-97.7750729
5811,70273,SPEEDWAY #5457,"I-264 E, EXIT 14 & SR-864 N",Louisville,KY,415,3.029,38.2542376,-85.759407
5812,70274,Kwik Star #920,US-18 & US-69,Garner,IA,433,3.399,43.1058307,-93.6031366
5813,70276,STAR EXPRESS #5,US-301 & SR-648,Petersburg,VA,180,3.049,37.227928,-77.4019268
5814,70277,KWIK TRIP #595,SR-46,Amery,WI,448,3.561,45.3125385,-92.3620836
5815,70278,KWIK TRIP #923,"I-41, EXIT 146 & CR-N",Little Chute,WI,582,3.269,44.2799872,-88.3184394
5816,70279,KWIK TRIP #926,SR-19 & SR-21,New Prague,MN,448,3.291,44.5433331,-93.5760445
5818,70281,LOVES TRAVEL STOP #645,"I-75, EXIT 18",Monroe,MI,325,3.339,30.84581,-83.331276
5824,70282,PLEASANT SPRINGS TRAVEL,"I-39, EXIT 147 & CR-N",Cottage Grove,WI,420,3.391,43.0785542,-89.1998285
5825,70283,SPEEDWAY #3996,US-12 & SR-120,Round Lake,IL,293,3.399,42.353355,-88.0934145
5828,70284,ROBINSON CORINTH IRVING,"I-395 N, EXIT 3",Corinth,ME,170,3.932,45.0037427,-69.0234445
5829,70285,IRVING MAINWAY,SR-16 E,Dover Foxcroft,ME,170,3.866,45.1867218,-69.1700432
5830,70286,ROBINSONS IRVING,SR-7,Corinna,ME,170,3.932,44.9210182,-69.2612866
5831,70287,LOVES TRAVEL STOP #710,US-31 & SR 28,Tipton,IN,457,3.847,40.2822598,-86.041098
5832,70290,FLYING J #868,TCH 1,Medicine Hat,AB,50,4.620,32.935885,-103.534106
5838,70291,LOVES TRAVEL STOP #723,"I-80, EXIT 310 & CR-322",Laramie,WY,795,3.616,41.3116442,-105.5917876
5840,70293,KWIK TRIP #922,US-8,Cameron,WI,295,3.664,45.395825,-91.753213
5841,70295,SPEEDWAY #8080,I-69 & US-20,Angola,IN,465,3.599,41.6713429,-85.0096597
5842,70296,MAVERIK COUNTRY STORE #573,SR-68 & SR-154,Riverton,UT,835,3.136,40.5179761,-111.9393701
5843,70297,KWIK STAR #509,SR-169 & BUS-20,Fort Dodge,IA,433,3.202,42.5044017,-94.1910044
5845,70299,Mr Fuel dba Pilot Express #1149,"I-295, EXIT 41 & SR-105",Jacksonville,FL,75,3.239,30.3262247,-81.6579179
5848,70300,PILOT #1194,I-10 & US-60,Phoenix,AZ,930,6.039,33.4484367,-112.074141
5850,70301,GOLDEN GATE TRUCKSTOP,I-80 & SR-535,Elko,NV,787,3.599,40.83269,-115.7630942
5851,70302,KWIK TRIP #117,CR-9 & CR-4,Duluth,MN,334,3.499,46.7838287,-92.1052679
5852,70303,Kwik Star #1004,US-63,Waterloo,IA,565,3.574,42.4977253,-92.3497553
5853,70304,Rusty Lantern,"I-95, EXIT 109A & SR-202",Augusta,ME,170,3.887,44.3148027,-69.7743945
5854,70305,LOVES TRAVEL STOP #737,I-40/US-270,El Reno,OK,483,3.344,35.460346,-97.6386261
5855,70306,KWIK STAR #1001,US-6,Newton,IA,320,3.249,41.700789,-93.0038204
5856,70307,KWIK TRIP #592,"I-35, EXIT 159 & CR-1",Rush City,MN,451,3.377,45.6855145,-92.9654903
5857,70308,KWIK TRIP #946,SR-32,Pulaski,WI,582,3.457,44.6722158,-88.2426026
5858,70309,PILOT #1165,SR-18 & SR-128,Jal,NM,593,3.366,32.112125,-103.1934615
5860,70311,RACING MART,SR-8,Adams,MA,215,3.699,42.620161,-73.120269
5861,70313,Flyer's #3207,"SR-143, EXIT 2",Phoenix,AZ,930,3.389,33.60503,-112.070892
5862,70314,CASEYS #2721,US-34,Lincoln,NE,413,3.337,40.883509,-96.786826
5913,70360,MAVERIK COUNTRY STORE #595,"I-84, EXIT 28",Caldwell,ID,785,3.369,,
5864,70319,SPEEDWAY #3650,"I-76, EXIT 11 & SR-261",Wadsworth,OH,305,3.699,41.0256101,-81.7298519
5865,70320,SPEEDWAY #7177,"I-24, EXIT 158 & SR-27",Jasper,TN,285,3.014,35.0742448,-85.6260789
5866,70321,PILOT TRAVEL CENTER #1132,SR-171 & SR-78,Brawley,CA,900,4.759,32.9786566,-115.530267
5870,70322,INDIAN HILL IRVING,SR 6,Greenville,ME,170,3.866,45.456688,-69.578763
5871,70323,LOVES TRAVEL STOP #750,I-74 EXIT 206,Oakwood,IL,280,3.589,40.1161471,-87.7783592
5874,70324,LOVES TRAVEL STOP #729,CR-17 & US-20,Goshen,IN,465,3.722,41.6137264,-85.8888288
5876,70326,PILOT #1207,"I-20, EXIT 79 & SR-464",Monahans,TX,710,3.466,31.5890519,-102.8861902
5877,70328,Thorntons #7,US-12 & US-45,Franklin Park,IL,290,3.329,41.9353084,-87.865618
5880,70329,1 STOP TRAVEL PLAZA,US-14 & US-83,Pierre,SD,571,3.382,44.400524,-100.2996714
5881,70331,LOVES TRAVEL STOP #707,"I-64, EXIT 21",Covington,VA,185,3.649,37.77104,-79.988229
5882,70332,FLYING J #1201,HWY 10 & HWY 9,Inglewood,ON,720,4.201,33.9562003,-118.353132
5885,70333,KWIK STAR #932,"I-80, EXIT 143 & CR-S14",Altoona,IA,320,2.959,41.6437308,-93.4696031
5886,70334,KWIK TRIP #1021,SR-11 & CR-E,Brodhead,WI,420,3.416,42.6197428,-89.376795
5887,70335,PILOT #1200,HWY 43,Valleyview,AB,80,4.622,39.244055335048145,-84.7961845318976
5888,70336,SPEEDWAY #3962,"I-39,  EXIT 3 & SR-9",Roscoe,IL,293,3.469,42.4133505,-89.0092742
5890,70338,LOVES TRAVEL STOP #747,"I-75, EXIT 90",Sidney,OH,411,3.346,40.26783,-84.18328
5891,70339,FLYING J #1197,HWY 3,Jaffray,BC,50,4.787,41.0378364,-73.8683089
5897,70340,PIT STOP,SR-53 & SR-74,Joliet,IL,399,3.499,41.5263603,-88.0840212
5898,70341,LOVES TRAVEL STOP #741,US-29,Reidsville,NC,65,3.999,36.24726,-79.6650442
5899,70342,AF TRUCK CENTER,"I-294, EXIT 33 & SR-64",Melrose Park,IL,293,3.459,41.900299,-87.8569745
5900,70343,PILOT TRAVEL CENTER #1103,"I-5, EXIT 208 & SR-530",Arlington,WA,962,4.559,48.1896827,-122.1288887
5901,70344,KWIK TRIP #928,US-169,Princeton,MN,451,3.399,45.5567118,-93.5901679
5902,70345,LOVES TRAVEL STOP #742,"I-196, EXIT 52",Holland,MI,406,4.089,42.780492,-86.027839
5903,70346,Kwik Star #924,SR-17 & US-20 EXIT 140,Webster City,IA,433,3.202,42.4695666,-93.8183858
5904,70349,WEIGELS #90,SR-139 & SR-66,Kodak,TN,405,3.199,35.97453,-83.62684
5905,70350,CIRCLE K #2741859,CR-802,Brownsville,TX,665,3.029,25.982594,-97.521824
5906,70351,MAVERIK COUNTRY STORE #606,US-91,Franklin,ID,825,3.579,42.0828359,-111.8666544
5908,70353,ASAP General Store #314,"US-62, US-81, SR-9",Chickasha,OK,483,3.132,35.0512159,-97.9370036
5909,70357,Certified Oil #400489,"I-71, EXIT 104",Columbus,OH,315,3.409,39.9622601,-83.0007065
5910,70358,FOOD N FUEL #25,SR-15 & US-12,Milbank,SD,248,3.369,45.2189255,-96.65512
5911,70359,PILOT # 1185,"I-15, EXIT 9   3",Littlefield,AZ,910,3.689,36.8842836,-113.9363361
5932,70403,MAVERIK COUNTRY STORE #607,"I-90, EXIT 1",Post Falls,ID,970,3.376,,
5914,70361,MAVERIK COUNTRY STORE #599,US-89 & CR-122,Thayne,WY,825,3.669,42.9208143,-111.002469
5915,70366,FAST STOP,US-41,Escanaba,MI,360,3.399,45.782397,-87.083336
5916,70371,KENT KWIK #440,US-277,Haskell,TX,575,3.539,33.1771599,-99.7264791
5917,70373,KWIK TRIP #791,US-45 & SR-54,New London,WI,582,3.484,44.3927581,-88.7398255
5920,70375,QUIKTRIP #1853,US-81,Decatur,TX,630,2.899,33.22481,-97.591916
5921,70376,QUIKTRIP #1935,SR-183,Dallas,TX,630,2.976,32.7762719,-96.7968559
5922,70377,WEIGELS #81,I-81 & SR-32,Morristown,TN,405,3.259,36.2139814,-83.2948923
5923,70379,SPEEDWAY #7209,US-411 & SR-20,Cartersville,GA,18,3.116,34.2148877,-84.7939894
5924,70380,LOVES TRAVEL STOP #714,"I-85, EXIT 29",Charlotte,NC,46,3.522,35.2272086,-80.8430827
5925,70383,SPEEDWAY #4400,I-10 & SR-59,Loxley,AL,715,3.282,30.6182476,-87.7530454
5926,70385,LONGHORN EXPRESS,US-70,Ardmore,OK,253,3.009,34.1389034,-97.1294885
5927,70388,PILOT #1205,"I-20, EXIT 80",Monahans,TX,710,3.466,31.5890519,-102.8861902
5928,70389,PILOT #1145,SR-191,Midland,TX,710,3.566,31.9973662,-102.077948
5930,70391,MACH 1 #12,I-57 EXIT 65,West Frankfort,IL,510,3.299,37.8978275,-88.9314583
5863,70318,LOVES TRAVEL STOP #738,"I-30/US-67, EXIT 122 & SR-19/SR-11",Sulphur Springs,TX,723,3.309,,
5934,70405,LOVES TRAVEL STOP #760,SR-18 & SR-234,Eunice,NM,593,3.329,32.4388224,-103.159002
5935,70406,LOVES TRAVEL STOP #754,SR-251,Rochelle,IL,520,3.749,41.9239178,-89.0687074
5937,70407,BOLLA MARKET,"I-495, EXIT 57",Islandia,NY,83,3.639,40.8042649,-73.1690019
5940,70408,BOLLA MARKET,"I-495, EXIT 64",Medford,NY,83,4.039,40.8175985,-73.0001068
5943,70409,SPEEDWAY #6512,"I-196, EXIT 49 & SR-40",Holland,MI,456,3.899,42.7876022,-86.1090828
5944,70410,SPEEDWAY #4107,I-285 & US-78,Stone Mountain,GA,18,3.529,33.8080924,-84.1706273
5945,70411,MARATHON,SR-72,Elberton,GA,16,3.899,34.109326,-82.866904
5946,70413,CASEYS #3782,US-169 & SR-2,Mount Ayr,IA,320,3.164,40.7109935,-94.2614335
5948,70416,ALLSUPS CONVENIENCE STORE #2361,US-54 & US-287,Stratford,TX,585,2.957,36.3241175,-102.0662534
5949,70417,CASEYS #3434,US-63,Denver,IA,565,3.499,42.6713752,-92.3372158
5950,70419,FUEL AMERICA TRAVEL CENTER,I-35 EXIT 24,Laredo,TX,693,3.099,27.5079211,-99.5069834
5951,70420,Circle K #2709302,SR-67,Decatur,AL,615,3.507,34.552711,-86.948041
5952,70421,CASEYS #3581,US-62/US-67,Corning,AR,695,3.282,36.4116396,-90.6330687
5953,70422,CIRCLE K #2741675,"I-10, EXIT 134",Tolleson,AZ,930,3.519,33.4500497,-112.259309
5954,70423,LOVES TRAVEL STOP #763,I-90 & US-20,Hampshire,IL,290,3.649,42.0978028,-88.5303643
5959,70424,LOVES TRAVEL STOP #743,"I-75, EXIT 144A",Bridgeport,MI,260,3.589,43.3594696,-83.8816364
5965,70426,BISHOPS TRAVEL CENTER,US-27,Attapulgus,GA,20,3.699,30.755293,-84.467596
5966,70427,PARKERS #64 (DISCOUNT AVAILABLE),SR-307,Savannah,GA,195,3.032,32.0790074,-81.0921335
5967,70428,PARKERS #63 (DISCOUNT AVAILABLE),US-301,Jesup,GA,195,3.116,31.594107,-81.870608
5968,70429,BP,SR-76,Adel,GA,10,2.969,31.114965,-83.442987
5969,70430,SPRINT FOODS #715,I-520 & SR-56,Augusta,GA,135,3.192,33.4709714,-81.9748429
5970,70431,TA EXPRESS HOLSTEIN #941,I-20 E,Holstein,IA,527,3.559,42.474744,-95.528135
5971,70432,GAS N WASH,SR-43,Frankfort,IL,365,3.499,41.4979467,-87.8495946
5973,70433,GAS N WASH,SR-126,Plainfield,IL,290,3.599,41.6086711,-88.2054345
5974,70434,HUCKS FOOD & FUEL #371,SR-148 & SR-142,Mount Vernon,IL,340,3.099,38.3172715,-88.9031201
5975,70436,CASEYS #3492,US-36,Marysville,KS,413,3.299,39.84173,-96.6480642
5977,70438,BREAU BRIDGE TRUCKSTOP AND CASINO,SR-94,Breaux Bridge,LA,730,3.229,30.282437,-91.902052
5978,70439,CHEVRON,I-20 & SR-151,Arcadia,LA,590,3.189,32.5489683,-92.9217754
5979,70440,MOUND MINI MART,I-696,Warren,MI,325,3.699,42.489451,-83.053208
5980,70441,BREAK TIME #3165,US-50 & SR-13,Warrensburg,MO,400,3.292,38.7753312,-93.7330343
5981,70442,GOLDEN GATE PETRO,I-580 & US-50,Carson City,NV,966,3.599,39.1663259,-119.7670374
5982,70443,GLUCKSTADT FLEETWAY,"I-55, EXIT 112",Madison,MS,760,3.199,32.4618086,-90.1153638
5983,70445,CASEYS #3514,SR-1,Oakes,ND,341,3.382,46.138579,-98.090379
5984,70446,ALLSUPS CONVENIENCE STORE #2220,US-285,Loving,NM,640,3.599,32.2862822,-104.095782
5985,70447,84 QUIK STOP,"I-84, EXIT 3 & US-6",New Hampton,NY,120,3.699,41.41093,-74.4071
5987,70448,CIRCLE K #4707623,"I-81, EXIT 31",Brewerton,NY,220,4.089,43.2383474,-76.1407778
5988,70450,QUEENSBURY,SR-149,Queensbury,NY,12,3.789,43.3618532,-73.6652451
5993,70453,MARIETTA PETROLEUM,"I-35, EXIT 15 & SR-32",Marietta,OK,253,2.922,33.937045,-97.1166788
5994,70454,DANDY MINI MART #36,US-220,Monroeton,PA,200,4.032,41.7053793,-76.4651961
5995,70455,RUTTERS #37,US-332/US-22 & SR-75,Mifflintown,PA,70,4.099,,
5996,70456,RUTTERS #67,SR-16 & SR-75,Mercersburg,PA,70,4.399,39.8282214,-77.9037226
5997,70457,RUTTERS #15,"I-83, EXIT 22 & SR-4009",York,PA,70,4.199,39.962493,-76.7276989
5998,70458,STOP-A MINIT,US-25 & SR-418,Pelzer,SC,30,2.899,34.6423372,-82.4559598
5999,70459,GET N GO #22,I-90 & SR-115,Sioux Falls,SD,530,2.939,43.5476008,-96.7293629
6000,70460,ALLSUPS CONVENIENCE STORE #2371,US-87,San Angelo,TX,612,3.206,31.5163614,-100.4808813
6002,70463,CIRCLE K #2741496,US-290,Chappell Hill,TX,670,2.999,30.137918,-96.2738341
6003,70464,GOLDEN GATE PETEROLEUM 24 RD,US-6,Grand Junction,CO,810,3.539,39.079637,-108.581108
6004,70466,Circle K #2741925,SR-19,Trinity,TX,670,2.899,30.885379,-95.376255
6005,70467,QUIKTRIP #598,"I-80, EXIT 439, SR-370",Omaha,NE,486,2.927,41.261377,-95.989632
6006,70468,CIRCLE K #2741325,I-14 & SR-121,Belton,TX,765,2.886,31.0560132,-97.464453
6007,70469,TA EXPRESS #286,I-30 & SR-423,Mount Vernon,TX,637,3.299,33.1890841,-95.2214564
6008,70472,SHELL/ONE9 #1304,I-820 & CR-156,Fort Worth,TX,630,2.892,32.753177,-97.3327459
6009,70474,EXXON,"I-30, EXIT 42A",Dallas,TX,630,3.499,32.94918,-96.468093
6010,70476,KWIK TRIP #1037,SR-65/23,Mora,MN,451,3.394,40.715608,-73.897274
6011,70478,TA Express Salina,"I-70, EXIT 56",Salina,UT,835,3.649,38.957742,-111.859984
6013,70480,BIG B TRUCK STOP,"I-90, EXIT 321",Sprague,WA,962,3.899,47.3001584,-117.975506
6014,70481,GOHL POST BP,"I-39, EXIT 100",Endeavor,WI,420,3.176,43.7158123,-89.4662326
6015,70482,BIG D OIL #19,SR-259 & SR-387,Midwest,WY,790,3.459,43.411391,-106.280075
6016,70483,BOLLA MARKET,SR-27 & CR-47,Copiague,NY,83,3.439,40.6840538,-73.4008102
6018,70484,ALLSUPS CONVENIENCE STORE #2117,SR-18 & CR-97,Lovington,NM,700,3.104,32.9294655,-103.3614651
6019,70485,ALLSUPS CONVENIENCE STORE #2145,SR-132,Hobbs,NM,593,3.382,32.7027017,-103.1355302
6020,70488,ALLSUPS CONVENIENCE STORE #2365,US-380 & SR-214,Plains,TX,700,3.369,33.1892387,-102.827274
6021,70491,MFA OIL PETRO CARD 24,US-36,Hamilton,MO,276,3.241,39.735951,-94.000303
6022,70492,KWIK TRIP #1033,US-51 EXIT 191B,Wausau,WI,395,3.454,44.9597858,-89.6272791
6024,70494,7-ELEVEN #37570,I-76/US-6,Commerce City,CO,800,3.639,39.87438,-104.897675
6025,70495,LOVES TRAVEL STOP #689,US-65 & US-82,Lake Village,AR,695,3.269,33.3299175,-91.2923577
6027,70498,KWIK TRIP #939,"SR-29, EXIT 101",Stanley,WI,295,3.469,44.961503,-90.942897
6028,70500,STRIPES 7FLEET #42526,SR-289,Lubbock,TX,700,3.056,33.647738,-101.837867
6029,70501,STRIPES 7FLEET #42527,SR-191 & US-349,Midland,TX,710,3.472,31.9973662,-102.077948
6030,70502,STRIPES 7FLEET #42532,SR-302 & FM-1936,Odessa,TX,710,3.099,31.8457149,-102.367687
6031,70503,STRIPES 7FLEET #42491,US-67 & SR-137,Big Lake,TX,710,3.549,31.1954739,-101.4592746
6032,70505,STRIPES #42593,LOOP 289 & MLK BLVD,Lubbock,TX,700,2.966,33.5855677,-101.8470215
6034,70508,7-ELEVEN #34715,I-294 EXIT 20,Schiller Park,IL,290,4.579,41.9558637,-87.8708965
6035,70509,ALLSUPS CONVENIENCE STORE #2108,US-377 & US-183,Early,TX,575,2.932,31.7414426,-98.9443517
6036,70510,ALLSUPS CONVENIENCE STORE #2147,SR-6 & CR-454,De Leon,TX,630,3.159,32.1306166,-98.5169717
6037,70516,STRIPES 7FLEET #42528,"I-20, EXIT 217 & SR-139",Colorado City,TX,575,2.899,32.3930337,-100.86351
6038,70527,THORNTONS #164,I-65 EXIT 16 & US-31,Memphis,IN,415,3.626,38.4833963,-85.7616319
6039,70530,LOVES TRAVEL STOP #767,FM-511 & SR-48,Brownsville,TX,625,3.156,26.0231302,-97.510815
6040,70538,SPEEDWAY #9329,"I-64 EXIT 43, SR 395 & 2823",Waddy,KY,410,3.149,38.13702,-85.0744
6041,70539,PILOT #1174,"I-70/SR-1, EXIT 147",Marshall,IL,510,3.299,39.4217,-87.69336
6046,70540,LOVES TRAVEL STOP #674,US-27 & SR-60,Lake Wales,FL,140,3.552,27.8973832,-81.5979813
6047,70541,Kwik Star#1012,US-71 & SR-9,Spirit Lake,IA,440,3.299,43.4295984,-95.0907253
6049,70544,ALLSUPS CONVENIENCE STORE #2100,US-87,Odonnell,TX,700,3.099,32.965798,-101.830072
6050,70545,ALLSUPS CONVENIENCE STORE #2205,SR-83,Denver City,TX,700,3.366,32.9679571,-102.8293851
6051,70546,ALLSUPS CONVENIENCE STORE #2370,US-287 & SR-70,Clarendon,TX,585,2.929,34.936206,-100.8840508
6052,70547,ALLSUPS CONVENIENCE STORE #2140,SR-114,Bridgeport,TX,630,2.899,33.2101155,-97.7547552
6053,70548,ALLSUPS CONVENIENCE STORE #2114,US-84,Muleshoe,TX,700,3.191,34.2176687,-102.709992
6054,70549,ALLSUPS CONVENIENCE STORE #2194,214 PLAINS HIGHWAY,Denver City,TX,700,3.382,32.9679571,-102.8293851
6055,70550,TEXACO #379545,US-290,Giddings,TX,595,3.399,30.1849984,-96.9527152
6056,70551,KWIK TRIP #1047,SR-100 & SR-59,Milwaukee,WI,444,3.541,43.0386475,-87.9090751
6057,70552,KWIK TRIP #941,US-2,Duluth,MN,334,3.499,46.7365297,-92.2145331
6058,70553,KWIK TRIP #1028,US-59,Worthington,MN,425,3.166,43.626423,-95.580157
6060,70555,THORNTONS #615,I-40 EXIT 188,Kingston Springs,TN,460,2.982,36.1020038,-87.1150054
6061,70556,ZIP ZONE EXPRESS,US-23,Catlettsburg,KY,255,3.699,38.3680634,-82.5993367
6062,70557,LOVES TRAVEL STOP #727,"I-44, EXIT 283 & US-69",Big Cabin,OK,560,3.412,36.5378651,-95.221358
6063,70558,LOVES TRAVEL STOP #752,"I-43, EXIT 25 & SR-67",Elkhorn,WI,520,3.241,42.6719206,-88.543494
6064,70559,KWIK TRIP #1026,"HWY-23/ HWY-169, EXIT 23",Milaca,MN,453,3.369,45.755799,-93.6544079
6065,70560,PILOT DEALER #1235,"I-8, EXIT 42",Tacna,AZ,900,3.599,32.6985289,-113.9530344
6067,70561,PILOT #1143,I-20 & SR-302,Odessa,TX,710,3.599,31.8457149,-102.367687
6068,70562,SPEEDWAY #7161,I-65 & US-31,Portland,TN,460,3.024,36.6310792,-86.57361
6071,70564,SPEEDWAY #7236,"I-90/SR-2, EXIT 151",Avon,OH,305,3.659,41.4516512,-82.0350598
6072,70565,Kwik Star #1025,SR-9/SR-4,Estherville,IA,425,3.332,,
6073,70567,LEDGEWOOD BP,I-80/SR-46,Ledgewood,NJ,115,3.299,40.8933203,-74.6491319
6074,70571,LOVES TRAVEL STOP #748,"I-90, I-80 & SR-49",Edon,OH,550,3.887,41.556367,-84.7690441
6075,70572,LOVES TRAVEL STOP #745,I-94,Saint Clair,MI,342,3.949,42.9053104,-82.5049922
6076,70573,KWIK TRIP #1038,US-12,Prairie Du Sac,WI,420,3.484,43.296493,-89.72791
6077,70574,SPEEDWAY #3961,"I-55, EXIT 109",Williamsville,IL,318,3.299,39.9542161,-89.5487126
6078,70575,SPEEDWAY #6721,SR 51,Mc Kees Rocks,PA,165,3.899,40.4656244,-80.0656106
6079,70576,KWIK TRIP #593,"I-94, EXIT 41 & SR-25",Menomonie,WI,295,3.574,44.8765289,-91.9278716
6080,70577,SPEEDWAY #3715,US-30,Crest Hill,IL,293,3.299,41.554753,-88.0986709
6083,70579,Exxon/One9 #1338,I-35 & CR-372,Jarrell,TX,765,2.886,30.8410826,-97.5994979
6084,70580,LOVES TRAVEL STOP #753,I-90 EXIT 96 & SR-474,Missoula,MT,820,3.674,46.8701049,-113.995267
6085,70581,LOVES TRAVEL STOP #773,"SR-14 & I-59/20, EXIT 40",Eutaw,AL,615,3.137,32.86874,-87.92446
6086,70582,Kwik Star #1039,I-80 EXIT 301,Bettendorf,IA,270,3.649,41.5253792,-90.5098639
6087,70583,LOVES TRAVEL STOP #783,US-60 & US-63,Willow Springs,MO,535,3.419,36.9759394,-91.9474791
6088,70584,PILOT TRAVEL CENTER #1209,"I-20, EXIT 136 & SR-349",Midland,TX,710,3.566,31.9973662,-102.077948
6089,70585,PILOT TRAVEL CENTER #1211,US-385 & CR-1910,Andrews,TX,710,3.639,32.3187158,-102.545715
6090,70586,MAVERIK COUNTRY STORE #610,I-80,Winnemucca,NV,966,3.389,40.980481,-117.700679
6091,70587,MAVERIK COUNTRY STORE #623,US-89,Gunnison,UT,835,3.419,39.1599693,-111.8135251
6092,70588,SPEEDWAY #7217,I-70 EXIT 49,Smithton,PA,165,3.916,40.1539613,-79.7411535
6094,70591,SPEEDWAY #6465,"I-77, EXIT 101",Canton,OH,249,3.607,40.7985464,-81.3749508
6095,70592,LOVES TRAVEL STOP #751,"I-20, EXIT 87",Elgin,SC,135,3.426,34.1709826,-80.794252
6096,70593,LOVES TRAVEL STOP #735,I-75/SR-401,Calhoun,GA,285,3.279,34.4945793,-84.9210984
6097,70595,SPEEDWAY #6509,"I-74, EXIT 206",Oakwood,IL,280,3.199,40.1161471,-87.7783592
6100,70596,SPEEDWAY #7208,I-85 EXIT 137,Jefferson,GA,16,3.119,34.1170537,-83.5723876
6101,70597,SPEEDWAY #9394,SR-4 & US-25,Lexington,KY,410,3.129,38.0464066,-84.4970393
6102,70598,SPEEDWAY #7175,US-78 & SR-175,Memphis,TN,435,3.199,35.146026,-90.0517786
6103,70599,Jet Food Store,US-278,Warrenton,GA,85,3.416,33.406702,-82.672159
6104,70600,KWIK STAR #1027,US-65,Mason City,IA,433,3.264,43.1524574,-93.2017941
6106,70603,ROAD RANGER #277,"I-30, EXIT 201 & SR-8",New Boston,TX,766,3.081,33.4598415,-94.4154787
6108,70605,SPEEDWAY #1042,"I-55 & SR-50, EXIT 286",Cicero,IL,291,3.599,41.8455398,-87.7540199
6111,70607,SPEEDWAY #8544,"I-55 & US-6, EXIT 24B",Channahon,IL,291,3.249,41.4294753,-88.2286735
6113,70608,KWIK TRIP #1017,US-10/SR-47,Anoka,MN,451,3.624,45.2042326,-93.3590871
6114,70609,JP TRAVEL PLAZA,"I-75, EXIT 205 & SR-16",Jackson,GA,18,3.159,33.2945651,-83.9660209
6115,70611,Shell,US-6 & SR-3,Kendallville,IN,370,3.499,41.4207716,-85.2650796
6116,70612,SHREES TRUCK STOP #2,I-90 EXIT 101,Thorp,WA,920,3.839,47.0680145,-120.672687
6119,70615,THORNTONS #0334,I-57 EXIT 350 & SR-83,Posen,IL,365,3.399,41.6317008,-87.681437
6120,70617,QUIKTRIP #224,"I-435, EXIT 57",Kansas City,MO,400,3.099,39.1727771,-94.488587
6121,70618,LOVES TRAVEL STOP #744,"I-270 N, EXIT 49",Lockbourne,OH,315,3.456,39.8092301,-82.972404
6122,70619,KWIK TRIP #1049,US-212 & CR-68,Glencoe,MN,448,3.524,44.7674109,-94.1452082
6124,70621,FRIENDLY GUS STORE #24,I-16 EXIT 53 & SR-19,Dublin,GA,85,3.399,32.47211,-82.8157
6125,70622,SPEEDWAY #6781,US-422,Douglassville,PA,208,3.799,40.2578714,-75.7263008
6126,70623,SPEEDWAY #1127,"I-55, EXIT 267 & SR-53",Bolingbrook,IL,293,3.589,41.7003302,-88.0717708
6128,70624,KWIK STAR #929,I-74 EXIT 2,Bettendorf,IA,270,3.599,41.5253792,-90.5098639
6129,70625,BROWNVILLE IRVING,SR-11,Brownville,ME,170,3.932,45.3499664,-69.0513851
6130,70626,GOLDEN GATE PETROLEUM,"I-70, EXIT 97",Silt,CO,810,3.459,39.5485917,-107.65617
6131,70628,PILOT #1195,"I-90, EXIT 106",Ellensburg,WA,977,3.959,46.9970635,-120.545122
6135,70629,KWIK TRIP #930,"I-35, EXIT 147 & SR-95",North Branch,MN,448,3.402,45.5113515,-92.9802176
6136,70630,SPEEDWAY #3632,"I-76, EXIT 33 & SR-43",Kent,OH,249,3.532,41.1513108,-81.3578047
6137,70632,CIRCLE K #4706705,SR-394,Crete,IL,365,3.499,41.4445334,-87.6313829
6139,70635,CIRCLE K #4705706,US-224 & SR-99,Willard,OH,249,3.599,41.0531134,-82.7262958
6140,70637,CIRCLE K #2704111,I-2/US-83 & CR-493,Donna,TX,639,3.009,26.1702082,-98.0522376
6141,70638,LOVES TRAVEL STOP #769,"I-70, EXIT 358A & US-75",Topeka,KS,570,3.284,39.049011,-95.677556
6142,70640,LOVES TRAVEL STOP #794,SR-3/SR-33,Watonga,OK,483,3.376,,
6143,70641,LOVES TRAVEL STOP #706,"I-81/I-64, EXIT 213 ",Staunton,VA,185,3.649,38.1495947,-79.072557
6144,70642,LOVES TRAVEL STOP #776,"I-20, EXIT 15",Vicksburg,MS,760,3.549,32.3528055,-90.8777342
6145,70643,LOVES TRAVEL STOP #774,US-431/CR-248,Smiths Station,AL,720,3.194,32.5377361,-85.0893433
6146,70644,KWIK TRIP #1031,I-494 EXIT 20,Delano,MN,451,3.524,45.0419073,-93.7891331
6147,70645,QUIKTRIP #4048,"I-410, EXIT164B",San Antonio,TX,740,2.966,29.510991,-98.539421
6148,70646,KWIK TRIP #1051,I-43 & CR-N,Green Bay,WI,582,3.441,44.5126379,-88.0125794
6149,70647,PILOT #1227,I-20 EXIT 66,Pyote,TX,710,3.466,31.5366066,-103.126191
6151,70649,KWIK TRIP #931,SR-95,North Branch,MN,448,3.427,45.5113515,-92.9802176
6152,70650,MAVERIK COUNTRY STORE #581,"I-15 N, EXIT 334 & SR-193",Clearfield,UT,835,3.336,41.1135837,-112.0244841
6153,70651,WALBURG TRAVEL CENTER,"I-35, EXIT 266",Georgetown,TX,595,2.832,30.681198,-97.659799
6154,70652,ROADYS MACH 1 #14,I-57 EXIT 94,Mount Vernon,IL,574,3.099,38.3172715,-88.9031201
6157,70653,MACH 1 #24,I-74 EXIT 215A & SR-1,Tilton,IL,280,3.199,40.0953144,-87.6475213
6159,70654,PILOT #1269,I-10 EXIT 378,San Simon,AZ,980,3.309,32.2665117,-109.2270613
6161,70655,GOLDEN GATE PETROLEUM,US-6,Grand Junction,CO,810,3.499,39.079637,-108.581108
6162,70656,LOVES TRAVEL STOP #757,"US-23, EXIT 25",Milan,MI,325,3.579,42.07917,-83.67167
6166,70657,INTERFUEL,I-96 EXIT 167,Springfield,VA,60,3.899,38.7791227,-77.1861196
6168,70660,CASEYS #3852,"I-35, EXIT 33 & US-34",Creston,IA,320,3.349,41.058742,-94.365052
6169,70661,CASEYS #3238,US-52 EXIT 64 & CR-12,Oronoco,MN,451,3.516,44.1642851,-92.5350748
6170,70662,GETGO #3202,I-79 EXIT 183A,Erie,PA,240,3.899,42.118843,-80.07226
6171,70663,LENNYS GAS N WASH BOURBONNAIS,US-45/US-52,Bourbonnais,IL,296,3.399,41.1714745,-87.8754114
6173,70665,POCO LOCO MARKET,I-35 EXIT 219,Buda,TX,595,2.892,30.082475,-97.8417144
6174,70666,Thorntons #322,"I-55, EXIT 288",Chicago,IL,290,3.599,41.8513183,-87.620426
6175,70667,EZ TRIP #1226,"I-84, EXIT 104 & US-97",Wasco,OR,935,3.239,45.5917107,-120.698155
6177,70669,TA EXPRESS BIGGS,"I-84, EXIT 104 & US-97",Wasco,OR,935,3.199,45.5917107,-120.698155
6178,70670,MAVERIK COUNTRY STORE #625,"I-215, EXIT 27 & CR-68",North Salt Lake,UT,835,3.442,40.8485564,-111.906882
6179,70673,PAC PRIDE,SR-202,Mesa,AZ,930,4.024,33.344732,-111.647673
6180,70674,ALLTOWN FRESH #769,SR-111,Ayer,MA,34,3.649,42.552701,-71.571705
6181,70676,PAC PRIDE,"I-10, EXIT 138",Phoenix,AZ,930,4.037,33.60503,-112.070892
6182,70677,PAC PRIDE,US-60,Glendale,AZ,930,4.024,33.540229,-112.185256
6183,70679,PAC PRIDE,"I-10, EXIT 151",Phoenix,AZ,930,4.024,33.60503,-112.070892
6184,70680,PAC PRIDE,"I-17, EXIT 215B",Phoenix,AZ,930,4.024,33.4484367,-112.074141
6185,70681,PETRO STOP,US-60,Mesa,AZ,930,4.016,33.422793,-111.765222
6190,70686,HOLIDAY STATIONSTORE #2746471,US-12,Hudson,WI,448,3.539,44.964164,-92.683537
6191,70687,RUTTERS #87,"I-99, EXIT 78B & SR-150",Bellefonte,PA,70,4.016,40.9134862,-77.7737471
6192,70691,QUIKTRIP #4049,"I-10/US-90, EXIT 583",San Antonio,TX,740,2.966,29.4246002,-98.4951405
6193,70692,RUTLAND ROUTE 7 IRVING,US-4 & US-7,Rutland,VT,170,3.699,43.584177,-72.966561
6194,70693,MAPCO #3507,US-76 & SR-71,Dalton,GA,285,3.119,34.7691867,-84.9702475
6195,70695,ALLSUPS CONVENIENCE STORE #2132,US-54 & US-380,Carrizozo,NM,580,3.282,33.6502606,-105.8771688
6196,70696,DK #11822,I-20 EXIT 131,Midland,TX,612,2.857,31.9973662,-102.077948
6197,70698,ALLSUPS CONVENIENCE STORE #2038,US-54,Logan,NM,585,3.199,35.3344386,-103.4226461
6198,70699,QUIK STOP,US-79,Paris,TN,490,2.959,36.3019461,-88.3258578
6199,70700,PATRIOT FUELING CENTER,US-231/SR-9,Wetumpka,AL,720,3.199,32.4135241,-86.2186286
6204,70706,BIG APPLE TRAVEL CENTER,I-44/US-71,Joplin,MO,416,3.212,37.04652893574887,-94.4785404133741
6205,70707,TA Express West Point #283,"I-85/SR-403, EXIT 2 & SR-18",West Point,GA,720,3.666,32.874533,-85.142881
6206,70708,LOVES TRAVEL STOP #785,"I-96, EXIT 90",Grand Ledge,MI,406,3.949,42.775235,-84.727361
6207,70709,VP Racing Fuels,SR-19,Center,MO,540,3.166,39.508098,-91.528766
6208,70710,LOVES TRAVEL STOP #799,US-72 & SR-15,Walnut,MS,655,3.559,34.9518965,-88.905494
6209,70711,LOVES TRAVEL STOP #762,FM-1472,Laredo,TX,693,3.256,27.7131115,-99.7307603
6210,70714,PILOT TRAVEL CENTER #1281,US-89,Page,AZ,910,3.999,36.9049941,-111.4841843
6212,70717,Certified Oil #400491,I-270 EXIT 52,Columbus,OH,315,3.202,39.9622601,-83.0007065
6214,70719,FAST LANE #31,"I-70, EXIT 183",Jonesburg,MO,540,3.299,38.8533773,-91.3059895
6215,70720,SPEEDWAY #4453,SR-23,Sauk Rapids,MN,451,3.189,45.5913275,-94.1673802
6216,70722,SPEEDWAY #9935,I-90 EXIT 35 & SR-298,Syracuse,NY,190,4.099,43.0481221,-76.1474244
6217,70723,SPEEDWAY #9932,I-99 EXIT 8 & SR-417,Painted Post,NY,190,4.099,42.1620186,-77.0941366
6218,70724,LOVES TRAVEL STOP #790,"I-95, EXIT108",Summerton,SC,135,3.509,33.497995,-80.461879
6219,70725,LOVES TRAVEL STOP #782,"I-24 & US-41, EXIT 86",Oak Grove,KY,415,3.142,36.6650471,-87.4427878
6220,70726,CASEYS #1195,US-36,Belleville,KS,336,3.339,39.8127603,-97.6608558
6221,70727,CASEYS #2998,US-75 & SR-23,Pipestone,MN,530,3.449,44.0162294,-96.3076004
6222,70728,CASEYS #3245,US-81,Freeman,SD,530,3.299,43.3407018,-97.4204937
6223,70729,CASEYS #3785,US-14,Fort Pierre,SD,571,3.399,44.368877,-100.378161
6224,70730,CASEYS #3855,US-81,Yankton,SD,572,3.139,42.9446122,-97.3979305
6227,70732,MAVERIK COUNTRY STORE #627,I-15 EXIT 303,Salt Lake City,UT,835,3.442,40.7596198,-111.886797
6228,70733,CASEYS #1607,US-63,Macon,MO,392,3.291,39.7663611,-92.4695232
6253,70752,CASEYS #3755,SR-7/SR-27,Russellville,AR,645,3.419,,
6234,70736,CASEYS #1941,"I-35, EXIT 90 & SR-160",Ankeny,IA,320,3.139,41.7320796,-93.605092
6235,70737,CASEYS #2272,I-80/US-6 EXIT 155 & SR-117,Colfax,IA,320,3.099,41.6921958,-93.2460766
6236,70738,QUIKTRIP #7061,I-49 EXIT 39A,Joplin,MO,413,3.022,37.0841838,-94.5133385
6237,70739,CASEYS #2602,US-36/SR-5 & SR-11,Brookfield,MO,276,3.249,39.7717925,-93.0722843
6238,70740,JACK FLASH,"I-70, EXIT 82 & SR 128",Altamont,IL,574,3.099,39.062036,-88.7481224
6240,70741,CASEYS #3590,US-27,Geneva,IN,465,3.594,40.6114683,-84.9544956
6241,70742,CASEYS #3653,SR-14,Greene,IA,433,3.599,42.896221,-92.8030194
6243,70744,CASEYS #3686,I-80 EXIT 81,Utica,IL,296,2.969,41.343877,-88.966788
6246,70745,CASEYS #3752,",",Mountain Lake,MN,425,3.402,43.9392996,-94.9309224
6247,70746,CASEYS #3085,US-34 & SR-14,Aurora,NE,330,3.099,40.866888,-98.004508
6248,70747,CASEYS #3702,US-377/SR-99 & SR-9,Seminole,OK,560,3.026,35.2657965,-96.6710381
6249,70748,CASEYS #3717,US-218,Vinton,IA,380,3.199,42.154038,-92.0346529
6250,70749,CASEYS #3719,US-160,Ulysses,KS,525,3.409,37.5757384,-101.3474664
6251,70750,CASEYS #3787,"I-35, EXIT 222",Blackwell,OK,483,2.999,36.8018163,-97.2861191
6284,70784,CIRCLE K #2723046,"I-95, EXIT 41 & SR-59/CR2252",Hope Mills,NC,63,2.909,,
6254,70753,CASEYS #3798,"I-44, EXIT 211",Drumright,OK,560,3.119,35.9884013,-96.6011294
6255,70754,CASEYS #3758,US-77,Douglass,KS,570,3.264,37.5358641,-96.9967204
6256,70755,CASEYS #3809,US-56 & SR-51,Hugoton,KS,525,3.392,37.1897083,-101.3478959
6257,70756,CASEYS #3780,US-40,Tonganoxie,KS,400,3.159,39.1162413,-95.0907467
6258,70757,CASEYS #3811,US-69,McAlester,OK,560,3.226,34.899784,-95.776243
6259,70759,CASEYS #3832,"I-35, EXIT 40A & US-14",Janesville,MN,425,3.582,44.116078,-93.7080044
6260,70760,CASEYS #2730,US-34 & SR-15,Seward,NE,413,3.369,40.9070037,-97.0989176
6261,70761,CASEYS #3841,"US-61, EXIT 5",Kieler,WI,335,3.489,42.5823073,-90.6018357
6263,70764,CASEYS #3856,"I-51, EXIT 48 & SR-251",Tonica,IL,520,3.199,41.2158684,-89.0667489
6266,70765,CEFCO #103,SR-36,Temple,TX,765,2.966,31.119473,-97.385694
6267,70767,CASEYS #3493,SR-72,Shannon,IL,520,3.699,42.1547457,-89.7398389
6268,70768,CASEYS #3497,SR-29,South Pekin,IL,368,3.699,40.537375,-89.6300606
6271,70769,CASEYS #3527,US-169 & US-60,Nowata,OK,307,3.182,36.724259,-95.62965
6272,70770,CASEYS #3528,SR-92,Washington,IA,380,3.271,41.2990848,-91.6923661
6273,70771,CASEYS #3545,US-14/CR-27,Sleepy Eye,MN,425,3.332,44.2977195,-94.706728
6274,70772,CASEYS #3554,"I-70, EXIT 52",Mulberry Grove,IL,368,3.489,38.91477,-89.26896
6275,70773,CASEYS #3575,US-36,Seneca,KS,413,3.159,39.8412225,-96.0237802
6276,70774,CASEYS #3079,"US-20, EXIT 71 & US-71",Early,IA,440,3.299,42.4613432,-95.1523131
6277,70775,CASEYS #3576,US-56,Overbrook,KS,400,3.196,38.7805607,-95.5572026
6279,70778,CASEYS #3588,"I-75 N, EXIT 69",Tipp City,OH,411,3.099,39.959686,-84.178843
6280,70779,CASEYS #3204,"I-80, EXIT 29 & I-880, EXIT 29A",Minden,IA,319,3.159,41.4667146,-95.542622
6281,70780,CASEYS #3306,SR-15 & CR-47/CR-136,Saint Cloud,MN,522,3.249,45.4717114,-94.2462371
6282,70782,CASEYS #3465,"I-80, EXIT 285 & US-30",Gibbon,NE,330,3.049,40.749069,-98.845653
6283,70783,ENMARKET #820,"I-95/SR-405, EXIT 109 & SR-21",Port Wentworth,GA,195,3.091,32.149092,-81.1631681
6229,70735,CASEYS #1778,SR-267/SR-111,Brighton,IL,574,3.279,,
6285,70785,CIRCLE K #2705347,"I-77, EXIT 5 & SR-48",Columbia,SC,135,3.204,34.000754,-81.0352313
6287,70787,LOVES TRAVEL STOP #778,"I-16, EXIT 143 & US-280",Ellabell,GA,135,3.296,32.1235368,-81.4856673
6288,70788,SPEEDWAY #1031,"I-480 & I-271, EXIT 26",Bedford,OH,305,3.649,41.40922,-81.50679
6289,70789,7FLEET #46080,"I-41 & US-41, EXIT 133",Neenah,WI,360,3.449,44.16845,-88.466718
6290,70790,LOVES TRAVEL STOP #788,"I-70, EXIT 175",New Florence,MO,540,3.122,38.9103198,-91.4482167
6292,70792,ANEW TRAVEL CENTER,US-6/34 & CR-410,Cambridge,NE,475,3.364,40.2820371,-100.1660494
6295,70794,CASEYS #3747,SR-103 & CR-96,Carey,OH,411,3.176,40.9426665,-83.3168247
6296,70796,QUICK FUEL #3177,"I-35W, EXIT 56",Fort Worth,TX,637,3.032,32.958873,-97.043618
6297,70797,QUICK FUEL #3176,"I-35E, EXIT 442",Carrollton,TX,637,3.016,32.9515472,-96.9034244
6298,70798,QUICK FUEL #1926,"I-90, EXIT 171B & US-14",Janesville,WI,420,3.399,42.6829765,-89.0226793
6299,70831,FLYERS #768,"I-80, EXIT 19 & SR-659",Sparks,NV,966,4.052,39.5347691,-119.7552534
6300,70832,FLYERS #766,SR-648,Sparks,NV,966,4.059,39.5347691,-119.7552534
6301,70833,FLYERS #764,SR-667,Reno,NV,966,4.052,39.5261788,-119.812658
6302,70845,FLYERS #759,"I-80, EXIT 19",Sparks,NV,966,4.051,39.5347691,-119.7552534
6303,70855,FLYERS #761,"I-580, EXIT 5",Carson City,NV,966,3.699,39.1663259,-119.7670374
6305,70859,FLYERS #732,I-580 & US-50,Carson City,NV,966,3.699,39.1663259,-119.7670374
6306,70860,FLYERS #726,"I-80, EXIT 303",Elko,NV,966,3.629,40.847359,-115.758683
6307,70864,FLYERS #747,"I-580/US-395, EXIT 29 & SR-659",Reno,NV,966,4.054,39.5261788,-119.812658
6308,70870,ESSENTIAL FUELS,US-26,Scottsbluff,NE,795,3.599,41.8732796,-103.6494652
6309,70871,ALLTOWN MARKETS #835,"I-95, EXIT 62",Madison,CT,100,4.239,41.2794282,-72.5983151
6310,70873,TA LAKE CITY #288,"I-75, EXIT 414",Lake City,FL,225,3.299,30.1894252,-82.6394803
6311,70874,CIRCLE T,SR-6 & SR-515,Navasota,TX,670,3.432,30.3885033,-96.0880028
6312,70875,FUEL MAXX #57,SR-105 & SR-146,Liberty,TX,610,3.132,30.0609147,-94.7971809
6313,70876,JIFFY MART,SR-123/SR-12,Walpole,NH,12,3.686,42.9228494,-72.2959051
6314,70877,LOVES TRAVEL STOP #770,"US-41, EXIT 1A",Wadsworth,IL,444,3.819,42.4286788,-87.9067248
6317,70879,MAVERIK COUNTRY STORE #611,I-40 EXIT 154,Albuquerque,NM,580,3.194,35.0841034,-106.650985
6318,70880,RUTTERS #81,SR-61 & SR-73,Leesport,PA,208,3.897,40.4470377,-75.9663222
6319,70881,RUTTERS #79,"I-99/US-220, EXIT 28 US-22/SR-764",Duncansville,PA,14,4.099,40.4234058,-78.433903
6320,70882,RUTTERS #77,US-11/US-15 & US-22,Duncannon,PA,70,4.294,40.3925567,-77.034358
6321,70883,RUTTERS #41,US-422,Lebanon,PA,70,3.799,40.3429683,-76.4233816
6322,70884,RUTTERS #75,SR-194 & SR-550,Walkersville,MD,70,3.932,39.4817659,-77.3507698
6323,70885,KWIK TRIP #1061,CR-CE & CR-HH,Combined Locks,WI,582,3.549,44.2658205,-88.314273
6324,70887,LOVES TRAVEL STOP #781,"I-20, EXIT 113 & SR-83",Madison,GA,16,3.849,33.5956814,-83.467944
6325,70888,HUTCHS #125,US-283,Altus,OK,483,2.999,34.6213018,-99.3341177
6326,70889,TRUCK WORLD,I-90 EXIT 241 & SR-7,Conneaut,OH,305,3.359,41.9440977,-80.5561011
6328,70891,QUARLES #4908,I-64 EXIT 297,Chesapeake,VA,130,3.526,36.7168315,-76.2494453
6329,70892,QUARLES #4001,I-95 EXIT 133,Fredericksburg,VA,60,3.759,38.331008,-77.499846
6330,70893,QUARLES #4002,"I-95 EXIT 130A, SR-2",Fredericksburg,VA,60,3.759,38.296804,-77.482857
6331,70894,QUARLES #4009,US-301,Waldorf,MD,60,3.759,38.6263882,-76.9106581
6332,70895,QUARLES #4011/SHELL,I-95 EXIT 118,Woodford,VA,180,2.899,38.1131886,-77.4088708
6333,70896,QUARLES #4200,US-522,Front Royal,VA,60,3.699,38.930213,-78.193872
6334,70897,QUARLES #4302,SR-801 & SR-42,Broadway,VA,60,3.459,38.6133035,-78.7993257
6335,70898,QUARLES #4303,"I-81 EXIT 243, US-11",Harrisonburg,VA,60,2.899,38.43773,-78.870289
6337,70900,QUARLES #4306,I-81 EXIT 150A,Roanoke,VA,185,3.559,37.270973,-79.9414313
6338,70901,QUARLES #4307,"I-81 EXIT 137, US-11/460",Salem,VA,185,3.559,37.284302,-80.05457
6339,70902,QUARLES #4309,US-460/29,Lynchburg,VA,185,3.774,37.4137536,-79.1422464
6340,70903,QUARLES #4310,US-11,Roanoke,VA,185,3.559,37.390353,-79.900025
6341,70904,QUARLES #4400,I-95 EXIT 166A,Lorton,VA,60,4.059,38.7043397,-77.220343
6342,70905,QUARLES #4401,US-29,Fairfax,VA,60,4.059,38.864648,-77.276126
6343,70906,QUARLES #4403,"I-95 EXIT 29A, US-1",Beltsville,MD,22,3.899,39.0299081,-76.9149547
6344,70907,QUARLES #4404,I-95 EXIT 43A,Elkridge,MD,22,3.499,39.241414,-76.69382
6345,70908,QUARLES #4407,I-495 EXIT 11A,Upper Marlboro,MD,60,3.899,38.8162451,-76.751708
6346,70909,QUARLES #4408,SR-201,Bladensburg,MD,60,3.699,38.921051,-76.931568
6348,70912,QUARLES #4411,"I-695 EXIT 1, SR-173",Curtis Bay,MD,22,3.499,39.2252188,-76.5900312
6349,70913,QUARLES #4412,I-270 EXIT 8,Rockville,MD,60,3.759,39.1026189,-77.1798419
6350,70914,QUARLES #4413,I-495 EXIT 15A,Capitol Heights,MD,60,3.899,38.8849913,-76.9134765
6351,70915,QUARLES #4414,I-95 EXIT 60,Baltimore,MD,22,3.449,39.267169,-76.621049
6352,70916,TA Express White Hills,US-93,Willow Beach,AZ,910,3.779,35.893531,-114.610152
6353,70917,QUARLES #4416,US-13,Salisbury,MD,194,3.659,38.396759,-75.573147
6354,70918,QUARLES #4417,I-895 EXIT 8B,Curtis Bay,MD,22,3.499,39.2252188,-76.5900312
6355,70919,QUARLES #4422,US-13,New Castle,DE,243,3.699,39.6620572,-75.5663132
6357,70921,QUARLES #4424,SR-5,Clinton,MD,60,3.899,38.7651145,-76.8983059
6358,70922,QUARLES #4425,US-50 EXIT 5,Hyattsville,MD,60,3.899,38.9529442,-76.9408647
6359,70923,QUARLES #4426,SR-124,Gaithersburg,MD,60,3.759,39.159876,-77.201953
6360,70924,QUARLES #4427,I-276 EXIT 351,Levittown,PA,153,3.846,40.154762,-74.8380029
6361,70925,QUARLES #4430,US-13,Sharon Hill,PA,160,3.869,39.9063027,-75.2721402
6362,70926,QUARLES #4431,US-22,Allentown,PA,90,3.989,40.57052,-75.544497
6363,70927,QUARLES #4434,SR-617,Springfield,VA,60,4.059,38.774805,-77.183767
6364,70928,QUARLES #4435,"I-95 EXIT 41, US-1",Jessup,MD,22,3.499,39.149349,-76.771126
6365,70929,QUARLES #4503,US-11,Martinsburg,WV,60,3.959,39.475585,-77.956939
6367,70931,QUARLES #4505,SR-65,Hagerstown,MD,60,3.899,39.634876,-77.836348
6368,70933,QUARLES #4507,US-11,Winchester,VA,60,3.799,39.211498,-78.148186
6370,70935,QUARLES #4511,I-70 EXIT 55,Frederick,MD,60,3.599,39.397277,-77.424708
6371,70937,QUARLES #4603,US-29/211,Warrenton,VA,60,3.799,38.717577,-77.808183
6373,70939,QUARLES #4606,SR-234,Manassas,VA,60,3.859,38.744888,-77.473748
6374,70940,QUARLES #4607,SR-28,Manassas,VA,60,3.859,38.7509488,-77.4752667
6375,70941,QUARLES #4934,US-60,Sandston,VA,180,3.259,37.5234794,-77.3158118
6376,70942,QUARLES #4608,SR-657,Chantilly,VA,60,3.659,38.8941543,-77.4311513
6377,70943,QUARLES #4700,US-15BUS/29BUS,Culpeper,VA,60,3.799,38.4733823,-77.9961275
6378,70944,QUARLES #4701,US-15 BUS & US-522,Culpeper,VA,60,3.799,38.470601,-77.997138
6379,70945,QUARLES #4944,US-17,Bealeton,VA,60,3.759,38.613137,-77.797447
6381,70947,QUARLES #4946,"I-95, EXIT 130A, SR-3",Fredericksburg,VA,60,3.759,38.296804,-77.482857
6382,70948,QUARLES #4804,I-40 EXIT 211,Greensboro,NC,65,3.649,36.0726355,-79.7919754
6383,70949,QUARLES #4805,US-1 EXIT 95,Apex,NC,177,3.999,35.7325352,-78.8505516
6384,70950,QUARLES #4807,I-40 EXIT 203,Kernersville,NC,65,3.199,36.1198589,-80.0736533
6385,70951,QUARLES #4947,SR-7,Leesburg,VA,60,3.659,39.103313,-77.545187
6386,70952,QUARLES #4810,I-540 EXIT 4A,Raleigh,NC,177,3.709,35.7803977,-78.6390989
6387,70953,QUARLES #4948,"I-95, EXIT 126, US-1",Fredericksburg,VA,60,3.759,38.296804,-77.482857
6388,70954,QUARLES #4811,SR-50/US-70,Garner,NC,177,3.599,35.7468914,-78.6488137
6390,70956,QUARLES #4813,SR-133,Wilmington,NC,245,3.779,34.2352853,-77.9487284
6391,70957,QUARLES #4950,"I-95, EXIT 126A, US-1",Fredericksburg,VA,60,3.759,38.301664,-77.464505
6392,70958,QUARLES #4951,SR-3,Fredericksburg,VA,60,3.759,38.3001159,-77.4571472
6393,70959,QUARLES #4814,US-117,Wilmington,NC,245,3.799,34.2016159,-77.8884569
6394,70960,QUARLES #4962,"I-81, EXIT 222, US-250",Staunton,VA,185,2.899,38.159619,-79.059853
6395,70961,QUARLES #4815,"I-140, EXIT 14",Wilmington,NC,245,3.799,34.2352853,-77.9487284
6396,70962,QUARLES #4965,"I-295, EXIT 37A, US-360",Warsaw,VA,180,3.759,37.9587465,-76.7580211
6397,70963,QUARLES #4817,"US-70, EXIT 333",Selma,NC,205,3.799,35.5365485,-78.2844435
6398,70964,SEALSTON DELI,"I-95, EXIT 130A, SR-3",King George,VA,180,3.499,38.282227,-77.196565
6399,70965,QUARLES #4822,US-401,Raleigh,NC,177,3.709,35.763203,-78.648772
6401,70967,QUARLES #4823,I-95,Fayetteville,NC,63,3.799,35.0059431,-78.8217879
6402,70968,QUARLES #4928,"I-95, EXIT 86A & SR-656",Ashland,VA,180,3.674,37.7594012,-77.4806603
6403,70969,QUARLES #4824,I-40 EXIT 210,Greensboro,NC,65,3.699,36.0726355,-79.7919754
6404,70970,QUARLES #4931,US-60 & SR-603,Powhatan,VA,180,3.699,37.5420237,-77.9190619
6405,70971,QUARLES #4932,"I-64, EXIT 173 & SR-623",Rockville,VA,180,3.699,37.7259779,-77.6783239
6406,70973,QUARLES #4826,US HWY 29/70,High Point,NC,65,3.666,35.9556924,-80.0053176
6407,70974,QUARLES #4933,US-60,Richmond,VA,180,3.699,37.528364,-77.445841
6408,70975,QUARLES #4935,"I-95, EXIT 64 & SR-613",Richmond,VA,180,3.699,37.5385087,-77.43428
6409,70976,QUARLES #4827,I-40 EXIT 203,Kernersville,NC,65,3.199,36.1198589,-80.0736533
6411,70978,QUARLES #4829,I-40 EXIT 298A,Raleigh,NC,177,3.599,35.614576,-78.566809
6412,70979,QUARLES #4830,I-540 EXIT 3,Raleigh,NC,177,3.719,35.7803977,-78.6390989
6413,70980,QUARLES #4938,"I-64, EXIT 159 & SR-522",Gum Spring,VA,180,3.699,37.7755262,-77.8968114
6414,70982,EXXON/QUARLES #4942,"I-64/33, EXIT 205 & SR-249",Quinton,VA,180,3.509,37.5327893,-77.1154448
6415,70983,QUARLES #4943,"I-295, EXIT 22A & SR-5",Henrico,VA,180,3.699,37.6294756,-77.5189032
6416,70984,QUARLES #4831,US-64 EXIT 470,Rocky Mount,NC,205,3.409,35.9423833,-77.7956949
6417,70985,QUARLES #4832,I-40 EXIT 189,Winston Salem,NC,65,3.572,36.0998131,-80.2440518
6418,70986,QUARLES #4833,US-1,Youngsville,NC,177,3.699,36.0372457,-78.5003353
6419,70987,QUARLES #4902,US-250/33,Richmond,VA,180,3.699,37.5385087,-77.43428
6421,70989,QUARLES #4911,I-264 EXIT 19B,Virginia Beach,VA,130,3.572,36.8496579,-75.9760751
6422,70990,QUARLES #4915,I-664 EXIT 2,Hampton,VA,244,3.426,37.014765,-76.387531
6423,70991,QUARLES #4917,I-64 EXIT 255,Newport News,VA,130,3.411,37.077755,-76.514264
6424,70992,QUARLES #4904,I-64 EXIT 197B,Sandston,VA,180,3.259,37.5234794,-77.3158118
6425,70993,QUARLES #4905,I-95 EXIT 89,Ashland,VA,180,3.699,37.7594012,-77.4806603
6426,70994,QUARLES #4906,I-95 EXIT 73,Richmond,VA,180,3.699,37.5385087,-77.43428
6427,70995,QUARLES #4910,I-95 EXIT 61B,Chester,VA,180,3.799,37.3562229,-77.4460583
6428,70996,QUARLES #4912,I-64 EXIT 136,Troy,VA,180,3.899,37.9509737,-78.2463934
6430,70998,QUARLES #4916,I-246 EXIT 6,Portsmouth,VA,130,3.466,36.8320081,-76.297699
6431,71001,QUARLES #4921,I-95 EXIT 83B,Richmond,VA,180,3.699,37.5385087,-77.43428
6432,71002,QUARLES #4922,US-250,Charlottesville,VA,180,3.899,38.0392561,-78.46983
6433,71003,QUARLES #4923,I-95 EXIT 73,Richmond,VA,180,3.699,37.5385087,-77.43428
6434,71004,QUARLES #4924,US-1 & SR-688,Doswell,VA,180,3.699,37.8601402,-77.4641492
6435,71005,QUARLES #4925,I-95 EXIT 78,Richmond,VA,180,3.699,37.5385087,-77.43428
6436,71006,QUARLES #4926,I-95 EXIT 79,Richmond,VA,180,3.699,37.5385087,-77.43428
6438,71009,WEIGELS #80,"I-40, EXIT 435 & US-321",Newport,TN,405,3.116,35.9670412,-83.1876578
6439,71010,KEYSTOPS,"I-64, EXIT 17",Louisville,KY,415,3.196,38.2542376,-85.759407
6440,71011,Global,"I-84 E, EXIT 2 & US-6 E",Danbury,CT,100,3.459,41.394817,-73.4540111
6441,71012,ALLTOWN MARKETS #838,"I-95 N, EXIT 12",Darien,CT,100,3.832,41.0787079,-73.4692873
6442,71013,ALLTOWN MARKETS #647,SR-3 EXIT 5,Plymouth,MA,175,3.959,41.9583799,-70.6673851
6443,71014,Global,"I-95, EXIT 43 & US-1",Elkridge,MD,22,3.099,39.17121,-76.67297
6444,71018,KWIK STAR #1076,US-218,Vinton,IA,565,3.199,42.154038,-92.0346529
6447,71021,Amoco,"I-39 & HWY 23, EXIT 54",Oglesby,IL,290,3.199,41.29531,-89.08231
6449,71022,TEX BEST #530,"I-10, EXIT 628 & SR-80",Luling,TX,595,3.009,29.680314,-97.6473265
6450,71023,LOVES TRAVEL STOP #853,SR-302 & CR-313,Kermit,TX,710,3.251,31.8578999,-103.0932149
6451,71024,LOVES TRAVEL STOP #804,US-34/US-67,Monmouth,IL,270,3.449,40.9216482,-90.661855
6454,71025,KWIK TRIP #644,SR-57 & SR-32,New Holstein,WI,582,3.391,43.9499924,-88.0842643
6455,71027,Kwik Star #1068,I-35,Story City,IA,320,2.959,42.1732535,-93.5705611
6456,71029,CASEYS #6445,I-355 EXIT 27 & SR-64,Lombard,IL,293,3.349,41.8864687,-88.0201536
6458,71032,MAVERIK COUNTRY STORE #416,US-50 & US-95,Fallon,NV,966,3.526,39.4745166,-118.777895
6459,71033,MAVERIK COUNTRY STORE #560,I-580 & US-50,Carson City,NV,966,3.589,39.1663259,-119.7670374
6460,71034,MAVERIK COUNTRY STORE #635,I-15 EXIT 57,Cedar City,UT,791,3.442,37.6774238,-113.061827
6461,71036,GOLDEN GATE PETRO,US-550,Montrose,CO,810,3.436,38.418312,-107.8547035
6462,71037,SUNOCO,US-220 EXIT 111,Lock Haven,PA,138,3.599,41.1373067,-77.4469952
6463,71039,TURNPIKE MARKET EXPRESS,SR-5,Newton Falls,OH,573,3.259,41.210127,-80.960672
6464,71042,SINCLAIR,I-580/US-395 EXIT 6,Carson City,NV,966,3.599,39.1284989,-119.74688
6465,71046,SPEEDWAY #9336,US-27/SR-126,Cincinnati,OH,300,3.699,39.0957374,-84.50098
6466,71047,LOVES TRAVEL STOP #722,"I-17, EXIT 262 & SR-69",Mayer,AZ,930,3.681,34.3978054,-112.236273
6468,71051,SHEETZ #683,I-83 EXIT 28,York,PA,70,3.259,39.962493,-76.7276989
6469,71053,ROAD RANGER #279,"I-57, EXIT 45 & SR-148",Marion,IL,275,3.699,37.7306054,-88.9331256
6471,71055,LOVES TRAVEL STOP #793,"I-840, EXIT 67 & COUCHVILLE PIKE",Mount Juliet,TN,460,3.252,36.200055,-86.5186054
6472,71056,SPEEDWAY #1044,US-72 & SR-20,Decatur,AL,615,3.426,34.6060203,-86.9838165
6473,71057,LOVES TRAVEL STOP #795,US-97/US-26 & HALL RD,Madras,OR,935,3.689,44.6120688,-121.1365554
6474,71058,KWIK TRIP #1090,SR-19 & SR-21,New Prague,MN,448,3.349,44.5433331,-93.5760445
6475,71059,CIRCLE K #2706781,US-17 & SR-200,Yulee,FL,75,3.342,30.6320594,-81.6012807
6476,71060,CIRCLE K #2701537,"I-77, EXIT 100 & SR-89",Mount Airy,NC,65,2.859,36.4993877,-80.6072138
6477,71061,CIRCLE K #2702344,US-78 & SR-39,Williston,SC,135,3.799,33.4022393,-81.42323
6478,71062,MAVERIK COUNTRY STORE #637,"I-70, EXIT 56 & US-89",SALINA,UT,835,3.442,38.9562695,-111.8600482
6480,71064,LOVES TRAVEL STOP #798,I-57 EXIT 212,Tuscola,IL,280,3.289,39.7998585,-88.2884552
6483,71065,MAVERIK COUNTRY STORE #429,US-40 & SR-121,Roosevelt,UT,835,3.439,40.299403,-109.9887605
6484,71066,Circle K #2745067,"I-75, EXIT 155",Macon,GA,85,3.089,32.8406946,-83.6324022
6485,71067,7-ELEVEN #41219,I-385 EXIT 9,Laurens,SC,30,3.099,34.4989248,-82.0156362
6486,71071,KWIK TRIP #1074,SR-35,Somerset,WI,448,3.524,45.124894,-92.6730433
6487,71072,LOVES TRAVEL STOP #801,I-75 EXIT 102,Cordele,GA,10,3.309,31.9691606,-83.782718
6488,71073,LOVES TRAVEL STOP #803,I-57 EXIT 54B,Marion,IL,540,3.739,37.7306054,-88.9331256
6490,71074,Speedway #7764,SR-72 & SR-25,Dundee,IL,293,3.279,42.1088287,-88.2965083
6491,71075,TEXAS TRAVEL CENTER,"I-35, EXIT 277",Jarrell,TX,595,2.832,30.8249094,-97.604454
6492,71076,Kwik Star #589,US-151,Marion,IA,380,3.524,42.03578,-91.575715
6493,71077,COMMUNITY CO OPS LAKE PARK,US-10,Lake Park,MN,341,3.509,46.8770961,-96.099239
6494,71079,DK,SR-375,El Paso,TX,640,2.699,31.898938,-106.419032
6497,71083,SPRINT FOOD #701,US-78,Augusta,GA,195,3.226,33.4709714,-81.9748429
6498,71084,FIESTA MART #42,US-75,Tulsa,OK,560,3.166,36.145976,-96.001953
6499,71085,Sunoco,SR-49,Greenville,OH,317,3.599,40.0625355,-84.6140689
6500,71086,THORNTONS #318,SR-59 & SR-38,West Chicago,IL,290,3.649,41.8847507,-88.2039607
6502,71087,HALF SUN TRAVEL PLAZA,"I-90, EXIT 176",Moses Lake,WA,920,4.029,47.1301417,-119.278077
6504,71088,KARDES,US-151,Monticello,IA,335,3.399,42.238002,-91.1685873
6505,71090,CEFCO #2076,US-60 & SR-207,Panhandle,TX,585,2.946,35.3425721,-101.3904863
6506,71091,BREAK TIME #3163,US-63 & CR-M,Moberly,MO,310,3.462,39.4201137,-92.4364298
6507,71094,BP,US-63 & SR-137,Eddyville,IA,320,3.379,41.1561503,-92.6381659
6509,71096,GAS N WASH,US-30 & SR-394,Chicago Heights,IL,365,3.499,41.5062834,-87.6357079
6510,71097,THORNTONS #329,"I-55, EXIT 267 & SR-53",Romeoville,IL,290,3.309,41.6475306,-88.0895061
6512,71098,DANDY MINI MART #74,US-6 & SR-187,Wysox,PA,32,3.999,41.7745124,-76.399314
6513,71099,THORNTONS #336,"I-57, EXIT 335 & SR-50",Monee,IL,365,3.399,41.4203482,-87.7447556
6517,71101,FOOD N FUEL,"I-55, EXIT 244 & SR-53",Elwood,IL,365,3.499,41.4039201,-88.1117242
6519,71102,365 Food and Fuel,"I-35W/US-287, EXIT 54A & SR-183",Fort Worth,TX,637,2.976,32.753177,-97.3327459
6521,71104,SPINX #364,"I-26, EXIT 194",Summerville,SC,475,3.399,33.012176,-80.182766
6522,71105,SHEPHERD 700,US-64 & CR-450,Alva,OK,337,3.219,36.8030501,-98.6660278
6523,71106,SECURITY OIL,"I-135, EXIT 10B & SR-96",Wichita,KS,570,3.299,37.6922361,-97.3375448
6524,71107,SPARKYS ONE STOP,"US-20, EXIT 96 & SR-4",Rockwell City,IA,343,3.216,42.3952576,-94.6338671
6525,71108,Stuckeyâ€™s Travel Center West,"I-10, EXIT 819 & FM-1663",Anahuac,TX,610,2.807,29.7713308,-94.6785092
6526,71109,KWIK TRIP #1067,"SR-13, BETWEEN FAIRWAY & TRINITY DR",Phillips,WI,295,3.316,45.6900818,-90.3971021
6527,71110,KWIK TRIP #1121,"I-94 & SR-26, EXIT 267",Watertown,WI,420,3.289,43.194335,-88.7241822
6528,71111,MAPCO #5167,"I-59, EXIT 21B & SR-35",Fort Payne,AL,285,3.479,34.4442547,-85.7196893
6529,71112,BERKSHIRE ENERGY,"I-91, EXIT 8 & SR-80",New Haven,CT,100,3.549,41.3082138,-72.9250518
6530,71113,PLATEU TRAVEL PLAZA,"I-95, EXIT 39A & US-1",Madras,OR,935,3.359,44.6334544,-121.129487
6531,71114,SHEETZ #672,"I-95, EXIT 11B & SR-606",Woodford,VA,180,2.899,38.1131886,-77.4088708
7476,72308,Racetrac #2609,SR-60,Okeechobee,FL,140,3.299,27.2437021,-80.8159193
6533,71116,CEFCO #101,US-59 & SR-49,Jefferson,TX,766,2.899,32.7369249,-94.3538186
6534,71117,AM-PM TRUCK STOP,"I-520/SR-415, EXIT 9 & SR-56",Augusta,GA,135,3.359,33.4709714,-81.9748429
6535,71118,THORNTONS #0331,"I-35/US-51, EXIT 3 & CR-9",Roscoe,IL,520,3.469,42.4133505,-89.0092742
6537,71119,PARKER'S #69 (DISCOUNT AVAILABLE),"I-95/SR-405, EXIT 102 & US-80",Pooler,GA,195,3.122,32.1158983,-81.2495131
6538,71120,GAS PRO TRAVEL CENTER,US-25 & SR-56,Waynesboro,GA,135,3.799,33.0898731,-82.0156736
6539,71121,HAT CREEK TRAVEL,"I-10/US-70, EXIT 82A & US-180",Deming,NM,640,2.919,32.2627416,-107.7581979
6540,71123,ONE9 XPRESS FUEL #1264,"I-10, EXIT 203",Eloy,AZ,930,3.139,32.7551703,-111.553493
6543,71126,QUIKTRIP #1177,I-77 & US-21,Blythewood,SC,46,3.076,34.2658164,-80.9981161
6544,71127,QUIKTRIP #4044,"I-10, EXIT 609",Seguin,TX,740,2.946,29.5688411,-97.9647269
6545,71129,Queens Market,"I-85, EXIT 41 & SR-2480",Charlotte,NC,46,3.499,35.2272086,-80.8430827
6546,71131,7-ELEVEN #38816,"I-85, EXIT 66 & US-29",Spartanburg,SC,210,3.306,34.949568,-81.932304
6547,71132,CEFCO #104,US-259 & SR-315,Mount Enterprise,TX,618,2.959,31.9179473,-94.6810439
6548,71133,AMIGOS TRAVEL CENTER,"I-35, EXIT 85 & FM-117",Dilley,TX,740,3.399,28.6695971,-99.1672017
6549,71134,ALLSUPS CONVENIENCE STORE #2376,US-54/US-285 & US-60,Vaughn,NM,580,3.499,34.5939983,-105.1896734
6550,71136,CIRCLE K #2706788,"I-795, EXIT 22 & US-70, EXIT 356",Goldsboro,NC,205,3.392,35.3848841,-77.9927651
6551,71138,LUMMI BAY MARKET,"I-5, EXIT 260",Bellingham,WA,850,3.759,48.7836439,-122.4984439
6552,71139,GAS N WASH,SR-47 & CR-9,Yorkville,IL,290,3.599,41.6411409,-88.4472948
6553,71140,BP,"I-94, EXIT 267 & SR-26, EXIT 30",Jefferson,WI,420,3.209,43.0055594,-88.8073273
6556,71142,LOVES TRAVEL STOP #775,US-20 & SR-2,Rockford,IL,520,3.349,42.2401001,-89.1383519
6560,71143,CASEYS #3904,SR-141,Manning,IA,319,3.209,41.9092293,-95.0650571
6561,71144,CASEYS #3675,US-12 & US-75,Ortonville,MN,250,3.379,45.2934643,-96.4491339
6562,71145,CASEYS #3905,I-74/US-421 EXIT 113,Shelbyville,IN,372,3.599,39.5379826,-85.752953
6563,71146,CASEYS #2968,US-34,Eagle,NE,413,3.239,40.816629,-96.4304931
6564,71147,CASEYS #3910,US-177 & SR-33,Perkins,OK,560,3.016,35.9667611,-97.0337134
6565,71148,CASEYS #1892,US-65,Sheffield,IA,433,3.152,42.8873665,-93.2022928
6566,71149,KOUNTRY KORNER,SR-20,Mount Pleasant,MI,260,3.619,43.5915821,-84.7697128
6567,71150,LOVES TRAVEL STOP #812,"I-84, EXIT 141",Bliss,ID,785,3.786,30.207435,-91.824932
6568,71151,LOVES TRAVEL STOP #880,US-50 & SR-130,Olney,IL,510,3.289,38.7296538,-88.0846891
6576,71153,KWIK TRIP #1083,SR-35,Osceola,WI,451,3.499,45.3211518,-92.7054903
6577,71154,KWIK TRIP #489,CR-3,DUNDAS,MN,448,3.499,44.4294359,-93.2020856
6578,71155,KWIK TRIP #1124,"SR-16, EXIT 184",Sussex,WI,444,3.377,43.1339001,-88.2220372
6579,71158,CIRCLE K #2707533,"SR-570, EXIT 3 & SR-572",Lakeland,FL,225,3.532,28.0394654,-81.9498042
6580,71160,CIRCLE K #4706316,"I-96, EXIT 46  & SR-6, EXIT 15",Caledonia,MI,371,3.699,42.7891193,-85.5163391
6582,71161,CIRCLE K #2720931,"I-95, EXIT 107 & US-301",Kenly,NC,205,3.149,35.590064,-78.1403829
6583,71162,CIRCLE K #4705694,US-20 & CR-245,Norwalk,OH,305,3.614,41.2424219,-82.6155745
6584,71163,DANDY MINI MART #68,"I-86/SR-17, EXIT 51A & CR-64",Elmira,NY,32,3.899,42.0897965,-76.8077338
6585,71164,DANDY MINI MART #59,SR-287,Middlebury Center,PA,138,3.999,41.856757,-77.237245
6587,71166,MAVERIK COUNTRY STORE #616,US-50,Montrose,CO,810,3.396,38.4887032,-107.8292528
6588,71167,LOVES TRAVEL STOP #768,"I-55, EXIT 247",Channahon,IL,290,3.489,41.4294753,-88.2286735
6593,71168,LOVES TRAVEL STOP #797,"I-80, EXIT 176",Winnemucca,NV,966,3.744,40.9724295,-117.734802
6594,71169,LOVES TRAVEL STOP #879,"I-69 EXIT,286 & US-24 & SR-9",Huntington,IN,370,3.501,40.882353,-85.4964727
6595,71170,LOVES TRAVEL STOP #849,"I-94, EXIT 292 & CR-21",Valley City,ND,390,3.969,46.923313,-98.003155
6596,71171,TEXSTAR TRAVEL CENTER,I-35 EXIT 302,Temple,TX,765,2.912,31.0983747,-97.3429563
6597,71172,ZIPPY JS #18,CR-577 & CR-80,Brenham,TX,670,3.199,30.1668828,-96.3977442
6598,71173,ENMARKET #828,"I-95/SR-405, EXIT 102 & US-80",Pooler,GA,195,3.082,32.1158983,-81.2495131
6599,71176,QUIKTRIP #1710,US-23/SR-365,Gainesville,GA,16,3.346,34.2402502,-83.8398107
6600,71177,COMO TRAVEL CENTER,"I-55, EXIT 257 & SR-310",Como,MS,435,3.079,34.5112588,-89.9399403
6602,71181,7-ELEVEN #38637,"I-85, EXIT 72 & I-585/US-176",Spartanburg,SC,210,3.116,34.9498007,-81.9320157
6603,71185,SHEETZ #698,"I-78/US-22, EXIT 45 & SR-863",Kutztown,PA,90,3.329,40.5173165,-75.7774177
6604,71186,7-ELEVEN #36837,US-29 & SR-904,Anderson,SC,30,3.089,34.5068601,-82.6506264
6605,71187,KWIK TRIP #1041,SR-11 & CR-H,Sturtevant,WI,444,3.794,42.6980749,-87.8945229
6606,71188,QUIKTRIP #1722,"I-75, EXIT 153",Macon,GA,85,3.089,32.8406946,-83.6324022
6607,71189,QUIKTRIP #1198,"I-20, EXIT 55",Lexington,SC,135,3.129,33.9804494,-81.2374167
6608,71190,LOVES TRAVEL STOPS #888,"I-80/US-30, EXIT 85 & SR-374",Green River,WY,835,3.589,41.5290933,-109.466473
6610,71191,MAVERIK COUNTRY STORE #631,I-80/5600 WEST,Salt Lake City,UT,835,3.459,40.7539336,-112.0253161
6611,71193,ASAP GENERAL STORE #308,US-60 & SR-123,Bartlesville,OK,560,3.191,36.7509272,-95.9771779
6613,71195,ASAP GENERAL STORE #301,"I-40, EXIT 108 & US-281/SR-8",Geary,OK,483,3.132,,
6614,71196,ASAP GENERAL STORE #302,SR-33 & SR 54,Thomas,OK,483,3.132,35.7442157,-98.747584
6615,71197,ASAP GENERAL STORE #304,US-60/SR-51 & US-283,Arnett,OK,483,3.232,36.1352833,-99.7623715
6616,71198,LOVES TRAVEL STOP #844,"I-90, EXIT 233 & SR-74",Saint Charles,MN,515,3.569,43.9693607,-92.0659824
6617,71199,LOVES TRAVEL STOP #814,"I-22, EXIT 14 & CR-35",Hamilton,AL,576,3.556,34.1420861,-87.9890206
6618,71200,LOVES TRAVEL STOP #730,"I-80, EXIT 440 & SR-50",Omaha,NE,319,3.281,41.2587459,-95.9383758
6619,71201,PRIDE TRAVEL CENTER,I-91 EXIT 33,Hartford,CT,100,3.509,41.7661621,-72.6732726
6621,71206,JACKSONS FOOD STORES #138,US-95/SR-339 & SR-208,Yerington,NV,966,3.679,39.0090379,-119.1828111
6625,71208,RACEWAY #6789,US-301 & SR-150,Richmond                                ,VA,180,3.429,37.5385087,-77.43428
6626,71209,RACETRAC #2529,"I-75, EXIT 285 & SR-52",San Antonio,FL,225,3.316,28.3361142,-82.2745308
6627,71210,RACETRAC #2515,I-820 & BUS-287,Fort Worth,TX,630,2.877,32.753177,-97.3327459
6628,71211,KUM & GO #0138,US-67,Jacksonville,AR,695,3.099,34.8957822,-92.0940804
6629,71212,KUM & GO #0426,BUS-71,Springdale,AR,735,3.149,36.1867442,-94.1288142
6630,71213,KUM & GO #0429,US-62,Rogers,AR,735,3.009,36.354463,-94.178182
6631,71214,MAVERIK #5317,"I-76, EXIT 22",Brighton,CO,800,3.234,39.986228,-104.74266
6632,71215,MAVERIK #5319,SR-392 & SR-257,Windsor,CO,800,3.159,40.4774818,-104.901361
6633,71216,Maverik Country Store #5337,"I-35, EXIT 102 & SR-210",Huxley,IA,320,3.092,41.8946126,-93.6065898
6634,71217,KUM & GO #0185,US-65,Bondurant,IA,320,3.095,41.662948,-93.494339
6635,71218,KUM & GO #1435,US-65,Fair Grove,MO,535,3.156,37.3863061,-93.1586162
6637,71221,LOVES TRAVEL STOP #786,I-435 EXIT 55,Kansas City,MO,400,3.389,39.100105,-94.5781416
6638,71223,SCOOBA JUNCTION,US-45 & SR-16,Scooba                                  ,MS,705,3.216,32.8622557,-88.483317
6639,71227,TEX BEST #529,SR-16 & SR-1604,Von Ormy,TX,740,3.049,29.286868,-98.6482144
6640,71228,SHELL,"I-80, EXIT 279 & SR-10",Gibbon                                  ,NE,330,3.299,40.749069,-98.845653
6641,71229,THE PRIDE OF PALATINE,"I-90, EXIT 65 & SR-62",Palatine,IL,290,3.399,42.1105502,-88.0434304
6642,71230,THE PRIDE OF LAKE COUNTY,US-12 & SR-53,Lake Zurich,IL,290,3.349,42.1969689,-88.0934108
6643,71232,GATEWAY TRAVEL CENTER,US-16 & US-85,Newcastle,WY,822,3.324,43.8467661,-104.1748276
6645,71234,CHEVRON #352305,I-610 & SR-47,Chalmette,LA,725,3.139,29.9427892,-89.9629372
6646,71239,CASEYS #3926,"I-29, EXIT 84 & SR-118",Mound City,MO,400,3.157,40.1308408,-95.231781
6647,71240,LOVES TRAVEL STOP #764,I-24 EXIT 117 ,Hillsboro,TN,285,3.326,35.4123109,-85.9715393
6648,71241,WEIGLES #58,"I-40, Exit 356A & SR-58",Kingston                                ,TN,405,3.169,35.8713147,-84.5160916
6649,71242,LAST STOP TRAVEL CENTER,US-93,Willow Beach,AZ,910,3.496,35.893531,-114.610152
6650,71244,MAVERIK COUNTRY STORE #644,"I-84/I-15, EXIT 344 & SR-39",Ogden,UT,835,3.372,41.2230048,-111.9738429
6651,71245,MAVERIK COUNTRY STORE #651,"I-15, EXIT 67 & US-30",Pocatello,ID,825,3.402,,
6652,71246,TOOT N TOTUM #99,I-40 EXIT 75,Amarillo,TX,585,3.046,35.20729,-101.8371192
6653,71247,LOVES TRAVEL STOP #848,"I-59, Exit 104",Sandersville,MS,705,3.162,31.788037,-89.03361
6654,71248,RACETRAC #2560,"I-4, EXIT-55",Davenport,FL,140,3.289,28.1614046,-81.6017417
6655,71249,RACETRAC #2589,"I-20, EXIT 185",Oxford,AL,587,2.999,33.60511,-85.8308
6657,71251,RUTTERS #91,US-30 & SR-772,Gap,PA,208,4.199,39.119722,-120.583187
6658,71252,QUIKTRIP #1178,"I-26, EXIT 54 & SR-72",Clinton,SC,210,3.099,34.4726277,-81.8806562
6659,71253,QUIKTRIP #4066,"I-35, EXIT 122 & SR-173",Devine,TX,740,2.966,29.1399633,-98.905306
6660,71255,Fuel N Treat,"I-70/US-40, EXIT 84 & CR-J",Nelson                                  ,MO,401,3.284,38.9946924,-93.032498
6661,71256,SIGNAL FOOD STORE #120,US-60,Seymour                                 ,MO,535,3.026,37.1499538,-92.7537349
6662,71257,FARMERS UNION SOUTHERN VALLEY,US-75 & SR-210,Wahpeton                                ,ND,341,3.499,46.265879,-96.608863
6663,71259,LOVES TRAVEL STOP #846,I-10 EXIT 10,Irvington,AL,715,3.166,34.63981,-86.92917
6664,71260,LOVES TRAVEL STOP #881,US HWY 224 & OH 225,Diamond,OH,573,3.452,41.0989463,-81.022871
6665,71261,Una Travel Center,I-94 EXIT 228,Roseville,MI,325,3.899,42.4972583,-82.9371409
6667,71263,Loves Travel Stop # 660,"I-25, Exit 49",Walsenburg,CO,796,4.249,37.6235234,-104.780995
6668,71264,MAVERIK COUNTRY STORE #649,I-25/US-85 EXIT 220 & SR-500,Albuquerque,NM,580,3.206,35.1192964,-106.6242572
6669,71265,U SAVE FOOD STORES 1,SR-39/SR-55,Richwood,WV,44,3.599,,
6670,71266,LOVES TRAVEL STOP #787,"I-81, EXIT 30 & SR-70 ",Mosheim,TN,405,3.556,36.1895439,-82.9584902
6671,71267,LOVES TRAVEL STOP #878,"US-131/SR-43, EXIT 44",Kalamazoo,MI,431,3.649,42.373422,-85.655494
6674,71268,MAVERIK COUNTRY STORE #650,SR 85 & W 900 S,West Jordan,UT,835,3.432,40.6061337,-111.9395211
6675,71269,Maverik Country Store #652,I-84 & SR 79,Jerome,ID,787,3.394,42.6513743,-114.4706737
6676,71270,QUIKTRIP #7904,I-20 EXIT 285 ,Abilene,TX,575,2.876,32.44645,-99.7475905
6677,71271,MAVERIK COUNTRY STORE #672,SR-69,Dewey                                   ,AZ,930,3.219,34.503037,-112.243449
6678,71275,ALLSUPS CONVENIENCE STORE #2272,US-67/US-84,Bangs,TX,575,2.932,31.7188524,-99.1140292
6679,71276,Circle K #2706617,I-4 EXIT 28,Lakeland,FL,225,3.251,28.0394654,-81.9498042
6680,71277,CIRCLE K #2706619,I-75 EXIT 354,Ocala,FL,140,3.457,29.1871986,-82.1400923
6682,71281,Pride (One9 Fuel Network) #1213,"I-40, Exit 25",Yucca,AZ,910,3.559,34.8726671,-114.149858
6684,71282,QuikTrip #4128,SR-71,Bastrop,TX,595,2.966,30.111203,-97.35662
6685,71283,QUIKTRIP #7135,US-17 ,Hardeeville,SC,195,2.999,32.22945,-81.074533
6686,71284,Loves Travel Stop #889,"I-22, Exit 30",Holly Springs,MS,435,3.316,34.76801,-89.4478784
6687,71285,Shrees Truck Stop Seattle,SR-509,Seattle,WA,962,3.799,47.48895,-122.325915
6688,71286,RACETRAC #2323,I-75 EXIT 128,Fort Myers,FL,225,3.299,26.640628,-81.8723084
6690,71288,SHEETZ #700,"I-270, EXIT 49 & SR-317",Groveport,OH,315,3.059,39.8727238,-82.8852212
6691,71289,7-ELEVEN #38835,I-75 EXIT 139,Fort Myers,FL,225,3.599,26.640628,-81.8723084
6692,71290,LOVES TRAVEL STOP #808,"US-19/SR-3, EXIT 3 & US-82",Albany,GA,10,3.789,31.5782062,-84.1556809
6693,71291,HUCKS FOOD & FUEL #351 DBA ONE9 #1286,"I-57, Exit 116",Salem                                   ,IL,574,3.239,38.62616,-88.97228
6698,71298,QUIKTRIP #1923,"I-45, EXIT 229",Corsicana,TX,641,2.849,32.0938236,-96.464675
6699,71299,QUIKTRIP #7903,"I-35, EXIT 331",Waco,TX,765,2.956,31.5491899,-97.1474628
6702,71301,Atlanta IL Visitors Center,I-55 EXIT 140,Atlanta,IL,280,3.399,40.2596504,-89.2332466
6703,71302,KWIK STAR #1107,I-380 EXIT 18 ,Cedar Rapids,IA,380,3.574,41.9758872,-91.6704053
6704,71303,KWIK TRIP #1132,SR-21 ,Omro,WI,582,3.377,44.0394988,-88.7442754
6705,71305,AMIGO'S COUNTRY STORE,"I-35, EXIT 122 & SR-173",Devine,TX,740,3.099,29.1399633,-98.905306
6706,71307,Speedway #1221,"I-24/69, EXIT 27 & US-62",Calvert City,KY,415,3.449,37.004768,-88.381639
6707,71308,QUIKTRIP #7145,"I-40, EXIT 239A",Lebanon,TN,460,2.916,36.2079779,-86.2910945
6708,71309,SUGAR CROSSING CONVENIENCE,US-33 & CR-63,Lancaster,OH,315,3.382,39.7136754,-82.5993294
6709,71310,CIRCLE K #2722120,US-441/27,Summerfield,FL,140,3.526,29.0239684,-82.0189148
6711,71313,LOVES TRAVEL STOP  #821,"US-70, Exit W Main St",Durant,OK,253,3.489,34.051554,-96.345184
6712,71314,Loves Travel Stop  #806,I-20 Exit 124,Monroe,LA,760,3.167,32.5025471,-92.116219
6713,71315,KWIK TRIP #1062,SR-33 ,West Bend                               ,WI,444,3.556,43.4252776,-88.1834277
6714,71316,KWIK TRIP #1084,SR-97,Marshfield,WI,395,3.476,44.6662287,-90.1740313
6715,71318,LOVES TRAVEL STOP  #800,SR-83 ,Elk Grove Village,IL,290,3.449,42.0035588,-88.0037711
6721,71319,LOVES TRAVEL STOP #868,"I-95, EXIT 223 ",Mims,FL,143,3.689,28.6652727,-80.8447766
6722,71320,TA EXPRESS EDGERTON #284,I-35 EXIT 205 ,Edgerton,KS,400,3.699,38.7647302,-95.0080224
6723,71321,Kwik Star #1119,US-18 ,Emmetsburg                              ,IA,433,3.449,43.1108076,-94.6781897
6724,71322,KWIK TRIP #1101,US-141,Crivitz,WI,582,3.304,45.2292986,-87.9966235
6726,71324,7-ELEVEN #38992,"I-85/US-29, EXIT 40 & I-185, EXIT 12",Piedmont,SC,30,3.499,34.7023389,-82.4645714
6727,71325,QUIKTRIP #7223,"I-20, EXIT 23 & SR-782-2",Bossier City,LA,745,2.892,32.515887,-93.7336536
6728,71326,CIRCLE K #4705730,"I-480 & SR-82, EXIT 36",Twinsburg,OH,249,3.989,41.3170489,-81.4577677
6729,71327,MAVERIK COUNTRY STORE #668,"I-80, EXIT 313",Laramie,WY,795,3.246,41.27768,-104.689648
6730,71328,IRVING,US-1  ,Norwood,MA,170,3.694,42.226222,-71.180678
6731,71329,SPEEDWAY #1439,I-20 Exit 100,Mc Calla,AL,615,2.902,32.677212,-97.114502
6732,71330,JORDAN MINI MART,SR- 31 & CR-59,Jordan,NY,220,3.799,43.0653441,-76.4729927
6734,71331,KWIK TRIP #1106,SR-13 & SR-64,Medford,WI,395,3.422,45.1391437,-90.3460806
6735,71332,ALLSUPS CONVENIENCE STORE #2308,SR-128 & SR-18,Jal,NM,710,3.129,32.112125,-103.1934615
6737,71334,ALLSUPS CONVENIENCE STORE #2278,SR-302 & SR-18,Kermit,TX,710,3.089,31.8578999,-103.0932149
6738,71335,ALLSUPS CONVENIENCE STORE #2367,"I-27/US-87, EXIT 49B & US-70",Plainview,TX,585,2.909,34.1847936,-101.706841
6739,71336,ALLSUPS CONVENIENCE STORE #2180,US-84 & US-180,Snyder,TX,612,2.986,32.7339903,-100.9081337
6740,71337,ALLSUPS CONVENIENCE STORE #2229,US-377 & SR-108,Stephenville,TX,630,3.159,32.2201387,-98.2045388
6741,71338,KWIK TRIP #755,US-18 ,Fennimore                               ,WI,335,3.424,42.9750642,-90.6309163
6742,71339,CASEYS #3934,"I-35, EXIT 89 & CO-R6F",Ankeny,IA,320,3.099,41.7320796,-93.605092
6743,71340,KWIK TRIP #180,US-14/SR-68,New Ulm,MN,425,3.349,44.3262456,-94.5009623
6744,71341,QUIKTRIP #7147,"I-40, EXIT 172 & SR-46",Dickson,TN,460,2.916,36.0766534,-87.3870096
6745,71342,CASEYS #3505,US-212 ,Stewart                                 ,MN,425,3.369,44.720364,-94.4888583
6746,71343,ALLSUPS CONVENIENCE STORE #2014,US-377/US-67,Dublin,TX,630,3.159,32.1429663,-98.3007216
6747,71344,ALLSUPS CONVENIENCE STORE #2061,US-84 & US-380,Post,TX,700,2.944,31.030974,-98.326329
6749,71346,ALLSUPS CONVENIENCE STORE #2094,US-277 & US-83,Abilene,TX,575,2.889,32.441234,-99.787168
6750,71347,ALLSUPS CONVENIENCE STORE #2128,"I-20, EXIT 301 & CR-276",Clyde,TX,575,2.889,32.4059605,-99.4936912
6751,71348,ALLSUPS CONVENIENCE STORE #2142,US-62/US-180,Hobbs,NM,593,3.382,32.7268901,-103.0614014
6752,71349,ALLSUPS CONVENIENCE STORE #2204,SR-115 & CR-201,Wink,TX,710,3.089,31.7534049,-103.15583
6753,71350,ALLSUPS CONVENIENCE STORE #2206,US-385 & SR-176,Andrews,TX,710,3.392,32.3187158,-102.545715
6754,71351,ALLSUPS CONVENIENCE STORE #2207,US-377/US-67 & SR-36,Comanche,TX,575,3.159,31.8981182,-98.5842662
6755,71352,ALLSUPS CONVENIENCE STORE #2223,US-285 & SR-357,Artesia,NM,700,3.399,32.8423345,-104.4032963
6756,71353,ALLSUPS CONVENIENCE STORE #2246,US-84 & SR-268,Melrose,NM,585,3.812,34.428325,-103.6271328
6757,71354,ALLSUPS CONVENIENCE STORE #2247,US-377 & SR-16,Comanche,TX,575,3.162,31.8975584,-98.6040074
6759,71356,ALLSUPS CONVENIENCE STORE #2266,I-20 & US-285 ,Pecos,TX,710,3.379,31.3980416,-103.5126309
6760,71357,ALLSUPS CONVENIENCE STORE #2279,SR-115 & SR-18,Kermit,TX,710,3.089,31.8578999,-103.0932149
6761,71358,ALLSUPS CONVENIENCE STORE #2285,US-285 & US-62,Carlsbad,NM,593,3.194,32.44138,-104.25834
6762,71359,ALLSUPS CONVENIENCE STORE #2350,"I-20, EXIT 285 & US-83",Abilene,TX,575,2.876,32.44645,-99.7475905
6763,71360,ALLSUPS CONVENIENCE STORE #2353,US-76/US-277,San Angelo,TX,612,3.196,31.4910048,-100.37864
6764,71361,ALLSUPS CONVENIENCE STORE #2358,US-277/US-87,Wall,TX,612,3.206,31.369705,-100.3043744
6765,71362,ALLSUPS CONVENIENCE STORE #2359,US-377/US-67 & CR-498,Stephenville,TX,630,3.159,32.1997468,-98.2501831
6766,71363,ALLSUPS CONVENIENCE STORE #2360,FM-988 & FM-8,Stephenville,TX,630,3.159,32.2201387,-98.2045388
6767,71364,QUICK FUEL #3188,I-75 ,Sidney,OH,317,3.332,40.2769603,-84.1834691
6768,71365,COLES BP,SR 49,Brownsville,WI,582,3.099,43.6163809,-88.4906592
6769,71366,AMOCO,SR 31,Kenosha,WI,444,3.719,42.5846773,-87.8212263
6770,71367,ROAD RANGER #280,"I-20, EXIT 79 & SR-464",Monahans,TX,710,3.459,31.5890519,-102.8861902
6772,71369,MR GAS TRAVEL CENTER #21,I-84 EXIT 59A,Boise,ID,785,3.696,43.59386,-116.282122
6774,71371,BREAK TIME #3167,US-65 & HWY-HH,Sedalia,MO,310,3.294,38.7237486,-93.2413495
6775,71372,Simonson Station,US-71 & SR-34,Park Rapids,MN,458,3.599,46.8994377,-95.0604011
6776,71376,7-ELEVEN #41127,SR-29,Labelle,FL,95,3.559,26.710008,-81.455987
6777,71377,7-ELEVEN #38485,I-76 Exit 25,Brighton,CO,800,3.599,39.983721,-104.8110775
6778,71378,QUIKTRIP #1410,"I-10, EXIT 136B & SR-202, EXIT 78A",Phoenix,AZ,930,3.369,33.4484367,-112.074141
6779,71379,QUIKTRIP #7211,"I-30/US-67/US-70, EXIT 128 ",Little Rock,AR,695,3.049,34.7465071,-92.2896267
6780,71381,KWIK TRIP #1112,US-63 & SR-77,Hayward,WI,295,3.639,46.0149665,-91.4815409
6782,71383,Caseys #3940,I-69 & SR 4,Ashley,IN,465,3.597,41.5095567,-85.0551101
6783,71384,CASEYS #3944,I-29 & CR-106,Tea,SD,530,3.199,43.4464732,-96.8312489
6784,71385,CASEYS #3907,I-675 & SR-235,Fairborn,OH,411,3.679,39.8208998,-84.0193858
6785,71386,CASEYS #3952,SR-1 & SR-9,Hoopeston,IL,368,3.249,40.4672587,-87.6683573
6789,71387,CASEYS #3954,"I-80, Exit 168",Newton,IA,320,3.249,41.6997139,-93.0538852
6790,71388,CASEYS #3850,US HWY 77 ,Wahoo,NE,319,3.174,41.1934383,-96.6336483
6791,71389,SPEEDWAY #1590,"I-95, EXIT 193",Dillon,SC,205,3.126,34.4165391,-79.3713948
6792,71390,SPEEDWAY #7269,I-270 EXIT 6B,Granite City,IL,540,3.519,38.7014389,-90.1487199
6795,71391,QUIKTRIP #7210,I-40 EXIT 142,North Little Rock,AR,695,3.049,34.769536,-92.2670941
6798,71393,CASEYS #3303,HWY 15 AND HWY 55,Kimball,MN,451,3.199,45.3124811,-94.300266
6799,71394,QUIKTRIP #955,"I-35W, EXIT 26A & US-67",Alvarado,TX,630,2.976,32.4095565,-97.2102881
6800,71395,KWIK TRIP #340,US-18 & SR-23,Dodgeville,WI,420,3.489,42.9693987,-90.1132884
6801,71397,RACEWAY #6971,US-82/SR-520,Leesburg,GA,10,3.109,31.6161761,-84.1996691
6802,71398,KWIK STAR #1089,SR 415,Polk City,IA,320,3.159,41.7712593,-93.7137441
6803,71399,Loves Travel Stop  #809,"I-70 & MO Hwy D, Exit 31",Bates City,MO,400,3.221,39.0063101,-94.07234
6804,71401,KWIK TRIP #1169,"I-694, EXIT 52B & SR-36",Saint Paul,MN,448,3.516,44.9497487,-93.0931028
6805,71402,FIREBIRD FUEL #6196,US-60 & SR-303,Surprise,AZ,930,3.383,33.629247,-112.3681428
6806,71404,Flyers #3200,"I-17, Exit 215B",Phoenix,AZ,930,3.352,33.4484367,-112.074141
6807,71405,FLYERS #3201,"US-60, Exit 157",Phoenix,AZ,930,3.369,33.60503,-112.070892
6809,71407,FLYERS #3204,SR 202,Phoenix,AZ,930,3.352,33.4484367,-112.074141
6810,71408,Flyers #3205,"I-17, Exit 195B",Phoenix,AZ,930,3.382,33.4484367,-112.074141
6811,71410,Flyers #3213,"US-60, Exit 181",Mesa,AZ,930,3.352,33.4151005,-111.831455
6812,71411,Flyers #3214,"I-10, Exit 161C",Chandler,AZ,930,3.352,33.310045,-111.861363
6813,71412,FLYERS #3215,SR 87,Chandler,AZ,930,3.352,33.3062031,-111.841185
6814,71413,Flyers #3216,"US 60, Exit 194",Apache Junction,AZ,930,3.422,33.4150485,-111.549577
6815,71416,FLYERS #3225,"I-10, Exit 255",Tucson,AZ,980,3.359,32.2228765,-110.974847
6816,71417,Flyers #3227,"I-10, Exit 263A",Tucson,AZ,980,3.356,30.207435,-91.824932
6817,71418,Quick Fuel #3228,"I-10, Exit 264",Tucson,AZ,980,3.362,32.2228765,-110.974847
6819,71428,KWIK TRIP #1140,SR-69/SR-92 & HWY-CC,Belleville,WI,420,3.604,42.8596864,-89.5346023
6820,71429,QUIKTRIP #1432,SR 202 EXIT 76,Phoenix,AZ,930,3.369,33.4484367,-112.074141
6821,71430,QUIKTRIP #7144, US-31W,Goodlettsville,TN,460,2.916,36.342647,-86.718784
6822,71433,Kwik Star #1146,US HWY 151,Cedar Rapids,IA,380,3.624,41.9266807,-91.6514663
6823,71434,KWIK STAR #1154,"SR 18 & SR 60, Exit 34",Sheldon,IA,433,3.199,43.1801338,-95.8525185
6824,71435,QUIKTRIP #1036,I-85 Exit 40,Charlotte,NC,46,3.304,35.2272086,-80.8430827
6825,71436,GOOD 2 GO #213,I-90 EXIT 58 & US-16,Buffalo,WY,836,3.525,44.350647,-106.706606
6826,71437,GOOD 2 GO #121,I-15 EXIT 113,Idaho Falls,ID,825,3.479,43.436592,-112.123899
6828,71439,LOVES TRAVEL STOP #802,I-10 EXIT 26,Milton,FL,20,3.339,30.6324149,-87.0396881
6829,71440,MAVERIK COUNTRY STORE #667,"I-90, EXIT 289 & SR-27",Spokane,WA,970,3.989,47.6571934,-117.42351
6833,71441,MAVERIK COUNTRY STORE #678,US-191,Vernal,UT,835,3.442,40.4556825,-109.528474
6834,71442,RACETRAC #2597,"I-65, EXIT 91 & US-31W",Elizabethtown,KY,415,2.919,37.69329,-85.858449
6835,71443,LOVES TRAVEL STOP #810,US-33 & SR-540,Bellefontaine,OH,411,3.352,40.3646852,-83.7440619
6836,71444,One9 #1318,"I-44, Exit 88",Strafford,MO,416,2.986,37.2683803,-93.1171264
6837,71445,SPEEDWAY #1051,I-90 & I-94 Exit 69,Mauston,WI,420,3.299,43.7968543,-90.0756767
6838,71446,SPEEDWAY #4221,I-80 Exit 292,Davenport,IA,320,3.749,41.5224692,-90.5756401
6840,71449,MAVERIK COUNTRY STORE #628,I-15 & CR-215,Las Vegas                               ,NV,910,3.356,36.0757,-115.24259
6841,71450,MAVERIK COUNTRY STORE #664,I-25 EXIT 203 ,Los Lunas,NM,580,3.202,34.8142093,-106.7613067
6842,71452,ALLSUPS CONVENIENCE STORE #2016,SR-214 & SR-114,Morton,TX,700,3.399,33.725154,-102.759394
6843,71453,ALLSUPS CONVENIENCE STORE #2025,US-285,Roswell,NM,593,3.286,33.331665,-104.517791
6844,71454,ALLSUPS CONVENIENCE STORE #2036,SR-18,Hobbs,NM,593,3.399,32.7027017,-103.1355302
6845,71455,ALLSUPS CONVENIENCE STORE #2043,US-62,Idalou,TX,700,2.966,33.662271,-101.684114
6846,71456,ALLSUPS CONVENIENCE STORE #2058,"I-40, Exit 332 & SR-209",Tucumcari,NM,585,3.355,35.1719425,-103.72504
6847,71457,ALLSUPS CONVENIENCE STORE #2075,US-70 & SR-6,Crowell,TX,770,3.199,33.9866799,-99.7518972
6848,71458,ALLSUPS CONVENIENCE STORE #2082,SR-70,Spur,TX,700,3.199,33.4764767,-100.855685
6849,71460,ALLSUPS CONVENIENCE STORE #2101,SR-136,Fritch,TX,585,3.149,35.624651,-101.546001
6850,71461,ALLSUPS CONVENIENCE STORE #2111,US-87 & ,Texline,TX,585,2.966,31.030974,-98.326329
6851,71462,ALLSUPS CONVENIENCE STORE #2138,CR-61,Hobbs,NM,593,3.382,32.7027017,-103.1355302
6853,71464,ALLSUPS CONVENIENCE STORE #2153,US-277,Haskell,TX,575,3.539,33.1771599,-99.7264791
6855,71466,ALLSUPS CONVENIENCE STORE #2185,US-380 & 9TH ST,Aspermont,TX,575,3.366,33.1345923,-100.2274897
6856,71467,ALLSUPS CONVENIENCE STORE #2192,SR-86 & SR-207,Silverton,TX,585,3.159,34.4713299,-101.304654
6857,71468,ALLSUPS CONVENIENCE STORE #2212,SR-6,Stamford,TX,575,3.129,32.944882,-99.802453
6858,71469,ALLSUPS CONVENIENCE STORE #2227,SR-114 ,Morton,TX,700,3.399,33.7264159,-102.7601389
6860,71471,ALLSUPS CONVENIENCE STORE #2269,SR-524 & CR-658 ,Carlsbad,NM,593,3.249,32.4257456,-104.237612
6861,71472,ALLSUPS CONVENIENCE STORE #2276,HWY 84 & CR-466,Hermleigh,TX,612,2.972,32.6305773,-100.7818115
6862,71473,ALLSUPS CONVENIENCE STORE #2378,US-BUS 287 & SR-25,Electra,TX,770,2.999,34.0283688,-98.9170153
6863,71474,PILOT #1292,US-290 & SR-21,Paige,TX,765,3.499,30.2089032,-97.0948346
6864,71476,KWIK TRIP #493,US HWY 12,Whitewater,WI,420,3.499,42.85091,-88.785187
6865,71477,KWIK TRIP #1141,SR 54,Luxemburg,WI,582,3.482,44.545519,-87.716677
6866,71478,RACEWAY #6970,SR-1 & Coker Rd,Rome,GA,193,3.199,34.2663169,-85.2382758
6867,71479,RACETRAC #118,I-575 & SR-15,Jasper                                  ,GA,193,3.309,34.4678687,-84.4290918
6868,71480,Loves Travel Stop #836,US-87,Dalhart,TX,585,3.436,36.102508,-102.5770689
6869,71481,Loves Travel Stop #843,"I-29, Exit 187",Drayton,ND,341,3.566,48.5711277,-97.1780148
6870,71482,LOVES TRAVEL STOP #789,"I-15, Exit 277",Great Falls,MT,815,3.772,47.5048851,-111.29189
6872,71485,Circle K #2709088,US-521 & SR-9,Lancaster,SC,46,3.299,34.7358363,-80.7769297
6873,71486,HUCKS FOOD & FUEL #338,US-50/US-150 & US-41 BUS,Vincennes                               ,IN,510,3.959,38.6888496,-87.4912931
6875,71487,LOVES TRAVEL STOP #835,"I-15, EXIT 163 & SR-99",Fillmore,UT,835,3.685,38.9688118,-112.323587
6877,71488,LOVES TRAVEL STOP #816,"I-90, EXIT 284",Kimball,SD,506,3.571,43.73804,-98.95824
6878,71490,LOVES TRAVEL STOP #818,"I-20, EXIT 205 & SR-46",Heflin,AL,615,3.207,33.6489948,-85.5874584
6879,71491,SPEEDWAY #1520,"I-55, EXIT 58 & SR-80",Matthews,MO,460,3.189,36.7592218,-89.5867458
6880,71492,LOVES TRAVEL STOP #839,"I-64, EXIT 92",Leavenworth,IN,415,3.949,38.1997869,-86.3441439
6881,71493,NEW TRAVEL PLAZA,I-20 EXIT 86,Ruston,LA,590,3.066,32.540382,-92.6279991
6882,71494,SPEEDWAY/7FLEET #7008,"I-90, EXIT 48A & SR-77",Corfu,NY,190,3.889,42.9600595,-78.4055767
6883,71495,SPEEDWAY #1212,"I-65, EXIT 99 & US-31",Greenwood,IN,375,3.597,39.598073,-86.103214
6885,71498,KWIK TRIP #1143,US HWY 45,Antigo,WI,395,3.507,45.1404664,-89.1524959
6886,71499,KWIK TRIP #1130,US HWY 151/18,Mount Horeb,WI,420,3.589,43.0086183,-89.7384557
6887,71500,KWIK TRIP #1114,SR-35,Holmen,WI,515,3.331,43.9632211,-91.2563658
6888,71502,ROAD RANGER #281,I-20 EXIT 332,Cisco,TX,575,3.141,32.3881293,-98.9793386
6889,71503,LOVES TRAVEL STOP #093,US-80 & US-400/US-50,Garden City                             ,KS,525,3.729,37.975949,-100.838555
6890,71504,MAVERIK COUNTRY STORE #378,"I-84/I-15, EXIT 346 & SR-126",Ogden                                   ,UT,835,3.379,41.2230048,-111.9738429
6891,71505,KWIK TRIP #1029,I-43 & SR-20,East Troy,WI,444,3.174,42.7845865,-88.3888305
6892,71506,KWIK STAR #1165,SR-60  ,Sibley,IA,433,3.224,43.3989852,-95.7520256
6893,71509,MAPLEFIELDS IRVING,I-91 & US-2,Saint Johnsbury,VT,39,3.599,44.4494214,-72.0236819
6894,71510,RACETRAC #2601,"I-64, Exit 58",Frankfort,KY,410,2.919,38.197418,-84.876947
6895,71511,RACETRAC #2592,US HWY 29,Athens,GA,16,3.312,33.995077,-83.3373602
6897,71514,LOVES TRAVEL STOP #817,SR-136,Santa Teresa,NM,640,3.262,31.8588727,-106.646571
6898,71515,LOVES TRAVEL STOP #824,"I-64 & SR-37, Exit 80",Mount Vernon,IL,574,3.589,38.27366,-88.90284
6902,71516,LOVES TRAVEL STOP #833,"I-90, EXIT 61 & US-20",Ripley,NY,38,3.879,42.267002,-79.710602
6903,71517,7-ELEVEN #41905,I-85 & CR-2120,Salisbury,NC,46,3.749,35.6532649,-80.4663658
6904,71518,SPEEDWAY/7Fleet #9305,SR-18 & SR-1,Forrest City,AR,460,3.174,35.0081474,-90.7898342
6905,71519,SPEEDWAY #1506,US-231 & SR-271,Montgomery,AL,720,3.042,32.3777111,-86.3090775
6906,71520,KWIK TRIP #1104,SR-35/65 & SR-29,River Falls,WI,451,3.406,44.8596498,-92.6255048
6907,71521,KWIK TRIP #1065,US-12 & SR-89,Whitewater,WI,420,3.424,42.8339562,-88.7306517
6909,71523,QUIKTRIP #7170,I-59 EXIT 77,Cottondale,AL,615,2.916,33.1895629,-87.4516703
6910,71524,Loves Travel Stop #813,"I-77, Exit 112",North Canton,OH,249,3.627,40.875891,-81.4023356
6911,71525,LOVES TRAVEL STOP #796,"I-40, EXIT 432B & U-25W/US-411/US-70",Newport,TN,405,3.689,35.9670412,-83.1876578
6912,71526,LOVES TRAVEL STOP #820,"I-90, EXIT 41 & SR-414",Waterloo,NY,190,4.149,35.011806,-77.571517
6913,71527,D & C FUEL EAST,US-6/SR-92,Tunkhannock,PA,200,3.699,41.5545426,-75.8981131
6914,71528,GOOD 2 GO #218,I-90 EXIT 25 & US-14,Sheridan,WY,836,3.442,44.797194,-106.956179
6915,71529,Kwik Trip #1161,US-BUS 53,Eau Claire                              ,WI,295,3.407,44.811349,-91.4984941
6916,71531,BERT'S TRAVEL PLAZA,SR-33,Wellsville,KS,400,3.316,38.694879,-95.075072
6918,71535,GOLDEN GATE BATTLE MOUNTAIN,"I-80, EXIT 233",Battle Mountain,NV,966,3.339,40.6414251,-116.9338287
6919,71536,PILOT TRAVEL CENTERS  #1106,"I-25/US-85, EXIT 215 & SR-47",Albuquerque,NM,580,3.566,35.0841034,-106.650985
6920,71542,CIRCLE K #2706625,US-85,Eaton,CO,795,3.399,40.5135451,-104.7060423
6921,71543,THE SOCO GROUP #4,SR-111,El Centro,CA,900,4.839,32.792,-115.563051
6922,71555,Kwik Trip #307,SR-35/US-18,Prairie Du Chien,WI,335,3.599,43.0481052,-91.1557337
6923,71556,KWIK TRIP #1167,"HWY 29, EXIT 108",Thorp                                   ,WI,295,3.452,44.9610863,-90.8003205
6924,71557,MUSKOGEE TRAVEL PLAZA,US-69,Muskogee,OK,560,3.016,35.642348,-95.454332
6925,71558,ALLSUPS #2384,US-60,Friona,TX,585,2.994,34.6550349,-102.6650881
6926,71559,ALLSUPS CONVENIENCE STORE #2228,US-83 & CR-613,Tuscola,TX,575,2.917,32.2079942,-99.7961319
6929,71562,PILOT #1317,I-90 EXIT 28,Fultonville,NY,12,3.999,42.9478324,-74.3701925
6930,71563,Kwik Star #1081,SR-9 ,Decorah,IA,515,3.579,43.3041609,-91.7859098
6931,71564,GRAB N GO,SR-200 & SR-22,Killdeer,ND,273,3.549,47.3719437,-102.7539105
6933,71566,Mankato Travel Center,US HWY 14 & SR 22,Mankato,MN,425,3.499,44.1915078,-94.0143481
6934,71567,PRIDE CONVENIENCE STORE,"I-91, EXIT 40 & SR-20",East Granby,CT,100,3.649,41.9418011,-72.7275015
6935,71568,QUIKTRIP #294,I-35 ,Gardner,KS,485,2.999,38.7930888,-94.9110932
6936,71570,STEELE 66 TRUCK PLAZA,Hwy O & CR-425,Steele,MO,418,3.399,36.0839594,-89.8292512
6937,71571,RACETRAC #2587,I-75 & US-98,Brooksville                             ,FL,140,3.299,28.5142664,-82.2394002
6938,71572,7-ELEVEN #41525,US-460 & SR-630,Disputanta,VA,180,2.999,37.1243164,-77.2258062
6939,71573,RACETRAC #2588,I-4 & US-301,Tampa,FL,225,3.299,27.9710089,-82.3974659
6940,71574,RACETRAC #2594,US-441 ,Dublin,GA,85,2.999,32.585762,-82.941421
6941,71575,Racetrac #2308,SR-161,Irving,TX,630,2.936,32.8295183,-96.9442177
6943,71577,TOOT N TOTUM #130,US-87 & Dorsey Rd,Clayton,NM,585,3.199,36.4382707,-103.1697391
6944,71578,RACETRAC #2595,I-65 EXIT 284,Alabaster,AL,615,2.999,33.246702,-86.813699
6945,71579,KWIK TRIP #1138,SR 28,Sheboygan,WI,444,3.242,43.749744,-87.743957
6946,71580,MAVERIK COUNTRY STORE #676,"I-15/I-84, EXIT 376 & SR-13",Tremonton,UT,835,3.444,41.7120775,-112.165779
6947,71582,LOVES TRAVEL STOP #847,US-601 & SR-207,Pageland,SC,46,3.386,34.7719578,-80.3914661
6948,71583,CIRCLE K #2706993,SR 27 N,Lake Wales,FL,225,3.799,27.9014133,-81.5859099
6949,71586,ALLTOWN FRESH,US-9 & SR-23,Livingston,NY,12,3.699,42.1798293,-73.7593969
6951,71590,TA SPRINGER,I-25 EXIT 419,Springer                                ,NM,580,3.529,36.365967,-104.593368
6953,71594,BP,US-20 & SR13,Middlebury,IN,465,3.799,41.6612131,-85.7174219
6954,71595,Hucks Market #100,US-36,Hannibal                                ,MO,494,3.132,39.7082498,-91.3587413
6955,71596,ALLSUPS #2379,US-70/US-380,Tinnie,NM,700,3.359,33.3857664,-105.2692074
6956,71597,Allsups #2380,US-84,Sudan,TX,700,3.199,34.0677963,-102.5247438
6957,71598,Allsups #2381,SR-199,Azle,TX,630,2.919,32.918254,-97.596147
6958,71600,TA EXPRESS #290,"I-45, EXIT 198 & FM-27",Fairfield,TX,765,3.439,41.3492795,-73.3593374
6959,71601,Circle K #2723479,"I-40, EXIT 306B & US-70",Garner,NC,205,3.369,35.7112642,-78.6141709
6960,71602,SHELL,"HWY-401, EXIT 10 & CR-11",Oldcastle,ON,620,4.453,39.071559,-94.249732
6966,71603,FLYERS #3223,US-70/191,Safford,AZ,980,3.862,32.834162006880085,-109.70536284980484
6967,71604,MAVERIK COUNTRY STORE #669,"I-80, Exit 113 & SR-172",Salt Lake City,UT,835,3.446,40.7596198,-111.886797
6968,71605,Allsups Convenience Store #2377,US-70 & US-54,Alamogordo,NM,640,3.062,32.863653,-105.969145
6969,71606,Allsups #2396,HWY 62 82 179,Wolfforth,TX,700,2.916,33.5038181,-102.006201
6970,71607,Loves Travel Stop #827,"I-90, Exit 174",Moses Lake,WA,970,3.889,47.1301417,-119.278077
6972,71609,QUIKTRIP #73,"US-75, US 62",Henryetta,OK,560,3.026,35.440398,-95.970572
6973,71610,FRIENDLY GUS #25,US-80 & SR-338,Dudley                                  ,GA,85,3.832,32.5423872,-83.0704273
6974,71612,RACEWAY #6898,"I-95, EXIT 373 & HWY A1A",Yulee                                   ,FL,75,3.271,30.6320594,-81.6012807
6975,71614,7-ELEVEN #41808,"I-85, EXIT 106 & US-29",Blacksburg,SC,210,3.359,35.1212409,-81.5159246
6976,71615,HUTCHS #128,US-62 & US-281/SR-8,Anadarko,OK,483,2.999,35.0789235,-98.2436867
6977,71616,ALLSUPS CONVENIENCE STORE #2382,"I-20, EXIT 366 & US-281 ",Mineral Wells,TX,630,2.946,32.8336658,-98.1080819
6978,71617,CIRCLE K #2709087,US-98/US-19,Chiefland,FL,75,3.582,29.508854,-82.8744564
6979,71618,Loves Travel Stop #837,"I-35, Exit 52",Cameron,MO,400,3.689,39.7412703,-94.2384482
6981,71621,TOOT N TOTUM #127,"I-27, Exit 49B",Plainview,TX,585,2.896,34.1847936,-101.706841
6982,71622,Circle K #2706628,SR-193 & SR-163 ,Theodore,AL,715,3.392,30.5476941,-88.1752796
6983,71623,Circle K #2706637,US-43,Grove Hill,AL,715,3.719,31.7206435,-87.778147
6984,71624,MAVERIK COUNTRY STORE #681,"I-80, Exit 410",West Wendover,NV,835,3.386,40.7409656,-114.0751726
6985,71625,MAVERIK COUNTRY STORE #679,US-160/285 & SR-17,Alamosa,CO,803,3.349,37.4682005,-105.8678353
6986,71627,QUIKTRIP #1730,I-75 EXIT 185,Forsyth,GA,85,3.089,33.0319,-83.9231
6987,71628,QUIKTRIP #7171,I-65 EXIT 231,Calera,AL,615,2.999,33.14545,-86.74871
6988,71629,KWIK TRIP #1139,SR-95 & SR-65,Cambridge,MN,451,3.399,45.5727408,-93.2243921
6989,71630,CIRCLE K #2701524,"US-52, Exit 134 & SR-268",Pilot Mountain,NC,65,3.429,36.3851349,-80.4671211
6991,71632,Loves Travel Stop #819,SR-21 & SR-275,Rincon,GA,195,3.331,32.2960289,-81.2353905
6992,71634,76,"US HWY 278, US HWY 45",Tupelo,MS,742,3.149,34.2681437,-88.695612
6993,71635,Racetrac #2610,US-231,Murfreesboro,TN,460,3.049,35.851186,-86.398214
6994,71636,RACETRAC #2580,US-41 & SR-268,Murfreesboro,TN,460,3.032,35.8460396,-86.3921096
6995,71637,HORSESHOE #4,SR-114,Smyer,TX,700,2.959,33.5842563,-102.163229
6996,71638,QUIKTRIP #4032,"I-35, EXIT 176",Schertz,TX,740,2.916,29.5641617,-98.2695702
6997,71639,PAR MAR FOOD STORE #13,"I-77, EXIT 1 & SR-7",Hannibal                                ,OH,430,3.899,39.6675391,-80.8721268
6998,71640,RACETRAC #2544,SR-81 & SR-316,Bethlehem,GA,16,3.312,33.9328842,-83.7129958
6999,71641,76,I-17,Phoenix,AZ,930,3.232,33.906474,-112.143976
7001,71643,Pilot #1319,I-35 Exit 30,Alvarado                                ,TX,630,3.206,32.4095565,-97.2102881
7002,71644,CHISUM TRAVEL CENTER #38,I-20 EXIT 210,Colorado City,TX,612,2.926,32.3930337,-100.86351
7003,71646,SPEEDWAY #6542,"I-10, Exit 192",Midway,FL,155,3.599,30.427643,-87.001087
7004,71647,QUIKTRIP #667,I-44 Exit 189,Rolla,MO,392,2.982,37.9509324,-91.7708076
7006,71649,Allsups Convenience Store #2385,US-183 & US-180,Breckenridge,TX,575,3.307,32.7554791,-98.9026798
7007,71650,ALLSUPS CONVENIENCE STORE #2405,SR-208 & SR-158,Robert Lee,TX,612,3.266,31.8952852,-100.483126
7008,71651,QUIKTRIP #4151,"I-35, Exit 220",Buda,TX,595,2.916,30.082475,-97.8417144
7009,71652,CIRCLE K #4705575,SR-261,Akron,OH,249,3.769,41.118219,-81.415481
7010,71653,MAVERIK COUNTRY STORE #701,US-160,Durango,CO,614,3.299,37.267806,-107.884787
7011,71654,LOVES TRAVEL STOP  #851,"I-39/US-51, EXIT 111 & SR-72",Monroe Center,IL,520,3.749,42.0983583,-89.000655
7013,71656,CASEYS #3268,US-59 & SR-119,Appleton,MN,522,3.446,45.196906,-96.019767
7014,71657,CASEYS #2855,US HWY 63,Cabool,MO,535,3.259,37.1296998,-92.0898668
7015,71659,Loves Travel Stop #646,"I-84, Exit 71",Willington,CT,100,4.359,41.8757947,-72.2642761
7016,71661,Loves Travel Stop #822,"I-40,  Exit 57 & S Crawford St",Clarksville,AR,695,3.392,35.4713108,-93.4664819
7017,71662,PUMP & PANTRY #33,SR-22/39,Genoa,NE,330,3.289,41.4486334,-97.7307364
7018,71663,Allsups #2388,I-27 & SR-217,Canyon,TX,585,2.901,31.030974,-98.326329
7019,71664,RUTTERS #95,SR-9,Martinsburg,WV,22,3.999,39.4562528,-77.9639604
7020,71666,Circle K#2746513,SR-13/SIOUX TRL,Savage,MN,448,3.799,44.8796026,-93.3962215
7021,71667,7-Eleven #38986,"I-75, EXIT 301 & US-98",Brooksville,FL,225,3.399,28.5552719,-82.3878709
7022,71668,7-ELEVEN #41572,I-77 & US-70,Statesville,NC,46,2.859,35.7340525,-80.858824
7023,71672,7-ELEVEN #41573,US-67,Glen Rose,TX,765,3.589,32.2298991,-97.7767336
7024,71673,7-ELEVEN #41792,"I-85, EXIT 27",Anderson,SC,30,2.959,34.510773,-82.647178
7025,71674,Kwik Trip #1177,SR-65,Cambridge,MN,451,3.424,45.614341,-93.203793
7027,71679,TOOT N TOTUM #22,FM 1541 & FM 1151,Amarillo,TX,585,2.967,35.143602,-101.848813
7028,71680,Alexs Shelby Truck Stop,US HWY 278 & SR 32,Shelby,MS,655,3.199,33.9509439,-90.7678781
7029,71681,WASPYS TRUCK STOP,US-71,Audubon,IA,319,3.316,41.804391,-94.937195
7030,71682,Gas N Wash,"SR 83, SR 50, I-294",Alsip,IL,365,3.399,41.6689336,-87.7387003
7033,71683,GAS N WASH,US HWY 6,Joliet,IL,365,3.799,41.53213,-88.059243
7034,71685,ON THE ROAD 110,US-59,Diboll,TX,618,3.199,31.1871319,-94.7810412
7035,71686,Allsups #2391,I-20 Exit 269,Merkel,TX,575,2.876,32.468588,-100.014347
7037,71688,KWIK TRIP #1151,"I-90, EXIT 183 & CR-BT",Beloit,WI,420,3.374,42.5083272,-89.031784
7038,71689,KWIK TRIP #1108,"I-41/US-45, EXIT 52 & SR-164",Colgate,WI,444,3.247,43.1928301,-88.2067737
7039,71691,ALLSUPS #2399,US-287 & SR-207,Claude,TX,585,2.929,35.1081103,-101.362741
7040,71692,GXP #200,"I-85/SR-403, EXIT 140 & SR-82",Jefferson,GA,16,3.239,34.1170537,-83.5723876
7041,71694,J&H Family Store,"I-96, Exit 19",Coopersville,MI,456,3.599,43.05306,-85.90694
7043,71695,KWIK TRIP #1126,US-14/US-61,La Crosse,WI,444,3.384,43.8131948,-91.2655574
7044,71696,SUPER SAVE #10,I-220 EXIT 1A,Shreveport,LA,745,3.199,32.5135356,-93.7477839
7045,71697,LOVES TRAVEL STOP #829,I-80 EXIT 81,Brookville,PA,14,4.019,41.1604348,-79.0794702
7047,71699,KWIK TRIP #597,"I-94, EXIT 344 & SR-31",Kenosha,WI,444,3.744,42.5846773,-87.8212263
7048,71700,ARCO,US-19/US-98/US-27Alt & CR-30A,Perry                                   ,FL,75,3.699,30.1174351,-83.5818147
7049,71701,CIRCLE K #2746510,SR 32,De Pere,WI,360,3.349,44.4493584,-88.0599986
7050,71702,SHOP AND SAVE,US-220 & CR-734,Ridgeway                                ,VA,65,3.909,36.5768047,-79.8583721
7051,71704,QUIKTRIP #962,"I-30, Exit 61A",Garland,TX,630,2.897,32.912624,-96.6388833
7052,71705,STRIPES #41980,"I-37, EXIT 11A",Corpus Christi,TX,625,3.199,27.7635302,-97.4033191
7053,71706,QUIKTRIP #1176,I-77Exit 2,West Columbia,SC,135,3.309,33.991869,-81.0640341
7054,71707,QUARLES #4437,US HWY 30,Lancaster,PA,208,3.999,40.0559212,-76.2696736
7055,71708,QUARLES #4936,I-95 Exit 69,Richmond,VA,180,3.699,37.5385087,-77.43428
7056,71709,MAPCO EXPRESS #7553,SR 153 EXIT 2,Chattanooga,TN,285,2.994,35.0457219,-85.3094883
7057,71710,KWIK STAR #1180,SR-141,Perry,IA,320,3.061,41.8386547,-94.1066411
7059,71713,Pilot #1383,"I-555, Exit 39",Jonesboro,AR,435,3.489,35.8348088,-90.7045297
7061,71714,RACETRAC #2576,SR-997 & SR-994,Miami,FL,95,3.287,25.7741566,-80.1935973
7062,71715,Allsups Convenience Store #2401,US-87,San Angelo,TX,612,3.196,31.5163614,-100.4808813
7063,71716,Allsups #2404,US-62,Carlsbad,NM,593,3.194,32.44138,-104.25834
7064,71717,Kwik Trip #1199,US-14 ,Darien                                  ,WI,345,3.199,42.609605,-88.725314
7065,71718,KWIK STAR #1158,US-30,Ames,IA,320,3.174,42.0046508,-93.6158762
7066,71719,LOVES TRAVEL STOP #832,"I-35, EXIT 129 ",Forest Lake,MN,515,3.362,45.279106,-92.9851629
7067,71721,HUCKS FOOD & FUEL #314,US-50/150,Washington,IN,510,3.462,38.6559943,-87.1180859
7068,71722,MAVERIK #5392,FM-16,Keenesburg,CO,800,3.154,40.1081705,-104.519701
7069,71723,ALLSUPS CONVENIENCE #2398,SR-70,Pampa,TX,585,3.079,35.580617,-100.957421
7070,71724,ALLSUPS CONVENIENCE #2403,US-180,Mineral Wells,TX,630,3.006,32.803621,-98.1454147
7072,71726,Kwik Trip #1152,US HWY 169,Saint Peter,MN,425,3.724,44.3151765,-93.9648638
7073,71735,Loves Travel Stop #811,US-395,Pasco,WA,925,4.589,46.251035,-119.1286
7075,71736,Racetrac #2312,US-41/SR-92,Acworth,GA,18,3.209,33.8704831,-84.4560378
7076,71737,RACETRAC #2605,"I-295, EXIT 25",Jacksonville,FL,75,3.249,30.3262247,-81.6579179
7077,71738,KWIK TRIP #1196,"US-151, EXIT 21 ",Platteville                             ,WI,335,3.514,42.7342942,-90.4784451
7078,71739,TA EXPRESS #418,"I-16/SR-404, EXIT 116 & US-301/25",Register,GA,135,3.286,32.3671237,-81.8840039
7079,71740,SPRINT FOODS #735,US-78/US-1 & SR-19,Aiken,SC,135,3.172,33.551257,-81.6913415
7080,71741,SPRINT FOOD STORE #733,"I-20, EXIT 183 & US-221",Harlem,GA,135,3.599,33.4145834,-82.3126237
7081,71769, DUCK THRU FOOD STORE #60,US HWY 64,Spring Hope,NC,205,3.469,35.918272,-78.159632
7083,71771,BREAK TIME #3170,SR-13 & HWY-T,Bolivar,MO,535,3.374,37.6136916,-93.4107968
7085,71773,KWIK STAR #710,US-30 EXIT-202,Toledo,IA,565,3.399,41.9823988,-92.5743007
7086,71774,CASEYS #4292,1020 5TH ST ,Carrollton                              ,IL,574,3.289,39.29067341370613,-90.40696753829617
7089,71775,Caseys #3950,US-270 & US-54,Liberal,KS,525,3.319,37.0430812,-100.920999
7090,71776,QUIKTRIP #7172,"I-85/US-29, EXIT 58 & SR-169",Opelika,AL,50,2.999,32.6454116,-85.3782795
7091,71779,TCI PHOENIX,"I-10, EXIT 138 & US-202, EXIT 76 ",Phoenix,AZ,930,2.922,33.4484367,-112.074141
7092,71784,7-ELEVEN #41750,I-4 & SR-33,Lakeland,FL,225,3.289,28.0394654,-81.9498042
7093,71785,7-ELEVEN #41266,I-81 & SR-924,Hazleton,PA,200,3.839,40.9548956,-75.9769572
7094,71786,SHEETZ #751,I-76 EXIT 91,Donegal,PA,165,3.259,40.112573,-79.3825351
7095,71787,PUMP & PANTRY #55,US-159 & US-73,Falls City,NE,486,3.239,40.0608106,-95.6018932
7097,71793,QUARLES #4602,"SR-267, EXIT 8B & SR-606",Sterling,VA,60,3.659,39.0017455,-77.4033349
7098,71794,KWIK TRIP #1174,US-51 & US-2,Ironwood,MI,334,3.479,46.4762282,-90.1083532
7103,71795,CIRCLE  K #2654290,I-85 EXIT 13,Lagrange,GA,50,3.899,33.039291,-85.0313269
7104,71797,KWIK STAR #1186,"I-80/US-6, EXIT 142 & US-65",Altoona,IA,320,3.199,41.6437308,-93.4696031
7105,71798,Space Age #202,"I-5, EXIT 52 ",Castle Rock,WA,935,3.659,46.2739907,-122.904918
7106,71800,Stuckeys Travel Plaza,"I-44, EXIT 179",Newburg                                 ,MO,535,2.972,37.9142075,-91.9026607
7107,71801,Love's Travel Stop #869,US HWY 75,Le Mars,IA,527,3.456,42.7553692,-96.2096734
7108,71802,ALLSUPS #2407,I-10 EXIT 259,Fort Stockton,TX,710,3.029,30.891901,-102.883662
7109,71803,KENT KWIK #321,I-20 EXIT 143,Midland,TX,710,2.941,31.9973662,-102.077948
7110,71804,GAS N WASH,I-88 EXIT 114,Montgomery,IL,290,3.599,41.728961,-88.3420744
7111,71805,RACETRAC #2583,I-24E,La Vergne,TN,460,2.899,35.9877862,-86.5846717
7112,71806,RACETRAC #2600,SR-70,Okeechobee,FL,140,3.299,27.2437021,-80.8159193
7113,71807,KWIK TRIP #1270,SR-172,Green Bay,WI,582,3.291,44.5126379,-88.0125794
7114,71808,WEIGELS #100,SR 153,Chattanooga,TN,405,3.016,35.1190382,-85.2356642
7116,71812,KWIK TRIP #1198,I-43 & Hwy AA,Oostburg,WI,444,3.242,43.6230566,-87.7703215
7117,71813,Kweik Star #1156,SR-150 & SR-3,Oelwein,IA,565,3.582,42.6778743,-91.9145143
7118,71814,TEX-BEST #531,US-90,Uvalde,TX,740,2.874,29.2000418,-99.8279537
7119,71815,MAVERIK COUNTRY STORE #688,I-15 EXIT 339,Ogden,UT,835,3.386,41.2230048,-111.9738429
7120,71816,MAVERIK COUNTRY STORE #694,I-15 EXIT 222,Nephi,UT,835,3.406,39.7102336,-111.836321
7121,71817,KWIK TRIP #1128,US-12,Altoona,WI,295,3.332,44.795709,-91.448459
7122,71818,TA EXPRESS RIVERTON #433,I-72 EXIT 108,Riverton,IL,318,3.469,39.8442164,-89.5395417
7125,71822,DK,SR 176,Lenorah,TX,612,3.532,32.30456,-101.8762483
7126,71823,MARKER 126,US HWY 20,Duncombe,IA,343,3.059,42.4492849,-93.9734388
7128,71826,KWIK TRIP #1183,US-2,Bessemer                                ,MI,334,3.159,46.4830097,-90.0106439
7133,71827,KWIK TRIP #1188,US-12,Cokato,MN,451,3.474,45.0710897,-94.1723288
7134,71828,KWIK TRIP #1209,SR-42,Sturgeon Bay,WI,582,3.582,44.8341639,-87.377042
7135,71829,KWIK TRIP #1043,US-53/SR-194,Duluth,MN,334,3.499,46.7678146,-92.1264721
7138,71831,Loves Travel Stop #865,"I-35, Exit 186",Perry,OK,483,3.389,36.2907352,-97.288396
7139,71832,SHEETZ #753,SR 3,Seville,OH,249,3.082,41.010077,-81.8622222
7140,71833,Circle K #2706636,US HWY 43,Jackson,AL,715,3.899,31.5267315,-87.9042684
7141,71835,CUZZS TRAVEL DEPOT,US 43 N,Thomasville,AL,715,3.599,31.9105569,-87.7415322
7142,71836,DUCK THRU FOOD STORE #59,US 13 EXIT 119,Greenville,NC,205,3.499,35.613224,-77.3724593
7143,71837,RUTTERS #86,"US-15, EXIT 17 & SR-26",Frederick,MD,70,3.899,39.415779,-77.4127562
7144,71838,RUTTERS #24,SR-74 & SR-2069,Brogue                                  ,PA,70,4.099,39.8723546,-76.4846387
7145,71839,RUTTERS #92,US-222 & SR-737,Kutztown,PA,90,3.699,40.5173165,-75.7774177
7146,71840,NEON MARKETPLACE,"SR-79, EXIT 10",Fall River,MA,175,3.949,41.677812,-71.110912
7147,71841,Quick Fuel #3193,US-69,Kansas City,KS,400,3.346,39.097362,-94.650519
7148,71844,HD EXPRESS MART,US 20,Clyde,OH,550,3.379,41.303246,-82.975269
7149,71845,ALLSUPS #2424,US 180,Millsap,TX,630,2.984,32.7481864,-98.0092093
7150,71848,CLIFTON SUPER STOP,"I-16, EXIT 104",Metter                                  ,GA,195,3.249,32.397118,-82.0601196
7151,71849,TOOT N TOTUM #128,I-40 EXIT 57,Amarillo,TX,585,3.089,35.20729,-101.8371192
7153,71851,PWI #164,I-35/US-77 & FM-3115,Abbott,TX,765,2.892,31.8998262,-97.0902276
7154,71852,KWIK TRIP #1164,US-63,Spooner,WI,295,3.599,45.8520231,-91.8594325
7155,71853,Landmark Travel Center,I-20 EXIT 301,Clyde,TX,575,2.901,32.4059605,-99.4936912
7156,71854,EXXON DBA Pilot #1289,US 75 EXIT 72,Denison,TX,630,3.239,33.7556593,-96.536658
7157,71855,BYRNE DAIRY #136,I-90 Exit 37,Liverpool,NY,220,3.659,43.106456,-76.217705
7158,71856,GO TIME #7,"I-75, EXIT 29",Corbin,KY,410,2.999,36.9486986,-84.0968761
7159,71857,QUIKTRIP #1196,"I-20, EXIT 11 & SR-144",Graniteville,SC,135,3.159,33.5637483,-81.8078887
7160,71858,QUIKTRIP #7224,"I-20, EXIT 112",West Monroe,LA,719,2.892,32.5184775,-92.1476353
7161,71859,ALLSUPS #2415,SR 6,Meridian,TX,765,2.966,31.9339048,-97.6973497
7162,71860,PILOT #1347,"I-59, EXIT 5A",Pearl River                             ,LA,725,3.164,30.37686,-89.74062
7163,71862,Loves Travel Stop #863,I-90 & SR-528,Madison,OH,305,3.849,41.7712388,-81.0498131
7164,71864,MPC #30,"I-44, Exit 195",Saint James,MO,540,2.986,37.9970626,-91.6139952
7165,71865,RACETRAC #574,"I-30, EXIT 68",Rockwall,TX,630,2.924,32.9491659,-96.4680997
7167,71867,HOLIDAY STATIONSTORE #2653855,US-12,Aberdeen,SD,530,3.107,45.4594358,-98.519082
7169,71869,PORT FUEL CENTER,"I-516, EXIT 7B & SR-21",Port Wentworth,GA,195,3.182,32.149092,-81.1631681
7170,71870,Circle K #2706479,US-280,Sylacauga,AL,615,3.799,33.1351647,-86.2477588
7171,71871,KWIK TRIP #1133,US-10 & SR-85,Durand,WI,295,3.431,44.6325835,-91.9600637
7173,71873,KWIK TRIP #1182,"I-35E, EXIT 123B",Hugo,MN,448,3.377,45.1598509,-92.9932865
7174,71874,Rutters #85,I-76 & US-30,Bedford,PA,14,4.099,40.0186921,-78.5039069
7175,71875,LOVES TRAVEL STOP #615,US-59 & US-79,Carthage,TX,618,3.102,32.1609264,-94.370393
7176,71876,LOVES TRAVEL STOP #861,"I-75, EXIT 72 & SR-72",Loudon,TN,285,3.587,35.61901,-84.274209
7177,71877,LOVES TRAVEL STOP #859,"I-80, EXIT 116 & US-6",Morris,IL,290,3.789,41.3574135,-88.4215234
7178,71878,LOVES TRAVEL STOP #872,SR-78 & CR-27,Lancaster,OH,315,3.276,39.7136754,-82.5993294
7179,71879,Gas N Wash Schoolhouse,FM-74,New Lenox,IL,399,3.699,41.5119761,-87.9656098
7180,71883,QUIKTRIP #4178,SR-130,Hutto,TX,595,2.916,30.587865,-97.551149
7181,71886,QUIKTRIP #7136,US-17,Brunswick,GA,195,3.074,31.141511,-81.584475
7183,71888,KJS ALPINE,US HWY 26,Alpine,WY,825,3.799,43.1793784,-111.0246075
7184,71889,Payson Cardlock,SR 260 & SR 87,Payson,AZ,930,3.709,34.2406479,-111.323026
7185,71890,Carter Flagstaff Cardlock (Bulk Plant),I-40 Exit 198,Flagstaff,AZ,930,3.689,35.1987522,-111.651822
7186,71892,Tropic Fleet Bradenton Cardlock,US 301,Bradenton,FL,225,3.499,27.4772493,-82.5498967
7187,71893,Tropic Fleet Rechtien Cardlock,SR-934,Miami,FL,95,3.471,25.7741566,-80.1935973
7188,71894,Majors 663 Nacogdoches Truck Plaza,US-259 & US-59,Nacogdoches,TX,618,3.029,31.718759,-94.6777283
7189,71897,ONE9 XPRESS FUEL #1349,I-10 EXIT 140B,Van Horn,TX,640,3.459,31.0429718,-104.831628
7190,71898,Loves Travel Stop #867,I-55 Exit 165,Normal,IL,280,3.389,40.5092961,-88.9843937
7192,71899,LOVES TRAVEL STOP #882,US-61/SR-92 ,Muscatine,IA,270,3.439,41.4563115,-91.0238681
7193,71902,MURPHY EXPRESS #8928,FM-1472,Laredo,TX,693,2.846,27.7131115,-99.7307603
7194,71903,ALLSUPS #2412,SR 199 W,Springtown,TX,630,2.919,32.965599,-97.698722
7195,71904,SHEETZ #745,I-90 EXIT 212,Madison,OH,305,3.082,41.7712388,-81.0498131
7197,71909,RACETRAC #2604,I-75 Exit 126,Mcdonough,GA,67,3.199,33.4473361,-84.1468616
7198,71910,KWIK TRIP #793,"I-35, EXIT 59",Faribault,MN,448,3.424,44.2949637,-93.268827
7199,71911,MAVERIK COUNTRY STORE #706,SR-10,Castle Dale,UT,835,3.439,39.2105194,-111.0233931
7200,71912,FUEL CITY WYLIE,SR-78,Wylie,TX,630,2.966,32.968814,-96.607203
7201,71913,Circle K #4702456,I-69,Martinsville,IN,375,3.599,39.4278253,-86.428328
7202,71914,HUCKS FOOD & Fuel #309,I-169 Exit 8,Hopkinsville,KY,490,3.474,36.8087964,-87.4895278
7203,71916,Spinx 317,US-17 ALT,Moncks Corner,SC,42,3.312,33.202592,-79.989617
7204,71919,THE SPORTSMAN 2 TRAVEL PLAZA,I-35 EXIT 480,Sanger,TX,630,2.976,33.3631706,-97.1739028
7205,71922,Plaza of The Flint Hills,I-70 Exit 32B,Alma,KS,553,3.299,39.016666,-96.289162
7206,71923,SHEETZ #740,US-23  & SR-752,Ashville,OH,315,3.102,39.7235911,-82.9683903
7208,71925,QUIKTRIP #7140,"I-24, EXIT 175 & US-41",Chattanooga,TN,285,2.916,35.0457219,-85.3094883
7209,71926,QUIKTRIP #186,SR-150,Grandview,MO,400,3.199,38.858286,-94.525642
7210,71927,Allsups Convenience #2420,US 283,Altus,OK,770,2.979,34.6213018,-99.3341177
7211,71929,STUCKEYS TRAVEL CENTER,I-10 & FM-365,Beaumont,TX,610,2.824,30.0829344,-94.0984277
7212,71931,QUIKTRIP #7071,I-75 & SR-133/401,Valdosta,GA,10,3.032,30.8327022,-83.2784851
7213,71932,MCCLURE OIL #60,US 35,Logansport,IN,370,3.799,40.729275,-86.303556
7214,71933,RHODES CONVENIENCE STORES,US-62,Sikeston                                ,MO,275,3.351,36.896408,-89.5203606
7215,71934,SHEETZ #759,I-71 & SR-734,Jeffersonville,OH,315,3.066,39.6501942,-83.5193595
7216,71935,SPEEDWAY #1695,I-87 EXIT 23,Albany,NY,12,3.849,42.6511674,-73.754968
7217,71936,QUIKTRIP #7907,I-44 EXIT 1D,Wichita Falls,TX,770,2.859,33.9004572,-98.5020777
7218,71937,KWIK TRIP #1173,CR-10,Waconia,MN,451,3.607,44.839188,-93.798006
7220,71942,BYRNE DAIRY #135,I-81 & SR-481,Liverpool,NY,220,4.199,43.106456,-76.217705
7221,71943,DK #11823,I-20 & FM-1768,Midland,TX,612,2.982,31.9973662,-102.077948
7222,71944,DK #13903,SR-108,Texarkana,AR,635,3.041,33.4254259,-94.0430937
7223,71945,DK #13904,I-40 EXIT 233 & SR-261,Palestine,AR,695,3.016,34.9719871,-90.9035586
7224,71946,Allsups #102450,US-87,Eden                                    ,TX,739,3.179,31.2164773,-99.8652716
7225,71947,PETRO USA,I-76 EXIT 2 & SR-3,Seville                                 ,OH,305,3.079,41.010077,-81.8622222
7227,71949,24 STORE SHELBY,SR-61,Shelby,OH,249,3.499,40.879576,-82.658229
7228,71950,77/36 DUCHESS,I-77 & US-36,Newcomerstown,OH,542,3.299,40.2819906,-81.5784283
7229,71951,7-ELEVEN #39448,I-81 & SR-682,Mount Crawford,VA,185,3.316,38.3564677,-78.9418566
7230,71953,ALEX'S TRUCK STOP,US-61,Tunica,MS,435,3.299,34.6945362,-90.375728
7231,71957,B&M Quickstop,SR-8,Mineral Point                           ,MO,540,3.699,37.9447722,-90.7242964
7232,71958,BELL STORES,I-77 & CR-80,Dover,OH,249,3.399,40.5205525,-81.4900701
7233,71960,BELL STORES #1159,US-30 & CR-144,Wooster,OH,249,3.659,40.7980976,-81.9397733
7234,71961,BELL STORES #54,US-250 & SR-241,Mount Eaton,OH,249,3.499,40.6938976,-81.6989451
7235,71962,BELLSTORES,SR-598,Galion,OH,315,3.499,40.733795,-82.7896471
7236,71965,CIRCLE K #2709989,US-167 & CR-405,Sheridan,AR,695,3.599,34.3100971,-92.4013484
7237,71966,BLACK DIAMOND TRAVEL CENTER,I-26 & SR-173,Unicoi,TN,405,3.402,36.2065542,-82.3523429
7238,71967,BLOC STOP TRAVEL CENTER,US-19 & SR-133,ALBANY,GA,10,3.799,31.5782062,-84.1556809
7240,71969,BORDERVIEW GROCERY,US-11 & CR-19,Champlain,NY,39,3.799,44.9754068,-73.4869826
7242,71971,BOUND BROOK BP,I-287 Exit 13B & SR-28,Bound Brook                             ,NJ,202,3.249,40.5684363,-74.5384889
7243,71972,BOWMAN,I-81 Exit 1,Williamsport,MD,22,3.832,39.5993627,-77.8215298
7244,71973,SHEETZ #703,I-40 & US-70,Garner,NC,177,2.859,35.709466,-78.6206954
7245,71975,BP,I-81 & SR-177,Christiansburg,VA,185,3.799,37.1298517,-80.4089389
7247,71977,BP,SR-47,Sugar Grove                             ,IL,296,3.599,41.811454,-88.461786
7248,71978,BP,I-29 & US-34,Pacific Junction,IA,319,3.399,41.0611209,-95.8212313
7249,71979,KENT KWIK #219,SR-338,Odessa,TX,710,3.007,31.875924,-102.310319
7250,71980,KENT KWIK #433,US-87,San Angelo,TX,739,3.132,31.5163614,-100.4808813
7251,71981,SHEETZ #488,US-13 & US-264,Greenville                              ,NC,205,2.899,35.6599505,-77.3683545
7252,71982,MAVERIK COUNTRY STORE #665,SR-201,Magna,UT,835,3.399,40.720265,-112.149597
7253,71983,MAVERIK COUNTRY STORE #702,I-80 Exit 59,Sidney,NE,475,3.112,41.1448682,-102.9767382
7254,71984,BP,I-43 & SR-11,Elkhorn,WI,420,3.149,42.6667744,-88.5293759
7255,71985,Brew #12,US-20 & SR-31,Correctionville,IA,527,3.559,42.4749887,-95.785565
7257,71990,Allsups #2418,US-84,Snyder,TX,612,2.972,32.7339903,-100.9081337
7258,71991,TA Express Fairview #943,US 36,Fairview,KS,570,3.299,39.8411612,-95.7076222
7259,71992,7-ELEVEN #41263,US-13,Bridgeville,DE,243,3.399,38.722847,-75.590603
7260,71994,7-ELEVEN #42058,SR-572,Lakeland,FL,225,3.482,27.9964185,-81.9991953
7261,71995,Chevron,"I-40, EXIT 218 & US-285",Clines Corners                          ,NM,593,3.416,35.015164,-105.669501
7262,71996,BP,"I-43, EXIT 164 & CR-Z",Maribel,WI,360,3.249,44.276383,-87.8073129
7263,71997,7-ELEVEN #41287,SR-29,Immokalee,FL,64,3.679,26.42992,-81.449444
7264,71999,7-ELEVEN #41813,"I-85, EXIT 60",Duncan,SC,46,3.099,34.9378962,-82.1451096
7265,72000,7-ELEVEN #41309,US-41,Nokomis,FL,225,3.379,27.0879062,-82.4301988
7266,72001,7-Eleven #41963,"I-65, EXIT 98",Goodlettsville,TN,460,3.049,36.3231067,-86.7133302
7267,72003,7-ELEVEN #42012,"I-77, EXIT 24 & US-21",Blythewood,SC,210,3.109,34.2143159,-80.973977
7268,72004,7-ELEVEN #41578,US-13,Seaford,DE,243,3.359,38.6564816,-75.5943272
7270,72008,CASHS #4469,US-278 & US-63,Warren,AR,635,3.499,33.5879885,-92.0741869
7271,72009,CEFCO #1059,SR-274,Kemp,TX,641,2.909,32.4347,-96.218819
7272,72011,CEFCO #107,US 190,Lampasas,TX,595,2.899,31.0663569,-98.1831699
7273,72012,CEFCO #108,US-77,Waco,TX,765,2.992,31.5325869,-97.1257573
7274,72013,CEFCO #1081,US-59,Queen City,TX,723,3.024,33.1426082,-94.1606195
7275,72014,CEFCO #1086,US-259,Longview,TX,766,2.959,32.56912,-94.734582
7276,72015,CEFCO #1096,US-82,Paris,TX,723,2.966,33.663848,-95.510659
7277,72016,Cefco #11,US-84,Waco,TX,765,2.996,31.5142209,-97.1857833
7279,72018,CEFCO #2071,US-377 & FM-381,Early,TX,739,2.926,31.742096,-98.9456052
7280,72019,CEFCO #2081,US-84,Post,TX,700,2.942,31.030974,-98.326329
7281,72020,CEFCO #2082,SR-206 & SR-36,Cross Plains,TX,575,3.159,32.1262459,-99.1654444
7282,72021,CEFCO #30,US-77 & SR-320,Lott,TX,765,3.011,31.2061063,-97.0326706
7283,72022,CEFCO #65,US-84 & FM-116,Gatesville,TX,765,2.966,31.3632373,-97.8394326
7284,72024,CENEX,US-2 ,Stanley                                 ,ND,452,3.582,48.3095492,-102.4223826
7286,72026,CENEX,"I-94, EXIT 84 & SR-8",Richardton,ND,273,3.509,46.8838957,-102.3157292
7287,72028,CENEX,US-52 & SR-15,Fessenden                               ,ND,390,3.531,47.6474243,-99.6388255
7288,72029,CENEX,SR-40,Tioga                                   ,ND,452,3.576,48.397244,-102.938238
7289,72030,CENEX,I-90 & SR-51,Gillette                                ,WY,822,3.489,44.2948447,-105.5527149
7290,72031,CENEX HARWOOD,"I-29/US-81, EXIT 72",Harwood,ND,341,3.359,46.979412,-96.880638
7291,72033,CHARLIE BS,SR-246,Greenwood                               ,SC,30,2.987,34.201199,-82.030563
7292,72034,CHARLIES MARKET,SR-172,Salt Lake City,UT,835,3.459,40.7596198,-111.886797
7293,72038,CHEVRON,I-55 & SR-570,McComb                                  ,MS,759,3.282,31.2435782,-90.4535887
7294,72039,CHEVRON,SR-20 & SR-65,Hosford,FL,145,3.299,30.3939225,-84.793024
7295,72041,CHEVRON,SR-20 & SR-71,Blountstown                             ,FL,145,3.299,30.452295,-85.0547921
7296,72044,Maverik Country Store #709,I-40 Exit 163,Williams,AZ,930,3.219,35.2508504,-112.187294
7297,72045,MAVERIK COUNTRY STORE #710,US-6,Helper,UT,835,3.446,39.6798263,-110.8612248
7300,72054,CHEVRON,US-45,Guntown,MS,742,3.299,34.4423405,-88.6757259
7301,72060,CHEVRON FOOD MART #20,US-45 & SR-16,Scooba,MS,705,3.199,32.8622557,-88.483317
7302,72063,CIRCLE K #2655785,US-301,Upper Marlboro,MD,60,3.999,38.8240462,-76.734659
7303,72066,CIRCLE K #2741094,SR-46 ,Seguin,TX,740,2.959,29.608366,-98.013355
7304,72067,CIRCLE K #2741822,US-90 & FM-471,Castroville,TX,740,2.912,29.3565001,-98.8788844
7305,72071,7-Eleven #42182,Ashley Phosphate Rd & Cross Country Rd,North Charleston,SC,42,3.459,32.8546197,-79.9748103
7306,72072,PARKERS #92,SR 17,Guyton,GA,195,2.999,32.3363045,-81.3914992
7307,72073,CIRCLE K #2723791,I-85 & SR-54,Graham,NC,65,3.609,36.0690258,-79.4005756
7308,72074,CIRCLE K #2741566,US-84 & FM-2837,Woodway                                 ,TX,765,2.999,31.5059105,-97.2050856
7310,72077,COLDWATER TRAVEL CENTER,I-55 & SR-306,Coldwater,MS,435,3.099,34.691259,-89.975736
7311,72078,STRIPES #42150,"I-69C, Exit 9 & US-281",Edinburg,TX,598,3.006,26.4016353,-98.141024
7312,72080,Corner Store,US-180/62,Seminole,TX,710,3.129,32.72509,-102.67159
7313,72081,STRIPES #2146,US-181 & SR-361,Ingleside                               ,TX,625,3.299,27.876615,-97.2098831
7314,72082,COUNTRYMARK,SR-124,Bluffton                                ,IN,370,3.766,40.7425929,-85.2129418
7316,72084,DANDY MINI MART #60,US-6 & SR-14,Troy,PA,31,3.999,41.7861639,-76.7873891
7317,72086,DELT EXPRESS,SR-52,SAMSON,AL,127,3.699,31.1108931,-86.0476302
7318,72087,DELTA,US-9,Jersey City                             ,NJ,115,3.239,40.739527,-74.07092
7319,72089,CASEYS #4567,SR-55,Columbia,KY,410,3.159,37.1028271,-85.3060432
7320,72090,DOMINO #128,US-81 & SR-66,El Reno,OK,483,3.199,35.4905645,-97.9372987
7321,72091,DUCK THRU FOOD STORE #54,US-64,Columbia,NC,470,3.523,35.9187219,-76.2378255
7324,72097,EXPRESSWAY SERVICE STATION,US-287 & SR-25,Electra,TX,770,2.999,34.0413291,-98.9031177
7325,72100,Exxon,"I-22/US-78, Exit 10 &  SR-178",Byhalia                                 ,MS,435,3.199,34.8723179,-89.6906396
7326,72101,EXXON,US-24,Redford                                 ,MI,325,3.699,42.39475,-83.29554
7327,72104,LOVES TRAVEL STOP #170,I-44 EXIT 166 & SR-18,CHANDLER,OK,483,3.087,35.7032002,-96.880011
7328,72105,LOVES TRAVEL STOP #171,SR-375 & SR-31,McAlester,OK,560,3.437,34.9334981,-95.7697934
7329,72106,Loves Country Store #118,US-77 & SR-29,Wynnewood,OK,569,2.989,34.6418996,-97.1764898
7330,72108,FARMERS UNION OIL OF CARPIO,US-52 & SR-28,Carpio                                  ,ND,452,3.384,48.442517,-101.714606
7331,72110,FAST STOP,US-84 & CR-1800,Lubbock,TX,700,2.999,33.5855677,-101.8470215
7332,72111,FAST STOP,"I-40, Exit 81 & FM-1912",Amarillo,TX,585,2.944,35.20729,-101.8371192
7333,72112,Flyers #3219,US-60,Claypool,AZ,930,3.849,33.411896,-110.841558
7336,72114,Gas  House,"I-77, Exit 49B",Statesville,NC,46,3.424,35.7723,-80.8613
7337,72115,FRIENDSHIP FOOD & FUEL,SR-15 & CR-244,Ecru                                    ,MS,576,3.799,34.3531595,-89.0231192
7338,72116,FRIENDSHIP FOOD MART #90,I-90 & SR-57,Elyria,OH,305,3.779,41.3673191,-82.1073583
7339,72118,GAS N WASH,I-355 & SR-7,HOMER GLEN,IL,296,3.599,41.6000318,-87.9381112
7345,72119,Gas N Wash Cicero,SR-50,Berwyn,IL,291,3.599,41.8505874,-87.7936685
7347,72120,GAS PRO TRAVEL CENTER,US-301/25,Statesboro,GA,195,3.129,32.426012,-81.778909
7348,72122,KWIK TRIP #1115,US-63 & US-8,Turtle Lake,WI,295,3.656,45.398682,-92.146485
7349,72124,GET GO #3016,I-376 & SR-18,Monaca,PA,96,5.499,40.6907439,-80.2784295
7350,72125,GETGO #7520,I-65 & US-31,Edinburgh,IN,375,3.359,39.3548382,-85.9421784
7351,72126,GETGO #7526,I-69 & SR-332,Yorktown,IN,457,3.343,40.1736547,-85.4941396
7352,72128,GETGO #7545,I-65 & SR-400,Whitestown,IN,375,3.302,39.9972626,-86.3458296
7353,72130,GILBERTS SHELL,SR-72 & CR-59,Gilberts,IL,290,3.279,42.1034365,-88.3745145
7355,72134,Gulf,US-422 & SR-528/168,Parkman,OH,573,3.649,41.3703436,-81.063885
7356,72136,HANA TRAVEL CENTER,"I-30, EXIT 153 & SR-185",Winfield,TX,723,3.079,33.1675509,-95.1118483
7357,72139,HOLMES EXPRESS,US-78 & SR-175,Memphis,TN,435,3.399,35.146026,-90.0517786
7358,72142,CASEYS #3990,"I-90E, exit 96 and SR-17",Elkhart,IN,465,3.629,41.6819935,-85.9766671
7359,72143,Caseys #4023,US 36 & US 183,Phillipsburg                            ,KS,357,3.292,39.7694387,-99.328534
7360,72144,HUCKS FOOD & FUEL #397,US-68 & SR-432,Bowling Green,KY,487,3.499,36.9929203,-86.4428677
7361,72145,JP ZEBULON,US-19,Zebulon,GA,67,3.135,33.097092,-84.342948
7362,72146,HUTTER'S,SR-72,Jonestown                               ,PA,70,3.719,40.4137303,-76.4783501
7364,72149,IVOR MART,US-460,Hopewell,VA,180,3.699,37.3043154,-77.2872001
7365,72150,J AND R MARKET,SR-105 & SR-326,Sour Lake                               ,TX,610,3.159,30.1402122,-94.4110239
7366,72153,Jet Food Store,SR-15 & SR-46,Soperton,GA,85,3.416,32.3771182,-82.5923554
7367,72154,JET FOOD STORE #93,US-280 & SR-135,Vidalia,GA,195,3.432,32.2176855,-82.4134614
7368,72155,JIFFY TRIP #142,US-77,Newkirk                                 ,OK,500,3.059,36.875512,-97.066946
7369,72156,JORDANS KWIK STOP #5,US-412,Portia,AR,418,3.376,36.0886972,-91.0728269
7370,72157,JORDANS KWIK STOP #52,US-67 & SR-304,Pocahontas,AR,418,3.312,36.2612154,-90.9711021
7371,72160,KENJO MARKET #52,US-321,Maryville,TN,405,3.249,35.7564719,-83.9704593
7372,72162,Krazy K's,US-45,Buckatunna                              ,MS,620,3.149,31.5348965,-88.5244518
7373,72163,KWIK FILL,US-206,Hillsborough,NJ,115,3.399,40.49671,-74.647325
7374,72170,STRIPES # 41977,"I-2, EXIT 168",La Feria,TX,639,3.219,26.1588627,-97.8238428
7376,72175,ALLSUPS #2410,"I-35/US-77, EXIT 368 & SR-22",Whitney,TX,765,2.966,31.951823,-97.3214012
7377,72180,LITTLEFIELD EXPRESS #4,I-40 Exit 321,Muldrow                                 ,OK,645,3.419,35.4062034,-94.5988306
7378,72181,LITTLEFIELD EXPRESS #7,US-167,Cave City,AR,418,3.349,35.966267,-91.55221
7379,72182,LULING MINI MART,I-10 Exit 628 & SR-80,Luling                                  ,TX,595,2.966,29.680314,-97.6473265
7380,72184,MACS 33,US-49,Florence,MS,620,2.899,32.1534836,-90.1311971
7381,72185,Circle K #2709332,US-231/SR-53,Montgomery,AL,720,3.259,32.3986968,-86.212284
7382,72188,MARATHON,US-61 & SR-637,Reserve,LA,623,3.749,30.0538131,-90.5517534
7383,72189,MARATHON,I-75 & CR-20,Middletown,OH,317,3.216,39.4978217,-84.3236086
7384,72190,Minuteman Food Mart #37,US-74,Leland,NC,245,3.389,34.236434,-78.0040029
7385,72191,MARATHON RIVERSIDE GAS,I-80 & CR-6,Elkhart,IN,465,3.499,41.7243811,-85.9088473
7386,72192,MASSEY FUEL,"I-95, EXIT 30",Bridgeport,CT,100,3.399,41.1792695,-73.1887863
7388,72194,Mobil,I-57,Riverdale,IL,365,3.699,41.6446948,-87.6612787
7389,72195,MOBIL,US-46,Columbia,NJ,90,3.079,40.9173036,-75.0822779
7390,72196,MORGAN OIL,US-224 & CR-231,Lowellville,OH,573,3.399,41.0359418,-80.5362257
7391,72197,MOTOMART #3369,SR-370 E,Saint Charles                           ,MO,540,3.042,38.798273,-90.50398
7392,72199,MPC #99A,I-270 Exit 22B,Hazelwood,MO,540,3.059,38.7717158,-90.3983449
7322,72092,DUCK THRU FOOD STORE #57,SR-42/SR-43,Pinetops,NC,205,3.574,,
7395,72201,MUDD CREEK COUNTRY STORE,US-79,Franklin                                ,TX,670,3.194,31.0259396,-96.4855362
7396,72202,MUSTANG MARKET,I-80 Exit 73,Sparks                                  ,NV,966,4.199,39.5347691,-119.7552534
7397,72205,NIC'S,SR-97,Bainbridge,GA,20,3.379,30.940726,-84.760633
7398,72206,NORTHLAKE BP,I-294 & US-45,Melrose Park,IL,290,3.699,41.900299,-87.8569745
7400,72207,NZT,I-294,Alsip                                   ,IL,365,3.389,41.6689336,-87.7387003
7402,72210,CITGO,US-70,Princeton                               ,NC,205,3.699,35.47299,-78.159675
7403,72212,PARKERS #72,US-52 & SR- 402,Moncks Corner,SC,42,3.256,33.2062214,-80.0117284
7410,72215,PIT STOP #1,SR-31 & SR-34,Weedsport                               ,NY,220,3.899,43.048677,-76.5627197
7411,72216,Pit Stop #14,US-20/US-16,Worland,WY,836,3.829,44.0305017,-107.952805
7412,72217,PIEDMONT PETROLEUM,US-501,Lynchburg,VA,185,3.459,37.366424,-79.1574857
7413,72219,QUICK FILL,US-78/SR-4,Eastaboga                               ,AL,587,3.099,33.6041107,-86.0660883
7414,72222,RAINY LAKE OIL,CR-332 & CR-24,International Falls,MN,334,3.379,48.601033,-93.4105904
7415,72224,RAYMOND TRUCK STOP,US-1/US-9,Newark,NJ,115,3.259,40.7065414,-74.1809046
7416,72225,SHEETZ #144,US-220 & SR-55,Moorefield,WV,60,3.289,39.089961,-78.9593861
7417,72226,REBEL GAS MART,SR-7,Oxford,MS,435,3.049,34.280934,-89.520522
7418,72227,RED BANKS VALERO,I-22 & SR-178,Red Banks,MS,435,2.999,34.8281516,-89.5645253
7419,72228,REFUEL #1043,US-15,Sumter,SC,42,3.096,33.9204354,-80.3414693
7421,72230,REFUEL #1116,US-64,Apex,NC,177,3.799,35.7487502,-78.8396933
7422,72231,RENO JUNCTION TRAVEL PLAZA,SR-59 & SR-387,Wright,WY,822,3.509,43.751281,-105.484825
7423,72232,RICKY ROCKETS FUEL,I-294 & US-12,HICKORY HILLS,IL,291,3.999,41.7255879,-87.825055
7425,72233,ROAD RANGER #284,I-27 & FM-1729,New Deal,TX,700,2.986,33.7373185,-101.8630101
7426,72235,ROC ONE STOP #1,SR-34,Galatia,IL,473,3.559,37.8406038,-88.6092215
7427,72236,ROYAL FARMS #108,US-13,Cape Charles,VA,130,3.472,37.2671674,-76.0176986
7429,72238,ROYAL FARMS #169,I-895 & US-40,Baltimore                               ,MD,22,3.259,39.2908816,-76.610759
7430,72239,ROYAL FARMS #171,US-13 & SR-24,Laurel                                  ,DE,194,3.259,38.5565041,-75.5713141
7431,72240,ROYAL FARMS #191,I-83 Exit 20A,Hunt Valley,MD,22,4.199,39.4922608,-76.6589528
7432,72241,ROYAL FARMS #242,I-95 Exit 27,Philadelphia,PA,160,3.799,39.9527237,-75.1635262
7433,72242,ROYAL FARMS #311,SR-7 & SR-43,Nottingham,MD,22,3.269,26.164803,-80.201759
7434,72243,Racetrac #2611,"I-65, EXIT 116",Shepherdsville,KY,415,2.959,37.9190896,-85.6624258
7435,72247,SEVEN MART,I-20 & SR-17,Delhi,LA,719,3.199,32.4428358,-91.493904
7436,72248,SHELBY EXPRESS,SR-175,Memphis,TN,435,3.699,35.146026,-90.0517786
7437,72250,RACEWAY #6854,US-278 & SR-113,Rockmart                                ,GA,18,3.172,34.0026005,-85.0416133
7438,72251,SHELL,I-94 & US-12,Detroit,MI,325,3.699,42.3315509,-83.0466403
7441,72257, DUCK THRU #55,US-13BYP & SR-308,Windsor,NC,205,3.239,35.9984925,-76.9460641
7442,72259,SHELL,SR-72 & SR-25,Dundee,IL,293,3.279,42.1088287,-88.2965083
7443,72260,Duck Thru #58,US-13 & CR-677,Suffolk,VA,130,3.449,36.7281341,-76.5834683
7444,72261,SHELL,US-45 & CR-520,Shannon,MS,742,3.199,34.1162203,-88.7117181
7445,72262,7-ELEVEN #38855,"I-95, exit 58",Colonial Heights,VA,180,3.509,37.2555718,-77.4112016
7446,72263,SPARTAN FUELS,US-80 & SR-22,Columbus,GA,50,3.309,32.4610708,-84.9880449
7447,72264,CIRCLE K #2654249,SR 24 & SR 286,Paris,TX,723,2.959,33.6617962,-95.555513
7449,72267,SHELL SERVICE STATION,I-90 Exit 52,Elgin                                   ,IL,290,3.279,42.03726,-88.2810994
7450,72268,SHORT STOP,US-67/283,Santa Anna,TX,575,3.499,31.743493,-99.338473
7451,72273,SPINX #341,SR-41,Charleston,SC,42,3.332,32.902892,-79.822999
7452,72274,SPINX #366,SR-642,Summerville,SC,42,3.279,33.0186699,-80.1762704
7453,72276,STAR 001,US-20 & SR-23,SOUTH BEND,IN,465,3.732,41.6650449,-86.2571611
7454,72277,STOP N GAS,SR-15 & SR-39,Yorkshire                               ,NY,38,4.099,42.5300624,-78.4727976
7455,72278,SUN DO,I-74 Exit 197,Maxton                                  ,NC,63,3.439,34.7351615,-79.3489317
7456,72279,AMOCO,US-30,Clarence,IA,380,3.399,41.8798294,-91.0058995
7457,72281,SUNOCO,I-95 Exit 77B & SR-24,Edgewood,MD,22,3.299,39.42607,-76.305246
7458,72282,SUNOCO,I-278 Exit 48,Bronx,NY,105,4.539,40.7457317,-73.9770749
7459,72285,CUSSETA TRAVEL CENTER,SR 520,Cusseta,GA,50,3.199,32.3013213,-84.7814206
7460,72287,CASEY'S #4522,US-81,Hennessey,OK,483,3.059,36.1224431,-97.895423
7461,72288,S&G #88,I-475 Exit 13 & US-20,Toledo,OH,550,3.009,41.6529143,-83.5378173
7462,72289,SUNOCO,SR-12 & FM-1136,Orange,TX,610,2.899,30.0929879,-93.7365549
7463,72290,SUNSTOP,US-19,Thomasville,GA,20,3.282,30.8206329,-83.9416444
7464,72291,Union 76,US-129,Mc Alpin,FL,75,3.659,30.521985,-82.956812
7465,72292,SUNSTOP #336,SR-121 & CR-18,Lake Butler,FL,75,3.592,30.015353,-82.3557301
7468,72294,SWANTON SUNOCO,I-89 & SR-78,Swanton                                 ,VT,39,3.539,44.920037,-73.119076
7469,72295,SWIFT,US-69,Nederland,TX,610,2.986,29.967574,-93.997327
7470,72296,SWIFT STOP #5,US-84 & US-380,Post,TX,700,2.943,31.030974,-98.326329
7471,72297,T & M FOOD STORE,SR-113,Taylorsville                            ,GA,193,3.367,34.086018,-84.987566
7472,72298,TARZAN AND JANE,I-20 & SR-137,Stanton,TX,612,3.299,32.1292891,-101.788464
7473,72302,TEXACO,SR-114 & SR-156,Pennington,AL,705,3.197,32.2070888,-88.0561287
7474,72303,TEXACO #378602,I-59 Exit 85 & SR-590,Ellisville,MS,620,3.199,31.6047734,-89.195641
7475,72305,THE ANCHOR,US-60 & CR-3500,Mountain View                           ,MO,535,3.032,36.9953322,-91.703755
7478,72310,RACETRAC #2387,US-19,Hudson,FL,225,3.316,28.361711,-82.689535
7479,72313,THOMPSON'S CORNER,US-25,Millen                                  ,GA,135,3.316,32.804935,-81.948657
7480,72314,THORNTONS #0333,SR-59 & SR-56,Warrenville,IL,346,3.549,41.8179303,-88.174097
7482,72315,THORNTONS #221343,US-14 & SR-31,Crystal Lake,IL,293,3.499,42.2505984,-88.2866269
7484,72316,THORNTONS #221344,SR-120,Mchenry,IL,297,3.699,42.3431427,-88.2674875
7486,72317,THORNTONS #261169,SR-1747 & SR-2052,Louisville,KY,415,3.281,38.2542376,-85.759407
7487,72318,THORNTONS #330,I-55 & SR-50,Cicero,IL,290,3.549,41.8455398,-87.7540199
7489,72319,THORNTONS #5,I-55 & SR-50,Cicero,IL,290,3.599,41.8455398,-87.7540199
7492,72321,Thorntons #617,I-24 Exit 64,La Vergne,TN,460,2.882,36.0201984,-86.5779196
7493,72324,TREE CITY TRAVEL PLAZA,US-421,Greensburg,IN,375,3.989,39.3525748,-85.5041498
7494,72325,TREX MART #17,I-29 & SR-371,Platte City,MO,400,2.999,39.3671841,-94.7795799
7495,72326,CIRCLE K #4700101,I-65 Exit 50,Seymour,IN,375,3.499,38.9592201,-85.8902547
7497,72329,TROTTERS,SR-2 ,Broken Bow                              ,NE,475,3.299,41.40602,-99.63534
7498,72330,TRUE NORTH #325,SR-57 & SR-113,Elyria,OH,414,3.679,41.3673191,-82.1073583
7499,72331,TUPELO TRAVEL STOP,SR-48 & SR-3,Tupelo,OK,569,2.999,34.6048136,-96.4241692
7500,72332,TXB #82 DBA KWIK CHEK FOOD STORES,US-83,Asherton,TX,693,3.259,28.4464946,-99.7620766
7501,72333,UNITED MARKET,US-84,Blackshear,GA,75,3.766,31.345844,-82.187811
7502,72335,VALERO,US-30 & SR-598,Galion,OH,411,3.499,40.733795,-82.7896471
7503,72337,VALLEY COUNTRY STORE,I-84 & US-93,Jerome,ID,787,3.432,42.6513743,-114.4706737
7504,72338,VALLEY MART #05,US-90 & SR-173,Hondo                                   ,TX,740,3.199,29.3474121,-99.1412026
7505,72339,VP RACING FUEL,US-231 ,Panama City,FL,145,3.499,30.1786441,-85.6561433
7506,72340,WARREN OIL,US-6,Channahon                               ,IL,399,3.779,41.417032,-88.347964
7508,72342,WHITE RIVER,US-231 & SR-58,Bloomfield,IN,546,3.759,39.015964,-86.9341107
7509,72343,WOLF DEN,US-97,Wapato,WA,925,3.409,46.4453101,-120.4302611
7510,72344,WOW FOOD MART,I-75 & US-25,Richmond,KY,410,3.609,37.720939,-84.3224376
7511,72345,YAKAMART,US-97,Toppenish                               ,WA,925,3.509,46.370298,-120.320835
7512,72346,Y-NOT STOP,US-165 & SR-10,Oakdale,LA,730,3.699,30.813108,-92.6654537
7513,72347,MARATHON,I-94 Exit 121,Albion,MI,431,3.699,42.243097,-84.7530304
7517,72349,7-ELEVEN #34713,"I-90, EXIT 24",Belvidere,IL,290,3.739,42.2579991,-88.841734
7520,72350,7-ELEVEN #34709,504 N CREGO RD,Dekalb,IL,290,4.439,41.8980179,-88.7340747
7521,72351,LOVES TRAVEL STOP #874,"I-65, EXIT 175 & SR-25",Lafayette,IN,365,3.672,40.4191229,-86.8919011
7522,72352,LOVES TRAVEL STOP #858,"I-49, EXIT 172 & US-84",Mansfield,LA,745,3.246,32.454578,-93.823221
7523,72360,PUMP & PANTRY #22,SR-91 & SR-11,Burwell,NE,330,3.299,41.7816186,-99.1353198
7524,72361,PUMP & PANTRY #39,I-80 Exit 179 & SR-56G,North Platte,NE,330,3.116,41.1368333,-100.7612819
7525,72362,PUMP & PANTRY #18,US-281 & CR-11,Doniphan,NE,330,3.307,40.7729189,-98.3784068
7526,72363,PUMP & PANTRY #1,US-30,Grand Island,NE,330,3.307,40.932448,-98.3166425
7527,72368,CHEVRON #352416,I-8 Exit 73,Jacumba,CA,900,6.399,32.628908,-116.183192
7529,72373,Rusty Lantern,SR-4 ,Turner                                  ,ME,170,3.899,44.2565542,-70.2561951
7530,72374,Rusty Lantern,SR-26 & SR-219,West Paris                              ,ME,170,3.966,44.324339,-70.574112
7531,72376,SUNOCO,US 84 & SR 39,Donalsonville,GA,20,3.499,31.0404625,-84.8790911
7532,72378,EB SUNOCO,SR-3 & SR-28,Muncie,IN,457,3.799,40.1018066,-85.3710182
7533,72380,EXXPRESS MART #12,US-287 & SR-421,Lumberton                               ,TX,610,2.959,30.2655322,-94.1991444
7534,72382,EXXPRESS MART #4,SR-105,Beaumont,TX,610,3.199,30.084818,-94.145006
7535,72385,GAS N WASH,I-57 & SR-17,Kankakee                                ,IL,399,3.599,41.0771159,-87.8577376
7536,72387,Williams Fuel Stop,SR-7 & SR-735,Gallipolis,OH,255,3.541,38.8381816,-82.1659828
7537,72389,PILOT #1354,US 385,Odessa,TX,710,3.566,31.9563467,-102.4084918
7538,72390,QUIKTRIP #46,US 169 & SR 266,Tulsa,OK,560,3.142,36.1563122,-95.9927516
7539,72391,QUIKTRIP #56,US-169 & SR-11,Tulsa,OK,560,3.142,36.1481568,-95.8627396
7541,72395,ALLSUPS #2427,US 84,Gatesville,TX,765,3.007,31.4343288,-97.7893473
7542,72396,RACETRAC #2624,US-1,Marathon                                ,FL,95,3.236,24.706647,-81.126386
7543,72400,HAN DEE HUGOS #21,US-17 & SR-87,Winnabow                                ,NC,245,3.412,34.1493374,-78.0936046
7544,72402,HAN DEE HUGOS #5,SR-410 & SR-211,Bladenboro                              ,NC,63,3.206,34.5386768,-78.7875887
7545,72403,HAN DEE HUGOS #67,US-70,Raleigh                                 ,NC,177,3.999,35.798358,-78.645446
7546,72408,JOURNEY FOOD STORE #2,US-301,Callahan,FL,75,3.399,30.5544248,-81.8406216
7547,72410,KELLEYS MARKET,I-90 Exit 15 & US-20 BUS,Rockford                                ,IL,520,3.119,42.2713945,-89.093966
7549,72412,KELLEYS MARKET,US-20,Cherry Valley,IL,520,3.699,42.237399,-88.968284
7550,72413,TROPIC OIL COMPANY,SR-17,Lake Wales,FL,140,3.499,27.872085,-81.581503
7552,72419,Denver 39th Ave Cardlock,I-70/US-36 EXIT-281,Denver,CO,800,3.491,39.7850061,-105.0485719
7553,72420,MAVERIK COUNTRY STORE #620,SR-8,Saint George,UT,791,3.462,37.050267,-113.559923
7554,72424,MIDDLESEX FOOD STORE,CR-604,Carteret                                ,NJ,79,3.516,40.5773266,-74.2282005
7555,72425,MINUTEMAN FOOD MART #18,SR-87,Tar Heel                                ,NC,63,4.619,34.7331708,-78.7904075
7556,72428,QUIKTRIP #7249,US 80 E,Flowood,MS,705,2.916,32.283596,-90.088586
7557,72429,PARKERS #16 (DISCOUNT AVAILABLE),SR-21,Port Wentworth                          ,GA,195,3.106,32.149092,-81.1631681
7559,72432,Yesway #1203,SR-6,Clifton,TX,765,2.969,31.793872,-97.586882
7561,72435,Cedar City Cardlock (Bulk Plant),"I-15, EXIT 59",Cedar City                              ,UT,791,3.459,37.6774238,-113.061827
7562,72436,Ricky Rockets,SR-390 &SR-53,Itasca,IL,297,3.559,41.9712977,-88.0129164
7566,72437,Tropic Oil,US-191,Moab                                    ,UT,810,4.169,38.5507482,-109.5262638
7567,72438,QUIKTRIP #7208,I-290 EXIT 18A,Bellwood,IL,290,3.079,41.8814184,-87.88319
7572,72440,Rutters #84,US-15 & SR-340,Emmitsburg,MD,22,3.916,39.7045417,-77.3269307
7573,72441,SHEETZ #165,US-6,Coudersport,PA,240,3.699,41.7640588,-78.0332716
7575,72443,SHEETZ #553,I-81 Exit 3,Greencastle,PA,70,3.332,39.790238,-77.726423
7576,72444,SHEETZ #597,I-40 Exit 126,Hickory                                 ,NC,46,2.859,35.7333312,-81.3442915
7577,72445,SHEETZ #639,I-80 Exit 223,Youngstown,OH,573,3.059,41.1035786,-80.6520161
7578,72446,SHEETZ #656,US-219 & US-6,Kane,PA,240,3.699,41.7096378,-78.6936785
7579,72447,SHEETZ #689,I-64 EXIT 197A  & SR-156,Henrico,VA,180,2.949,37.6294756,-77.5189032
7580,72448,SHELL SERVICE STATION,SR-55,Morrison,TN,285,3.499,35.602851,-85.9197071
7581,72456,SPINX #161,I-85 Exit 60 & SR-101,Greer,SC,210,3.159,34.9381361,-82.2272119
7582,72458,7-ELEVEN #41335,SR-80 & SR-29,Labelle,FL,225,3.599,26.7615384,-81.4385828
7583,72459,7-ELEVEN #34154,I-75 Exit 128,Fort Myers,FL,225,3.299,26.640628,-81.8723084
7584,72462,Story Belgrade Cardlock,"I-90, EXIT 298",Belgrade,MT,786,3.699,45.776288,-111.1771685
7586,72467,SUNOCO SERVICE STATION,I-81 Exit 44 & SR-465,Carlisle                                ,PA,70,3.889,40.201499,-77.1890783
7587,72468,Springerville Cardlock,US-191,Springerville,AZ,930,3.259,34.157137,-109.305682
7588,72471,THORNTONS #221335,I-55 Exit 263,Bolingbrook,IL,296,3.699,41.7003302,-88.0717708
7590,72473,Loves Travel Stop #885,US 77,Harlingen,TX,665,3.649,26.162327,-97.659795
7591,72475,Express 24,SR-77 & US-60,Show Low                                ,AZ,930,3.299,34.2542084,-110.029832
7592,72476,Mandan Cardlock (Bulk Plant),"I-94, EXIT 153",Mandan                                  ,ND,273,3.599,46.826415,-100.889704
7593,72477,Racetrac #2618,US-231 & CR-8,Huntsville,AL,615,2.951,34.729847,-86.5859011
7594,72478,Racetrac #2621,SR-53,Huntsville,AL,615,3.099,34.720276,-86.626878
7595,72479,CEFCO #2086,US 180 & 84,Snyder,TX,700,2.966,32.7180803,-100.918231
7596,72480,TA Mt Vernon,I-44,Mount Vernon,MO,535,3.404,37.0862346,-93.8561063
7597,72481,CASEYS #4323,SR-57 & SR-60,Wanamingo                               ,MN,451,3.499,44.3043907,-92.7906122
7598,72482,RUTTERS FARM STORE #80,SR 61,Orwigsburg,PA,208,3.859,40.6548566,-76.1007318
7599,72483,Circle K #4700047,I-65 Exit 34A,Austin,IN,415,3.799,38.7423428,-85.8048022
7601,72486,QUIKTRIP #4216,"I-70 & SR-79, EXIT 304",Bennett,CO,800,3.199,39.752598,-104.430104
7602,72487,PILOT #1380,I-2 EXIT 161,Mercedes,TX,639,3.659,26.1497977,-97.9136112
7603,72488,MAVERIK COUNTRY STORE #657,I-15 Exit 10,Washington,UT,910,3.426,37.1305373,-113.5082867
7604,72489,CASEYS #3987,LINCOLN HWY,Wanatah,IN,465,3.716,41.4344908,-86.9190516
7605,72490,ASAP GENERAL STORE #322,US-281,Hinton,OK,483,3.132,35.477706,-98.355185
7606,72492,CIRCLE K #2709098,US 85,Greeley,CO,800,3.211,40.428251,-104.690771
7607,72493,Chiricahua Apache Plaza,I-10 EXIT 102,Deming,NM,640,3.037,32.2627416,-107.7581979
7608,72494,7-ELEVEN #42132,"I-35, EXIT 131",Lytle,TX,740,3.599,29.2330215,-98.797873
7609,72495,ROAD RANGER #286,1-40 EXIT 77,Amarillo,TX,585,2.972,35.20729,-101.8371192
7610,72496,ROAD RANGER #289,I-45 EXIT 189,Teague,TX,765,3.396,31.6271145,-96.2838621
7612,72498,SHEETZ  #760,"I-71, EXIT 140 Township Rd 256",Marengo,OH,315,3.066,40.4008945,-82.8107329
7613,72499,Bowie Travel Center,I-10,Bowie,AZ,980,3.099,32.329285,-109.500981
7616,72500,GAS N WASH,US 34,Plano,IL,290,3.499,41.662879,-88.510461
7618,72501,QUIKTRIP #7203,"I-80, EXIT 75 &SR-251",Peru,IL,520,2.969,41.3272919,-89.1287636
7623,72502,QUIKTRIP #7133,"I-95, EXIT 190 & SR-34",Dillon,SC,63,3.082,34.4165391,-79.3713948
7624,72503,QUIKTRIP #7151,I-55/40 EXIT 278 & SR-191,West Memphis,AR,435,2.999,35.1464797,-90.1845388
7625,72505,CASEYS #4379,I-59 HWY,Worthington,MN,530,3.142,43.6395521,-95.5942074
7626,72506,CASEYS #4273,SR-56,Madison,IN,375,3.699,38.729097,-85.457957
7627,72507,Golden Gate Fillmore,SR 99,Fillmore,UT,791,3.297,38.954729,-112.340274
7629,72514,Petro-Card 24 #910722,SR-6,Trenton                                 ,MO,276,3.149,40.0789018,-93.6166074
7630,72515,PETRO-CARD 24 #910520,US-54BUS,Mexico                                  ,MO,310,3.229,39.1697626,-91.8829484
7631,72519,CIRCLE K #2723050,SR-59,Hope Mills,NC,205,2.909,34.97933,-78.92808
7632,72520,PETRO-CARD 24 #910160,US-50,Warrensburg                             ,MO,400,3.299,38.7753312,-93.7330343
7633,72521,PETRO-CARD 24 #910410,I-44/US-66,Lebanon                                 ,MO,535,3.099,37.69257622203944,-92.63103164618943
7634,72522,MFA #910591,US-63 ,La Plata,MO,494,3.339,40.0309808,-92.4856412
7636,72524,QuickChek #189,US-46,Ridgefield,NJ,115,3.252,40.844373,-74.009827
7637,72526,PETRO-CARD 24 #911251,US-169,King City                               ,MO,567,3.299,40.0410217,-94.5277554
7638,72528,MFA #910260,SR-87/240,Glasgow                                 ,MO,310,3.397,39.2263965,-92.8470016
7639,72529,PETRO-CARD 24 #910530,US-24,Moberly                                 ,MO,310,3.419,39.443198,-92.4273888
7640,72530,PETRO-CARD 24 #910140,US-50 BUS,California                              ,MO,392,3.459,38.6360234,-92.6072175
7641,72531,PETRO-CARD 24 #910040,US-60 BUS,Aurora,MO,416,3.209,36.969826,-93.752337
7642,72533,Fuel 4,US-9,Jersey City,NJ,115,3.239,40.739527,-74.07092
7722,72623,LENNYS FOOD N FUEL,US-6,Joliet,IL,296,3.499,41.53213,-88.059243
7644,72535,MFA #911310,SR-5,Centerville                             ,IA,489,3.126,40.7344306,-92.8742102
7645,72536,MFA 910281,SR-5 ,Milan,MO,276,3.299,40.202346,-93.125267
7647,72538,Petro-Card 24 #910670,SR-51,Qulin                                   ,MO,275,3.199,36.5958908,-90.2473247
7648,72540,MFA #910441,US-54,Louisiana                               ,MO,494,3.049,39.4444128,-91.0764535
7649,72541,MFA 911021,US-136 ,Tarkio                                  ,MO,567,3.329,40.4376097,-95.368013
7650,72542,MFA #910731,SR-15,Shelbina                                ,MO,494,2.999,39.6939275,-92.0429502
7651,72543,PETRO CARD 24,SR-18,Clinton                                 ,MO,400,3.399,38.35746,-93.77114
7652,72544,BJS NEW UNDERWOOD,CR-1416,New Underwood,SD,506,3.699,44.0962906,-102.8209058
7653,72546,MFA OIL #2028,SR-53,Poplar Bluff                            ,MO,275,3.232,36.7563166,-90.3944869
7654,72548,GASQUATCH,US-70/SR-3,Idabel,OK,723,3.107,33.9219859,-94.7709728
7655,72550,TERRIBLE HERBST #388,I-15 Exit 91,Moapa,NV,910,3.549,36.6673648,-114.584977
7656,72551,Good 2 Go,US-81,Geneva,NE,350,3.366,40.5257539,-97.6027667
7657,72552,VALLEYWIDE COUNTRY STORE,I- 86 Exit 40,American Falls,ID,787,3.599,35.4808706,-108.4330656
7658,72553,Friendly Express,I-71 Exit 186 & US-250,Ashland,OH,249,3.199,40.8686147,-82.3175942
7659,72554,CEFCO #422,SR-4,Baker,FL,127,3.299,30.7865703,-86.6836166
7660,72556,STARMART,US-183,Goldthwaite,TX,765,3.099,31.3994008,-98.5572879
7662,72558,Circle K #4703975,SR-109 & US-70,Lebanon,TN,460,2.872,36.2172468,-86.4230337
7663,72559,SUN TRAVEL CENTER,I-55 EXIT 114A,Canton,MS,760,3.499,32.612602,-90.0367512
7664,72560,AMOCO,US 131 & US 12,White Pigeon,MI,465,3.559,41.78621,-85.661694
7666,72561,7-ELEVEN #38638,I-25 Exit 235,Erie,CO,800,3.399,40.0502623,-105.049981
7667,72562,7-ELEVEN #17703,US HWY 11,Martinsburg,WV,70,3.249,39.4874819,-77.9458615
7668,72563,RACEWAY #6991,I-65 Exit 19 & US-43,Creola,AL,715,2.949,30.8918509,-88.0397213
7669,72565,WEIGEL'S #102,I-75 & SR-30,Athens,TN,405,3.347,35.4995644,-84.6153849
7670,72566,Loves  Travel Stop #826,I-70 Exit 75,Parachute,CO,800,3.596,39.4536891,-108.052961
7671,72567,THE TEXAN #12,US 87,La Vernia,TX,740,3.049,29.3569063,-98.1224466
7673,72570,Lake View Cheese & Liquor,I-43,Belgium,WI,444,3.256,43.4858806,-87.8308111
7674,72571,MAVERIK #719,I-82 EXIT 33,Yakima,WA,962,3.909,46.601557,-120.510842
7677,72572,GOOD 2 GO #713/ONE9 #1432,I-76 EXIT 21,Brighton,CO,800,3.269,39.983721,-104.8110775
7679,72574,Loves Travel Stop #831,"I-10 & Fort Grant Rd, Exit 340",Willcox,AZ,980,3.332,32.2673346,-109.8454445
7680,72575,Loves Travel Stop #864,US-98,Lucedale,MS,715,3.449,30.9544998,-88.5841621
7681,72576,Pride Travel Center South,"I-291 & SR-5, EXIT 4",South Windsor,CT,100,3.909,41.8352395,-72.5562712
7682,72577,QUIKTRIP #7205,"I-80, EXIT 161",Lansing,IL,365,3.079,41.5662245,-87.5381569
7685,72578,QUIKTRIP #7247,"I-55, EXIT 85",Byram,MS,760,2.916,32.18404,-90.25703
7686,72579,Raceway #6986,US-378 & CR-467,Sumter,SC,135,2.979,33.9204354,-80.3414693
7687,72580,KWIK TRIP #1267,SR 29,Chippewa Falls,WI,295,3.392,44.9123533,-91.3858036
7689,72582,FASTRAC MARKET #500242,SR-12 & SR-5A,Utica,NY,235,3.999,43.1009031,-75.2326641
7691,72583,SHEETZ #769,I-80 Exit 232,Bloomsburg,PA,138,3.329,41.0044958,-76.4537302
7692,72584,ONE9 #1359,"I-80, EXIT 30",Sparks,NV,966,3.549,39.561433,-119.741724
7693,72585,GAS N WASH GREEN OAKS,"I-94, EXIT 16",Libertyville,IL,290,3.559,42.2830786,-87.9531303
7695,72586,Loves Travel Stop #875,"I-49, Exit 15",Opelousas,LA,730,3.086,30.525943,-92.085363
7696,72587,Allsups Convenience #2416,I-20 EXIT 244 AND HWY 70,Sweetwater,TX,575,2.884,32.4709519,-100.405938
7697,72588,ALLSUPS CONVENIENCE #2430,US 380,Jacksboro,TX,630,3.044,33.2120052,-98.1840189
7698,72589,ALLSUPS CONVENIENCE #2056,US 287,Memphis,TX,585,2.929,34.7159934,-100.5264465
7699,72590,MAVERIK #716,I-80 & SR-351,Wells,NV,835,3.392,41.1107264,-114.963144
7700,72591,Quiktrip #7173,"I-20, EXIT 156",Pell City,AL,587,2.999,33.5862149,-86.2860888
7703,72594,Quiktrip #7900,I-30 & FM-989,Texarkana,TX,766,2.857,33.4466208,-94.0765653
7704,72595,CIRCLE K #2654400,SR-115,Kearneysville,WV,22,3.266,39.3881556,-77.8855516
7705,72596,Hucks Food & Fuel #401 dba Pilot #1360,"I-69, EXIT 25",Mayfield,KY,490,3.599,36.7413418,-88.6355497
7706,72597,CIRCLE K #4705697,US 422,Warren,OH,573,3.612,41.232417,-80.803897
7707,72599,FATDOGS LEXINGTON,US-283,Lexington                               ,NE,475,2.979,40.7289254,-99.762554
7708,72603,THORNTONS #170,I-465 Exit 46 & US-40,Indianapolis,IN,375,3.599,39.7683331,-86.1583502
7710,72607,TOWN PUMP FOOD STORE #6300,I-90 & US-191,Big Timber,MT,786,3.539,45.8260611,-109.9592576
7711,72608,Petro-Card 24 #910640,US-61,Perryville                              ,MO,275,3.099,37.7318185,-89.8623057
7712,72610,JORDANS KWIK STOP #6,I-55 Exit 48 & SR-140,Osceola,AR,418,3.012,35.7050778,-89.969532
7713,72611,Kwik Trip # 1722,SR 35 & SR 553,Gwinn                                   ,MI,395,3.819,46.2810556,-87.4409718
7714,72612,PETRO-CARD 24 #910411,I-44 & SR-32,Lebanon                                 ,MO,535,3.099,37.6806669,-92.6637835
7715,72614,FAST FUEL FOOD STORES,SR-4,Gassaway                                ,WV,44,3.566,38.6732278,-80.7746622
7716,72615,U STOP #4,US-6 ,Lincoln                                 ,NE,413,3.399,40.837443,-96.705666
7717,72616,PETRO-CARD 24 #910700,SR-32,Sainte Genevieve                        ,MO,275,3.099,37.9814415,-90.041779
7718,72619,MARTYVILLE MARATHON,SR-25,Tishomingo,MS,742,3.279,34.6367608,-88.2317103
7719,72620,CENEX,US-2 ,Leeds,ND,452,3.249,48.2960403,-99.4825624
7720,72621,PETRO-CARD 24 #1047,SR-240,Slater                                  ,MO,276,3.459,39.2213138,-93.0613025
7727,72626,MFA OIL,SR-18,Lake City                               ,AR,418,3.399,35.8180165,-90.4346778
7728,72628,Gas Pro 6,SR-121 & US-25,Trenton                                 ,SC,135,3.466,33.7416558,-81.8423388
7729,72629,MFA #910600,SR-28,Owensville                              ,MO,392,3.299,38.3456023,-91.5015487
7731,72631,THORNTONS #221348,I-355 & SR-7,Homer Glen,IL,296,3.849,41.6000318,-87.9381112
7737,72633,Petro-Card 24 #910830,SR-52,Windsor                                 ,MO,400,3.499,38.531294,-93.523011
7738,72634,MURPHY USA #7827,US-385 & US-60,Hereford                                ,TX,585,2.829,34.7762663,-102.3996654
7739,72635,GULF,SR-140,Boylston,MA,34,3.839,42.358869,-71.727016
7740,72637,AZTEX #104,I-40 Exit 398,Knoxville,TN,405,3.359,35.9603948,-83.9210261
7741,72639,ALLSUPS #2423,US-377 & US-70,Madill,OK,253,2.959,34.0887207,-96.7711428
7742,72640,Kwik Trip # 1721,SR 553 & FM 480,Marquette                               ,MI,395,3.819,46.5434914,-87.396433
7743,72642,LOVES TRAVEL STOP #857,US-95 & US-6,Tonopah,NV,910,3.716,38.0794231,-117.2562621
7744,72643,ONCUE #147,"I-44, EXIT 12",Oklahoma City,OK,483,3.049,35.4729886,-97.5170536
7745,72644,MAVERIK COUNTRY STORE #642,I-25 EXIT 262,Fort Collins,CO,800,3.259,40.5871782,-105.0770113
7746,72645,MAVERIK #723,"I-10, EXIT 240",Marana,AZ,980,3.046,32.4483736,-111.211475
7747,72646,TOOT N TOTUM #131,US 87,Lamesa,TX,710,3.109,32.7063314,-101.9256074
7748,72647,RACEWAY #6972,US-83 & US-43,Demopolis,AL,615,3.077,32.4954602,-87.8114608
7749,72648,Loves Travel Stop #873,US 50,Canon City,CO,803,3.509,38.4390602,-105.2537847
7751,72650,Loves Travel Stop #862,I-35 Exit 65,Cotulla,TX,693,3.589,28.4358692,-99.2350791
7752,72651,QUIKTRIP #7132,"I-16, EXIT 152",Bloomingdale,GA,195,3.032,32.1324249,-81.2990018
7753,72652,Quiktrip #4148,I-35 & GRAND AVE PKWY,Pflugerville,TX,595,2.882,30.4588786,-97.6498384
7754,72653,Quiktrip #7153,US-78 & EXIT #4,Olive Branch,MS,435,2.916,34.9617605,-89.8295315
7755,72655,RACEWAY #6988,US-79 & US-41,Clarksville,TN,460,2.999,36.5423869,-87.369535
7756,72656,ALLSUPS #2437,HWY 176 & HWY 115,Andrews,TX,710,3.396,32.3187158,-102.545715
7757,72660,RACEWAY #6989,US-157 & COURT ST ,Moulton,AL,615,3.049,34.4817816,-87.2919449
7758,72663,LOC STOP TRAVEL CENTER,US-82,Dawson,GA,10,3.499,31.7735001,-84.4465827
7760,72666,CIRCLE K #2707043,"I-75/SR-401, EXIT 39 & SR-37",Adel,GA,20,2.999,31.1371358,-83.4234936
7761,72667,LOVES TRAVEL STOP #884,"I-30, Exit 46",Prescott,AR,635,3.476,33.83122,-93.3949
7762,72668,LOVES TRAVEL STOP #350,"I-19, Exit 12",Nogales,AZ,980,3.609,31.3402134,-110.936081
7763,72669,Quiktrip #356,US-81 & S Victoria RD,Wichita,KS,570,3.194,37.6922361,-97.3375448
7764,72672,7-Eleven #42205,US 79,Hearne,TX,765,3.449,30.9024724,-96.6062899
7765,72674,QUIKTRIP #7190,I-64 EXIT 94,Mount Vernon,IL,540,3.199,38.3172715,-88.9031201
7768,72675,Maverik Country Store #715,I-80 EXIT 107,Big Springs,NE,475,3.101,41.060231,-75.747528
7769,72676,KWIK TRIP #1212,"I 90, EXIT 43 ",Worthington,MN,425,3.164,43.63802,-95.59334
7770,72677,KWIK TRIP #1256,SR 2 E,Iron Mountain,MI,360,3.279,45.8145046,-88.0476868
7774,72679,TEX BEST #532,US-281 & HWY 186,Edinburg,TX,639,3.021,26.3013982,-98.1624501
7775,72680,RACEWAY #6990,US-98,Foley,AL,155,3.076,30.4068285,-87.6460278
7776,72681,MAVERIK #691,I-76 EXIT 3,Denver,CO,800,3.284,39.839589,-104.93037
7777,72682,Maverik #695,I-15 EXIT 276,American Fork,UT,835,3.349,40.3768064,-111.7959146
7778,72683,HUCKS FOOD & FUEL #383,SR-57,Evansville                              ,IN,340,3.759,38.0565631,-87.5138953
7779,72685,CHUBBYS TRAVEL CENTER,"I-35, Exit 127",Natalia,TX,740,2.972,29.1888671,-98.8581169
7780,72687,Kwik Trip #1203,US-71 & Airport Rd,Redwood Falls,MN,425,3.349,44.5393721,-95.1164478
7781,72688,SHEETZ #772,I-70 EXIT 59,Springfield,OH,317,3.054,39.9234046,-83.810138
7782,72689,ROAD RANGER #285,I-10 EXIT 605,Seguin,TX,740,3.111,29.5688411,-97.9647269
7783,72690,Noble East Lyme,"I-95, EXIT 75",East Lyme,CT,100,3.759,41.3482141,-72.2092951
7784,72691,KUM & GO #2402,US 60,Springfield,MO,535,3.176,37.1274774,-93.2304022
7785,72693,Kum & Go #2404,US 60,Aurora,MO,535,3.119,36.9484378,-93.7550317
7787,72695,Quiktrip #7906,"I-20, EXIT 617 & US-59",Marshall,TX,766,2.837,32.5447756,-94.3661004
7788,72696,QUIKTRIP #1742,"I-475/SR-408, exit 5 & SR-74",Macon,GA,85,3.089,32.8406946,-83.6324022
7789,72698,QUIKTRIP #7242,"I-10, EXIT 31",Gulfport,MS,733,2.916,30.3674198,-89.0928155
7790,72699,Quiktrip #7195,"I-355, EXIT 29",Addison,IL,290,3.079,41.931696,-87.9889556
7793,72700,RACEWAY #6726,"I-30, Exit 172",Thomson,GA,135,3.399,33.51125,-82.50235
7794,72701,Loves Travel Stop #887,I-55 EXIT 178,Herculaneum,MO,540,3.156,38.2683879,-90.3801201
7795,72702,Loves Travel Stop #854,I-49 EXIT 215,Shreveport,LA,745,2.937,32.5135356,-93.7477839
7796,72705,SHEETZ #795,US-460 & CR-629,Disputanta,VA,180,2.982,37.1243164,-77.2258062
7797,72706,Sheetz #790,I-77 EXIT 100,Mount Airy,NC,65,2.859,36.4993877,-80.6072138
7799,72709,KWIK TRIP #1299,FM 164,Sussex,WI,444,3.286,43.1339001,-88.2220372
7800,72710,KWIK STAR #1285,I-229 EXIT 9,Sioux Falls,SD,530,2.952,43.5476008,-96.7293629
7801,72711,Kwik Trip #1260,FM 65 ,Roberts,WI,448,3.424,44.9838558,-92.5560301
7802,72713,Kwik Star #1217,FM 11,Sioux Falls,SD,530,2.939,43.495503,-96.646368
7803,72714,LOVES TRAVEL STOP  #771,I-85 & SR-18,West Point,GA,720,3.679,32.8772531,-85.183728
7804,72715,FLYING J TRAVEL PLAZA #1372,"I-40, EXIT 28",Yucca,AZ,910,3.849,34.8726671,-114.149858
7806,72716,RACEWAY #7000,US-1 & SR-40,Folkston,GA,75,3.099,30.8446967,-81.9638672
7807,72719,TA EXPRESS LITTLEFIELD,"I-15, EXIT 8",Littlefield,AZ,910,3.679,36.8842836,-113.9363361
7809,72723,ONE9 #1362,"I-40, EXIT 253",Winslow,AZ,930,3.226,35.0241984,-110.6973463
7811,72725,CASEYS #4481,US 75,Denison,TX,253,2.936,33.7080189,-96.5895943
7812,72727,CASEYS #4319,SR-141,Perry,IA,320,3.129,41.8386547,-94.1066411
7813,72728,CASEYS #4304,FM 103 & Belten Dr,Crete,NE,413,3.457,40.6256594,-96.9613881
7814,72732,KUM & GO #2212,I-35 EXIT 89,Ankeny,IA,320,3.132,41.7320796,-93.605092
7815,72733,Parker's #94,US-17 N,Georgetown,SC,42,2.989,38.2198,-84.564055
7816,72734,7-ELEVEN #41940,I-95,West Haven,CT,100,3.999,41.305045,-72.914335
7818,72736,FRIENDLY GUS STORE #12,I-16 Exit 49,Dublin,GA,85,3.276,32.5404447,-82.903754
7819,72737,Mollys Food and Fuel,"I-20, EXIT 175 & SR-150",Thomson,GA,135,3.499,33.4663248,-82.5026089
7820,72738,BREAK TIME #3172,US-50/US-63,Jefferson City,MO,310,3.336,38.540290349629714,-92.10648249708521
7821,72739,MAVERIK #712,US 70 & US 54,Alamogordo,NM,640,3.056,32.863653,-105.969145
7822,72740,Caseys #4303,"I-80, EXIT 257 & US-183",Elm Creek,NE,475,3.032,40.71998,-99.374572
7823,72741,Caseys #4298,"I-55, EXIT 220 & SR-47",Dwight,IL,368,3.349,41.0944767,-88.4250597
7824,72742,Racetrac #2612,I-675 EXIT 7,Ellenwood,GA,18,3.109,33.6101096,-84.287978
7825,72743,PEOTONE TRAVEL CENTER,I-57 & SR-25,Peotone,IL,290,3.459,41.3288544,-87.8189476
7828,72746,PARKERS #103,"I-26, Exit 205A",Ladson,SC,42,3.282,32.9914044,-80.0642301
7829,72747,One9 #1358,"I-40,  EXIT 16",Gallup                                  ,NM,580,3.246,35.5283506,-108.743907
7830,72748,HORIZON TRAVEL PLAZA,US-411,Cartersville,GA,193,2.934,34.199071,-84.797591
7831,72749,KWIK TRIP #1282,FM 42 & S Duluth Ave,Sturgeon Bay,WI,582,3.507,44.8341639,-87.377042
7832,72750,QUIKTRIP #1943,I-35 EXIT 368 & SR 22,Hillsboro,TX,641,2.919,32.0108506,-97.1303744
7833,72752,QUIKTRIP #7178,I-65 EXIT 13 & SR 158,Saraland,AL,715,2.957,30.820742,-88.0705556
7834,72753,QUIKTRIP #7908,I-40 EXIT 73,Amarillo,TX,585,2.874,35.20729,-101.8371192
7835,72754,RACETRAC #2495,US 41 & US 19,Griffin,GA,85,3.229,33.230873,-84.292079
7836,72755,RACETRAC #2620,I-465 Exit 42,Indianapolis,IN,375,3.159,39.7683331,-86.1583502
7838,72757,Loves Travel Stop #860,I-59 EXIT 1,Picayune,MS,725,3.156,30.5254692,-89.6795084
7839,72758,CEFCO #1117,I-20 EXIT 617,Marshall,TX,766,2.832,32.5447756,-94.3661004
7840,72759,Allsups Convenience Store #2461,US-87 & SR-137,Lamesa,TX,612,3.099,32.7609456,-101.9498457
7841,72760,RaceWay #6999,US-84 & US-319,Thomasville,GA,20,3.166,30.840007,-83.978242
7842,72761,RACETRAC #2629,US-72/US-43 & SR-20,Tuscumbia,AL,615,2.999,34.789894,-87.673328
7843,72763,FASTRAC MARKET #500270,SR-5/SR-13,Canastota,NY,235,4.349,43.059351,-75.8223
7845,72764,CUMBERLAND FARMS #004783,US-5,East Windsor,CT,100,4.049,41.9156394,-72.6129917
7846,72765,FASTRAC MARKET #500203,SR-104 & CR-256,Wolcott,NY,190,3.819,43.267756,-76.773422
7848,72766,QUIKTRIP #1873,US 287  33.054731932354194,Rhome,TX,630,2.899,33.062865,-97.475994
7849,72767,QUIKTRIP #4227,I-25 EXIT 243,Mead,CO,800,3.147,40.2333174,-104.99859
7852,72769,TOOT N TOTUM #132,US 84,Lubbock,TX,585,2.971,33.561746,-101.898472
7853,72770,RACETRAC #2634,I-95 Exit 77 & US-78,Saint George,SC,42,2.999,33.1859958,-80.5756534
7854,72771,RACETRAC #2635,I-85 EXIT 44A,Greenville,SC,30,2.899,34.851354,-82.3984882
7855,72772,RACEWAY #6998,US-501 & SR-576,Marion,SC,42,3.016,34.178216,-79.4006069
7856,72773,RaceTrac #2626,I-20 Exit 472,Dallas,TX,630,2.864,32.67455,-96.992188
7857,72774,STUCKEYS TRAVEL CENTER,I-10 EXIT 451,Orange,TX,610,2.807,30.0929879,-93.7365549
7858,72775,CEFCO #2089,I-20 EXIT 288,Abilene,TX,575,2.766,32.44645,-99.7475905
7860,72778,KWIK STAR #1208,US-75,Sioux Center,IA,530,3.199,43.031697,-96.174621
7861,72779,KWIK TRIP #1276,"I-90/I-39, EXIT 1 & SR-75",South Beloit,IL,290,3.469,42.4930708,-89.0367764
7864,72781,SHEETZ #774,I-70 & SR-83,New Concord,OH,430,3.059,39.9934992,-81.7338559
7865,72782,SHEETZ #791,"I-76, Exit 57",North Jackson,OH,573,3.066,39.049577,-82.644869
7866,72783,SHEETZ #770,I-70 & US-42,London,OH,315,2.999,39.9045256,-83.4296069
7867,72784,Maverik Country Store #724,"I-80/US-30, EXIT 221",Rawlins                                 ,WY,838,3.289,41.7907878,-107.239176
7868,72785,GAS N WASH,US 30,Crest Hill,IL,290,3.359,41.554753,-88.0986709
7870,72786,QUIKTRIP #333,"I-135, EXIT 31",Newton,KS,570,2.949,38.0469166,-97.3447244
7871,72787,QUIKTRIP #7011,"I-35, EXIT 118",Oklahoma City,OK,483,3.032,35.4729886,-97.5170536
7872,72788,MAVERIK #700,I-25 EXIT 215,Denver,CO,800,3.289,39.6660361,-104.8673054
7874,72791,LOVES TRAVEL STOP #850,SR-491 & RD. G,Cortez,CO,614,3.482,37.3494528,-108.584073
7875,72792,QUICKLEES,"I-190, EXIT 23",Niagara Falls,NY,38,3.999,43.08436,-79.0614686
7876,72793,TA EXPRESS BLAINE #917,"I-5, Exit 275",Blaine,WA,850,4.139,48.9881108,-122.743575
7877,72795,REFUEL #1337,SR-45/CR-1625,Buda                                    ,TX,595,2.999,30.0877531,-97.7348437
7878,72796,PILOT #1399,"SR-303, EXIT 107",Litchfield Park,AZ,930,3.599,33.4933796,-112.358124
7880,72797,KWIK TRIP #1215,"I-94, EXIT 135",Melrose,MN,451,3.327,45.6746836,-94.8075586
7881,72798,Casey's #4539,US-75,Rock Rapids                             ,IA,530,3.349,43.4101953,-96.1758647
7882,72799,CASEYS #4384,"I-88 & SR-26, EXIT 54",Dixon,IL,520,3.479,41.8425197,-89.4814291
7884,72801,CASEYS #4388,"US-64, EXIT 29",Beebe,AR,645,3.189,35.0735738,-91.8863516
7885,72802,Racing Mart Store,"I-495, Exit 36A",Wrentham,MA,175,3.899,42.0667652,-71.3281114
7887,72804,7-Eleven #42174,"I-24, EXIT 211 & US-70",Nashville,TN,460,3.249,36.15478,-86.76055
7888,72805,Stripes #42242,"SR 181, HWY 188",Sinton,TX,625,3.259,28.0377248,-97.5307734
7889,72806,TA HOSSTON #939,"I-49, Exit 237",Hosston,LA,745,2.922,32.8876386,-93.8785127
7890,72808,Allsups Convenience #2463,US-377,Aubrey,TX,630,2.899,33.310055,-96.976085
7892,72810,QUIKTRIP #7,"I-244/US-412, Exit 10",Tulsa,OK,560,3.119,36.1563122,-95.9927516
7893,72811,QUIKTRIP #50,SR-51,Broken Arrow,OK,560,3.129,36.0594192,-95.7745992
7894,72812,Kwik Trip #748,US 8,Barron,WI,295,3.664,45.3933097,-91.7972957
7895,72813,Allsups #2425,Hwy 144,Granbury,TX,630,3.029,32.4426759,-97.7870525
7897,72815,QUIKTRIP #7194,I-74 EXIT 182,Champaign,IL,280,3.299,40.1164841,-88.2430932
7900,72816,QUIKTRIP #7914,I-27 EXIT 117,Amarillo,TX,585,2.846,35.20729,-101.8371192
7901,72817,QUIKTRIP #4174,I-35 Exit 285,Salado,TX,765,2.916,30.9468791,-97.5371631
7902,72818,QUIKTRIP #7174,"I-65, EXIT 168",Montgomery,AL,720,2.999,32.3777111,-86.3090775
7903,72819,QUIKTRIP #7925,I-69W,Laredo,TX,693,2.851,27.53548,-99.483817
7904,72820,QUARLES #54232,us-385,Crane                                   ,TX,710,3.886,31.3810458,-102.3484014
7906,72822,QUARLES #54225,US-83,Abilene                                 ,TX,575,3.499,32.358729,-99.741973
7907,72827,QUARLES #54259,FM-1936,Odessa                                  ,TX,710,3.699,31.8090392,-102.4326133
7908,72828,QUARLES #54250,US-80,Abilene                                 ,TX,575,3.312,32.44645,-99.7475905
7909,72830,QUARLES #54261,"I-20, EXIT 37",Pecos                                   ,TX,710,3.749,31.4254143,-103.4952894
7910,72831,QUARLES #54262,CR-64,Hobbs                                   ,NM,593,3.699,32.7027017,-103.1355302
7911,72835,QUARLES #54277,SR-137,Big Lake,TX,739,3.849,31.1954739,-101.4592746
7912,72836,QUARLES #54281,SR-208,Snyder,TX,700,3.666,32.7180803,-100.918231
7913,72837,QUARLES #54284,US-285,Loving                                  ,NM,593,3.799,32.2862822,-104.095782
7914,72839,QUARLES #54293,CR-64,Hobbs                                   ,NM,593,3.699,32.7027017,-103.1355302
7915,72841,QUARLES #54296,SR-214 & CR-370,Denver City,TX,700,3.799,32.9679571,-102.8293851
7916,72844,QUARLES #54332,US-285,Pecos                                   ,TX,710,3.759,31.4000925,-103.4822143
7917,72847,QUARLES #54341,US-87,Big Spring                              ,TX,612,3.649,32.2185926,-101.4713408
7918,72848,QUARLES #54347,US-67 ,Rankin,TX,710,3.699,31.2248015,-101.941472
7920,72851,QUARLES #54367,FM-1787,Midland,TX,710,3.799,31.9973662,-102.077948
7921,72853,QUARLES #54520,SR-589,Purvis                                  ,MS,620,2.979,31.146777,-89.403682
7922,72855,GAS N WASH,SR 59,Plainfield,IL,399,3.559,41.6086711,-88.2054345
7924,72857,7-ELEVEN #42019,SR-3 & SR-4,Yukon,OK,483,3.159,35.5067259,-97.7625386
7925,72859,CASEYS #4286,SR-32,Crawfordsville,IN,375,3.562,40.0468725,-86.8606451
7926,72860,Circle K #2707070,"SR 378, Route 467",Sumter,SC,42,2.992,33.9204354,-80.3414693
7927,72861,SPRINT MART #4143,"I-20, EXIT 89",Vance,AL,615,3.059,33.175754,-87.234141
7928,72863,Double Quick #92,US-61,Cleveland,MS,655,3.182,33.7440023,-90.7248187
7929,72864,SUNSTOP #430,US-27,Bainbridge,GA,20,3.599,30.89116,-84.568147
7930,72867,Maverik #731,I-15 EXIT 190,Helena,MT,816,3.549,46.5927425,-112.036277
7931,72868,MAVERIK #737,I-15 EXIT 116,Idaho Falls,ID,825,3.406,42.430151,-112.178388
7933,72871,Maverik #727,I-8 EXIT 3,Yuma,AZ,930,3.179,32.7210307,-114.6203217
7934,72872,QUIKTRIP #7926,US 59 & SR 20,Laredo,TX,693,2.859,27.5079211,-99.5069834
7935,72873,QUIKTRIP #7206,I-39 EXIT 15 & US 20 ,Rockford,IL,520,3.199,42.2713945,-89.093966
7939,72874,QUIKTRIP #4076,I-35 EXIT 191,New Braunfels,TX,740,2.916,29.7028266,-98.1257348
7940,72875,QUIKTRIP #4183,SR 195 & Shell RD,Georgetown,TX,595,2.916,30.6370152,-97.6775634
7941,72876,QUIKTRIP #1139,"I-385, EXIT 23",Fountain Inn,SC,30,3.017,34.6925263,-82.1987922
7942,72877,QUIKTRIP #7177,"I-10, EXIT 15A",Theodore,AL,715,2.882,30.5476941,-88.1752796
7943,72879,QUIKTRIP #4002,US-87,Comfort,TX,595,2.966,30.0066116,-98.9041218
7944,72880,PARKERS #97,US 80,Bloomingdale,GA,195,3.032,32.135886,-81.309973
7945,72882,CASEYS #4330,"I-40, EXIT 221",Okemah,OK,483,2.926,35.4325854,-96.3050064
7947,72885,RACEWAY #6960,US-431 & Westgate PKWY,Dothan                                  ,AL,10,3.199,31.2708315,-85.4124735
7948,72886,PILOT #1381,US-190 & Rose Marie Blvd,Hearne,TX,670,3.499,30.8678595,-96.5900138
7949,72888,STRIPES #42591,US-87,Mason                                   ,TX,595,3.299,30.7591988,-99.2434189
7950,72889,DK,SR 83,Denver City,TX,700,3.319,32.9679571,-102.8293851
7951,72891,GAS N WASH,"I-57, EXIT 354",Alsip,IL,365,3.599,41.6689336,-87.7387003
7953,72893,Racetrac #2586,I-95 & 20th ST,Vero Beach,FL,140,3.159,27.6042533,-80.5085082
7955,72895,Allsups#2465,SR 7,Davis,OK,569,2.967,33.425481,-88.879307
7956,72896,PILOT #1283,I-45 & SR-31,Corsicana,TX,630,3.042,32.0701908,-96.448813
7957,72899,RACEWAY #7002,US 79 & 59,Carthage,TX,766,2.821,32.1609264,-94.370393
7958,72901,FATDOGS GRAND ISLAND TRAVEL CENTER,I-80 & HWY 281,Grand Island,NE,330,2.979,40.9282687,-98.3832908
7959,72902,CIRCLE K #2704593,SR-24 &  SR-690,Spring Lake,NC,63,3.079,35.1679396,-78.9728056
7960,72903,Kent Kwik #221,SR-338,Odessa,TX,710,2.989,31.875924,-102.310319
7961,72904,CEFCO #112,US-281,Marble Falls,TX,595,2.929,30.5051151,-98.2991746
7962,72905,TA EXPRESS PLEASANTON #445,I-37 EXIT 109,Pleasanton,TX,740,3.099,28.967194,-98.4786269
7963,72906,Maverik #734,I-25 EXIT 94,Pueblo,CO,796,3.289,38.263995,-104.6141867
7964,72907,QUIKTRIP #7913,"I-20, EXIT 20 & SR-18",Monahans,TX,710,2.859,31.5890519,-102.8861902
7965,72908,QUIKTRIP #1042,"I-85, EXIT 17B & US-321",Gastonia,NC,46,3.264,35.2622654,-81.1838186
7966,72909,FAT DOGS LINCOLN TC,"I-80, EXIT 399",Lincoln,NE,475,3.099,40.84167,-96.72029
7968,72912,Salina Cardlock (Bulk Plant),I-70 EXIT 56,Salina                                  ,UT,791,3.449,38.957742,-111.859984
7969,72916,CASEYS #2562,SR 140 & SR 156,Ellsworth,KS,357,3.466,38.7305648,-98.2281126
7975,72918,QUIKTRIP #7076,"I-75, EXIT 101 ",Cordele,GA,10,3.032,31.9691606,-83.782718
7976,72919,QUIKTRIP #7096,I-75 & EXIT 51,Dayton,OH,317,3.032,39.7589478,-84.1916069
7977,72920,Circle K #4701686,"I-70, Exit 224 & SR-370",Saint Peters,MO,540,3.051,38.791612,-90.5958468
7978,72921,CIRCLE K #4701677,"I-44, Exit 226",Sullivan,MO,540,3.324,38.2078684,-91.160072
7979,72922,SUNOCO,SR-640,Willoughby                              ,OH,305,3.859,41.6397696,-81.4065011
7980,72923,76,US-84,Brookhaven                              ,MS,620,3.149,31.5472698,-90.4682714
7982,72925,AMOCO,US-52 & SR-340,Darlington,SC,135,3.199,34.3028537,-79.8710831
7983,72926,Amoco,US-31 & US-10,Scottville,MI,456,3.359,43.9559755,-86.2909714
7986,72927,Bell Stores #165,US-30 ,Wooster,OH,249,3.516,40.7982761,-81.8948708
7987,72930,SPARTA CO-OP,SR-27,Sparta,WI,420,3.189,43.9732475,-90.8516564
7988,72933,CHEVRON #385988,SR-124,Lithonia,GA,18,3.399,33.7123305,-84.1051939
7989,72934,CIRCLE K #2706987,"I-37, Exit 118",Corpus Christi,TX,625,3.099,27.7635302,-97.4033191
7990,72935,Circle K #2722258,US-17 & SR-40,Pierson,FL,140,3.402,29.2393293,-81.4652728
7991,72936,Circle K #2707549,SR-471 & SR-48,Bushnell,FL,140,3.499,28.664121,-82.0548294
7992,72937,CIRCLE K #2723997,SR024,Stedman,NC,205,3.399,35.0134999,-78.6939063
7994,72939,CIRCLE K #2655872,"I-75, Exit 252B",Atlanta,GA,18,3.506,33.7544657,-84.3898151
7995,72940,Circle K #3909,SR-236,Clarksville,TN,460,3.329,36.5277607,-87.3588703
7996,72941,CIRCLE K #2740389,I-55 & US-51,Hammond,LA,600,3.249,30.4716193,-90.4826314
7997,72942,CIRCLE K #2742777,US-62/180,El Paso,TX,640,3.191,31.777638,-106.424163
7998,72943,CIRCLE K #2706805,SR-415 & SR-76,Port Allen,LA,600,3.359,30.45335,-91.2100569
7999,72944,Circle K #2709094,US-62 & SR-327,Lubbock,TX,700,3.099,33.5855677,-101.8470215
8000,72945,CIRCLE K #2707057,SR-59 & CR-12,Foley,AL,715,3.092,30.4065868,-87.6835974
8001,72947,Circle K #9556,SR-202,Phoenix,AZ,930,3.386,33.4484367,-112.074141
8002,72948,CIRCLE K #2746514,SR-23,Watford City,ND,273,3.599,47.802241,-103.283247
8004,72950,Conoco,US-95,MC DERMITT,NV,966,4.299,44.4367564,-74.2149758
8005,72951,DK,SR-36,Abilene,TX,575,2.849,32.408487,-99.74532
8006,72953,GRAND AVENUE EXPRESS,I-35 & FM-372,Gainesville,TX,253,2.999,33.6163407,-97.1333443
8007,72956,Handee Hugos #1,SR-87,Riegelwood                              ,NC,245,3.497,34.3398906,-78.2252766
8008,72957,IRVING,SR-11,Augusta,ME,203,3.899,44.332712,-69.73188
8009,72958,Jack Flash Pana,SR-16,Pana,IL,318,3.199,39.3889311,-89.0800809
8012,72959,JORDANS #75,US-67,Newport,AR,418,3.299,35.6231165,-91.2518638
8013,72960,KENT KWIK #206,FM-2020,Odessa,TX,710,3.026,31.8457149,-102.367687
8014,72963,MAVERIK #5358,"I-25, Exit 145",Colorado Springs,CO,796,3.331,38.7922967,-104.7028483
8015,72965,Maverik #674,"I-15, Exit 45",North Las Vegas,NV,910,3.282,36.273918,-115.141007
8016,72966,MCCLURE STORE #15,SR-9,Marion,IN,370,3.694,40.563138,-85.665418
8017,72967,BINKS TENAHA QUICK STOP,US-59/US-84,Tenaha,TX,618,3.059,31.939131,-94.2693366
8019,72969,LOVES TRAVEL STOP #555,US-30,Delphos,OH,411,3.306,40.8549458,-84.3164681
8020,72970,PAC PRIDE,"I-96, Exit 26",Grand Rapids,MI,371,3.729,42.9632425,-85.6678639
8023,72972,LOVES TRAVEL STOP #886,I-44 EXIT 29,Sarcoxie,MO,277,3.401,37.0692266,-94.1166043
8024,72973,PETE'S 49,US-166 & US-169,Coffeyville,KS,307,3.214,37.0355582,-95.6660483
8025,72974,USTOP 34,US-77,Lincoln,NE,413,3.499,40.8055985,-96.750127
8026,72975,SHEETZ #804,"I-95, Exit 41",Hope Mills,NC,63,2.859,34.9704419,-78.9453056
8027,72976,RED DOG,"I-10, EXIT 72",Egan                                    ,LA,690,3.049,38.292647,-83.654217
8028,72978,SHELL SERVICE STATION,SR-302,Byhalia,MS,435,3.099,34.8723179,-89.6906396
8029,72979,RICKY ROCKETS,"I-57, EXIT 312",Kankakee,IL,399,3.399,41.1200325,-87.8611531
8032,72982,SUNOCO,I-10 & SR-328,Breaux Bridge                           ,LA,730,2.856,30.2735323,-91.8992837
8033,72983,SUNSTOP #303,SR-100,Lake City,FL,75,3.551,30.1851947,-82.6020513
8034,72984,TERRIBLE HERBST #341,US-95,Indian Springs,NV,910,3.899,36.5767153,-115.6701485
8035,72985,THE PRIDE OF VILLA PARK,SR-64,Villa Park                              ,IL,290,3.299,41.882782,-87.977469
8037,72986,THE PRIDE OF ELGIN,SR-31,Elgin                                   ,IL,520,3.499,42.03726,-88.2810994
8038,72987,The Texan,US-285 & CR-116,Pecos,TX,710,2.999,31.4254143,-103.4952894
8039,72988,Thorntons #221354,US-12,Lake Zurich,IL,293,3.399,42.192154,-88.083854
8041,72989,THORNTONS #442562,SR-63,Monroe,OH,407,3.199,39.4395989,-84.3307297
8043,72991,THORNTONS #221345,US-20 ,Hanover Park,IL,297,3.759,41.9994722,-88.1450735
8044,72993,H AND R OIL COMPANY,"SR-4, EXIT 8",Lexington                               ,KY,410,3.249,38.056966,-84.474459
8045,72995,LOVES TRAVEL STOP #569,I-84 EXIT 304,Baker City,OR,982,3.457,44.77874,-117.80998
8046,72996,LOVES TRAVEL STOP #504,I-76 EXIT 232,North Lima,OH,573,3.787,40.9482165,-80.658496
8047,72998,83 FUEL STOP,US-83,Catarina,TX,693,2.959,28.3432692,-99.6143841
8048,72999,Aeg Petroleum,US-70 & SR-467,Portales,NM,593,3.686,34.1859636,-103.3373367
8049,73000,TXB,FM-2147,Horseshoe Bay,TX,665,2.929,30.532807,-98.392574
8050,73003,GAS PRO TRAVEL CENTER,US-25 & SR-88,Hephzibah,GA,135,3.599,33.3140311,-82.0967857
8051,73005,NOBLE,US-20,Sturbridge,MA,215,3.999,42.1084385,-72.0807772
8053,73008,MUSTANG XPRESS,US-183 & FM-1327,Austin,TX,595,3.332,30.1119237,-97.804168
8054,73009,THRIFT BULL TRUCK STOP,SR-103,San Augustine,TX,618,3.499,31.5299029,-94.1060282
8055,73012,FUELPORT # 1,FM-143,San Antonio,TX,740,3.049,29.364719,-98.700553
8056,73013,247 TRUCK STOP,I-40 EXIT 247,Widener,AR,435,2.999,35.0231679,-90.6835441
8058,73015,76,US 40,Franklinville,NJ,150,3.169,39.6179019,-75.0808338
8059,73016,PARKERS #112,SR 67,Statesboro,GA,195,3.199,32.406261,-81.762413
8060,73017,U Stop #36,US 136 & SR 50,Tecumseh,NE,413,3.399,40.3680345,-96.1940137
8062,73021,Circle K #2746245,I 35W EXIT 6,Minneapolis,MN,448,3.599,44.9484577,-93.2751757
8063,73025,151 TRAVEL CENTER,SR 34 & N Central Rd,Darlington,SC,46,3.299,34.3028537,-79.8710831
8064,73026,Gas N Wash,SR-171,Lemont,IL,290,3.299,41.71047,-87.980846
8067,73028,PETRO HENDERSON #968,"I-11, EXIT 15A",Henderson,NV,910,3.639,36.0319602,-114.9822716
8068,73029,One9 #1417,I-35 Exit 323,Lorena,TX,765,2.902,31.3865592,-97.2155596
8069,73030,SPEED TREK TRAVEL CENTER,I-90 EXIT 25,Belvidere,IL,520,3.899,42.2579991,-88.841734
8072,73031,Travel Refresh,US 59,Corrigan                                ,TX,618,2.949,31.0170459,-94.8238785
8073,73032,Parkers #110,SR 56,Augusta,GA,135,3.192,33.227492,-81.952802
8075,73035,QUIKTRIP #7909,US-10,El Paso,TX,640,2.849,31.777638,-106.424163
8076,73036,Maverik Country Store #741,US-80,Rock Springs,WY,827,3.307,41.5753779,-109.239967
8077,73037,TA EXPRESS #567,"I-20, EXIT 81 & SR-149",Ruston,LA,745,3.114,32.5297498,-92.6386604
8078,73039,Spinx  #292,"I-26, EXIT 10",Inman,SC,210,3.166,35.047841,-82.0906082
8079,73040,TAILGATE #3,SR 21,Bryan,TX,670,3.599,30.678633,-96.376065
8080,73041,Racetrac #182,US- 19,Hampton                                 ,GA,67,2.999,33.391243,-84.309452
8081,73042,MAVERIK #728,Hwy 483,Lovington,NM,593,3.094,32.9440685,-103.3487454
8082,73043,MAVERIK #740,"I-25, EXIT 347",Las Vegas,NM,580,3.162,35.5939325,-105.223896
8083,73044,Maverik #732,"US 20, EXIT 310",Idaho Falls,ID,825,3.394,43.529374,-112.019857
8084,73045,MAVERIK #717,US-395,Spokane,WA,970,3.979,47.6603115,-117.4124742
8086,73046,Refuel #63,US 501 & SR 544,Conway,SC,46,3.134,33.8360035,-79.0478143
8088,73048,ALLSUPS CONVENIENCE STORE #2473,US-287,Bowie,TX,630,2.899,33.541548,-97.8436123
8089,73051,CIRCLE K #2709540,"I-10, EXIT 10 & SR-90",Sierra Vista,AZ,980,3.629,31.5647691,-110.2742994
8090,73052,Circle K #2701875,US-78 E,Grovetown,GA,135,3.499,33.4504157,-82.1981764
8091,73053,Circle K #2746108,"I-90/US-212, EXIT 447",Billings,MT,780,3.579,45.7874957,-108.49607
8092,73055,CIRCLE K #4707124,SR-3,Liberty,ME,203,4.099,44.3927438,-69.3074579
8093,73056,CIRCLE K #2723033,"I-295, EXIT 21A & I-95",Fayetteville,NC,205,3.279,35.0525759,-78.878292
8094,73057,CIRCLE K #2703586,US-550 & SR-516,Flora Vista,NM,580,3.719,36.7939546,-108.079821
8095,73058,CIRCLE K #4707605,SR-365/SR-69/SR-49 & SR-26,Rome,NY,235,3.999,43.2102196,-75.4583956
8097,73061,Circle K #2709045,"US-62 & SR-375, EXIT 39",El Paso,TX,640,3.202,31.7601001,-106.4870476
8098,73062,CIRCLE K #2741849,SR-358 & SR-286,Corpus Christi,TX,625,3.124,27.7635302,-97.4033191
8099,73063,HOLIDAY STATIONSTORE #2746223,"I-35, EXIT 135 & US-61",Andover,MN,448,3.499,45.2332985,-93.2913405
8100,73064,7-ELEVEN #42315,"I-85, Exit 88",Lexington,NC,765,3.399,35.8240265,-80.2533838
8101,73065,RACETRAC #2631,"I-75, EXIT 285 & US-41/SR-3",Emerson,GA,193,2.887,,
8102,73066,QUIKTRIP #1499,I-10 EXIT 267,Tucson,AZ,980,3.062,32.2506,-111.0124
8103,73067,J STARR,I-29 EXIT 8,Hankinson,ND,341,3.499,46.069681,-96.901748
8104,73068,MAVERIK #5369,SR 21,Colorado Springs,CO,796,3.499,38.8339578,-104.825348
8105,73071,7-Eleven #42340,SR-340/SR-6,Woodway,TX,765,2.932,,
8106,73072,QUIKTRIP #7204,"I-57, EXIT 337 & SR-50",University Park,IL,365,3.249,41.4400344,-87.683377
8109,73073,QUIKTRIP #7075,"I-16/SR-404, EXIT 51 & US-441",Dublin,GA,85,2.999,32.5404447,-82.903754
8111,73075,ALLSUPS CONVENIENCE STORE #2470,SR 18,Eunice,NM,710,3.099,32.4388224,-103.159002
8112,73076,MAVERIK #5148,US 40,Kremmling,CO,800,3.679,40.0621992,-106.4001538
8113,73078,Shelee's Travel Center,"I-10, Exit 146",Coachella,CA,900,3.949,33.6794956,-116.17628
8115,73079,PILOT DEALER #1433,I-10 EXIT 160,Chandler,AZ,930,3.504,33.3062031,-111.841185
8117,73080,Circle K #2707255,"I-75, Exit 60",Tifton,GA,10,3.062,31.4549719,-83.5108284
8118,73081,ALLSUPS #2476,I-40 EXIT 38 & SR 6,Elk City,OK,483,2.931,35.4140081,-99.4138648
8119,73082,KWIK STAR #1153,US 71,Milford,IA,433,3.324,43.316144,-95.150002
8120,73083,Kwik Star #1213,I-380 EXIT 2,North Liberty,IA,380,3.159,41.7478297,-91.6064397
8121,73084,Kwik Trip #747,I-94 ALT & US-12,Baldwin,WI,448,3.499,44.9667546,-92.3732461
8122,73085,Loves Travel Stop #550,I-75 EXIT 13,Valdosta,GA,982,3.222,30.8327022,-83.2784851
8123,73088,Pilot #1390,I-16 Exit  143,Ellabell,GA,135,3.306,32.1235368,-81.4856673
8125,73090,Quiktrip #1148,I-26 EXIT 53,Flat Rock,NC,210,2.849,35.298217,-82.407849
8126,73092,QUIKTRIP #4042,I-10,Converse,TX,740,2.946,29.5180081,-98.3161241
8129,73094,MARATHON,US-24,Taylor                                  ,MI,325,3.539,42.22628,-83.268812
8131,73095,Quiktrip #7250,US 49,Richland,MS,760,2.916,32.271303,-90.156405
8132,73096,KWIK TRIP #748,US 8,Barron,WI,295,3.647,45.3933097,-91.7972957
8133,73098,KWIK TRIP #1269,SR 27,Cadott,WI,448,3.401,44.947474,-91.147627
8134,73099,Kwik Star #1296,SR 115,Harrisburg,SD,448,2.939,43.437187,-96.727677
8135,73100,MAVERIK #747,I-215 Exit 21,Salt Lake City,UT,835,3.392,40.7596198,-111.886797
8136,73101,7-ELEVEN 42279,"I-76, Exit 39",Keenesburg,CO,800,3.149,40.109822,-104.51528
8137,73103,RaceTrac #2654,I-20 EXIT 130,Greensboro,GA,16,3.399,33.5756831,-83.1823789
8139,73112,SHEETZ #831,I-26 EXIT 44 & US 25,Hendersonville,NC,210,2.859,35.3187279,-82.4609528
8140,73114,ROAD RANGER #319,"I-35E, EXIT 381",Milford,TX,630,3.031,32.1245956,-96.945277
8141,73117,MAVERIK #722,"I-29, EXIT 304",Baker City,OR,925,3.459,44.77874,-117.80998
8142,73118,ALLSUPS #2432,US 287 & SR 34,Ennis,TX,630,2.929,32.3210559,-96.662744
1,7,WOODSHED OF BIG CABIN,"I-44, EXIT 283 & US-69",Big Cabin,OK,307,3.007,35.25364,-99.646878
3,20,PILOT TRAVEL CENTER #1243,"I-8, EXIT 119 & SR-85",Gila Bend,AZ,930,3.899,32.960027,-112.702211
15,79,DELAWARE TRUCK PLAZA,US-13 & US-40,New Castle                              ,DE,243,3.249,39.664685,-75.566167
35,149,RAYS TRUCK WASH,"I-69, EXIT 309 & US-30",Fort Wayne                              ,IN,370,3.592,41.017558,-85.171635
51,203,PILOT TRAVEL CENTER #31,"I-80/94, EXIT 2",Highland,IN,365,3.829,41.551826,-87.461181
63,250,GOLDEN OX TRUCK STOP,"I-70/US-40, EXIT 159 & US-183",Hays,KS,523,3.499,38.880051,-99.323766
78,293,LOVES TRAVEL STOP #176,"I-35, MILE MARKER 97",Matfield Green,KS,336,3.256,38.160232,-96.562612
85,358,TA BINGHAMTON TRAVELCENTER,"I-81N, EXIT 2W & I-81S, EXIT 3",Binghamton,NY,32,3.769,42.097994,-75.917039
90,368,WILTON TRAVEL PLAZA,"I-87, EXIT 16",Gansevoort                              ,NY,12,3.749,43.19618,-73.65178
104,456,THE COUNTRY OASIS,US-24,Woodburn                                ,IN,370,3.399,41.125011,-84.851654
115,496,PILOT TRAVEL CENTERS #270,"I-40 & I-75, EXIT 374",Knoxville,TN,405,3.439,36.0148,-83.970819
129,572,PILOT TRAVEL CENTER #881,"I-69, EXIT 309A",Fort Wayne                              ,IN,370,3.899,41.113154,-85.12887
150,652,TA KNOXVILLE EAST TRAVEL CENTER,"I-40 & I-75, EXIT 374",Knoxville,TN,405,3.426,36.0148,-83.970819
170,863,Ocean Fuel,US-301/SR-73,Sylvania,GA,195,3.499,33.11097,-83.61517
180,982,CIRCLE K #2701948,"I-8, EXIT 7 & SR-195",Yuma,AZ,900,3.566,33.639649,-112.004933
186,1047,TA MARIANNA TRAVEL CENTER,"I-10/SR-8, EXIT 142 & SR-71",Marianna,FL,20,3.607,30.776319,-85.234411
216,1204,PETRO STOPPING CENTER #321,"I-70 & I-57, EXIT 159",Effingham,IL,574,3.549,41.791171,-87.586713
233,1265,JOE JOES TRAVEL CENTER,US-78 & RED BANKS RD S,Red Banks,MS,435,2.972,37.021283,-78.143727
243,1356,LOVES TRAVEL STOP #257,"I-40 & HORIZON, EXIT 79",Milan,NM,580,3.591,51.291675,-113.994402
252,1414,SAC SHOP #507,"I-70, EXIT 12/161",Breezewood                              ,PA,14,4.099,39.99925,-78.23862
265,1487,ROADRUNNER MARKET #6019,"I-81, EXIT 36 NORTH",Greeneville                             ,TN,405,3.499,36.165174,-82.812518
273,1552,STRIPES #40911,US-59 & SR-16,Freer,TX,625,3.099,41.151909,-81.386869
279,1579,FLYING J TRAVEL PLAZA #924- TOWN PUMP,"I-15, EXIT 122 & I-90 MM220",Butte                                   ,MT,816,3.566,45.735913,-108.608527
295,1632,PILOT TRAVEL CENTERS #266,"I-10, EXIT 139 & SR-292",Las Cruces                              ,NM,640,3.191,40.616797,-83.596761
313,1749,HIGHWAY 96 FUEL STOP,US-96 & SR-62/FM-1004,Buna                                    ,TX,610,3.149,6.254839,-75.541346
327,1858,FLYING J TRAVEL PLAZA #737,"I-10, EXIT 583",San Antonio                             ,TX,740,3.224,29.374994,-98.588562
342,1905,LUCKY TRUCK STOP,US-82,Whitesboro                              ,TX,630,2.886,31.64293,-97.9717
348,1931,RBS ONE STOP,"I-15, EXIT 320",Woods Cross                             ,UT,835,3.459,40.873884,-111.917771
360,1960,MAPLEWOOD IRVING,"I-89, EXIT 7",Montpelier                              ,VT,170,3.699,44.263716,-72.57541
372,2022,GO MART FOOD STORE #86,"I-79, EXIT 40 & SR-16",Ivydale                                 ,WV,44,3.599,26.175429,-80.099384
390,2167,PILOT TRAVEL CENTERS #134,"I-94, EXIT 171 (CR 75)",Saint Cloud,MN,451,3.287,45.530748,-94.18087
403,2255,S&G #36,"I-280, EXIT 2 & SR-795",Millbury,OH,550,3.492,41.564559,-83.555728
414,2602,PILOT TRAVEL CENTERS #9,"I-75, EXIT 36",Franklin,OH,407,3.352,39.563102,-84.295515
419,2638,PIT STOP TRAVEL CENTER,US-789,Riverton                                ,WY,790,4.399,43.027342,-108.386516
437,2862,TA TALLULAH TRAVEL CENTER,"I-20, EXIT 171 & US-65",Tallulah,LA,760,3.209,27.927717,-82.73069
448,2910,FLYING J TRAVEL PLAZA #685,"I-29 & I- 94, EXIT 349",Fargo                                   ,ND,341,3.569,41.724336,-87.585436
462,2967,PETRO STOPPING CENTER #317,"I-57, EXIT 71",Perrysburg,OH,550,3.786,41.539388,-83.644796
474,3118,MOBIL,"I-87, EXIT 42 & US-11",Champlain,NY,39,3.799,44.946777,-73.42634
482,3165,LOVES TRAVEL STOP #213,"I-35, EXIT 211",Tonkawa,OK,500,3.584,36.678979,-97.308234
486,3178,ERNIES FUEL STOP #1605,SR-167,Kent,WA,977,4.599,47.437349,-122.218507
488,3191,BUSY CORNER TRUCK STOP AND MARKET,"I-24, EXIT 105 & US-41/SR-2",Manchester,TN,460,3.049,35.464396,-86.07756
503,3284,CASEYS #4390,"I-49/US-71, EXIT 77 & US-160",Lamar,MO,416,3.199,40.49444,-95.08442
513,3415,JAYS EL CHEAPO FUEL STOP,"I-16, EXIT 104",Metter                                  ,GA,195,3.249,32.396839,-82.062904
528,3479,FAST MARKET #4550,"I-75/SR-401, EXIT 136 & US-341",Perry,GA,85,3.099,32.456798,-83.734831
539,3588,BINGO TRUCK STOP,"I-10, EXIT 829 & SR-124",Winnie                                  ,TX,610,2.999,35.3459,-93.042593
554,3699,WARREN TRAVEL PLAZA,"I-69, EXIT 278 & SR-5",Warren,IN,375,3.399,40.475594,-85.967487
560,3728,PLAZA 23 TRUCK STOP,"I-787, EXIT 2",Albany,NY,12,3.799,42.657553,-73.790031
561,3737,JORDAN'S KWIK STOP #70,US-49,West Helena                             ,AR,435,3.399,34.55066,-90.64177
574,3888,Fics Plaza,"I-90, EXIT 184",Deer Lodge                              ,MT,816,3.519,46.12854,-112.94226
586,3973,LOVES TRAVEL STOP #205,"I-35 & I-44, EXIT 137",Oklahoma City,OK,483,3.319,35.4492,-97.48583
600,4113,ASAP GENERAL STORE #330,US-412/SR-15,Enid,OK,500,3.082,36.407732,-97.904215
891,5944,LAKE MILLS TRAVEL PLAZA,"I-94, EXIT 259 & SR- 89/CR-G",Lake Mills,WI,420,3.361,43.077855,-88.905892
8144,73120, Kwik Star #1184,US 61,Dubuque,IA,335,3.489,42.4188318,-90.6951208
8146,73126,Kwik Trip #1298,US 10,Mondovi,WI,295,3.349,44.569889,-91.688504
8147,73127,Gas N Wash,"I-55, EXIT 285",Chicago                                 ,IL,290,3.399,41.8513183,-87.620426
8148,73128,ALLSUPS CONVENIENCE STORE #2477,HWY 69 & 11th st ,Kiowa,OK,253,2.957,34.71741266412845,-95.89916490841748
8149,73129,SHEETZ #837,I-94,Romulus,MI,325,3.099,42.221041,-83.432137
8150,73130,A One Stop,"I-45, EXIT 246",Ennis,TX,630,2.936,32.3293111,-96.6252679
8151,73131,Sheetz #838,"I-85, Exit 71",Salisbury,NC,46,2.859,35.665452,-80.476366
609,4179,CIRCLE K #2705352,"I-95/SR-405, EXIT 109 & SR-30/SR-21",Port Wentworth                          ,GA,195,3.099,45.18918,-87.121515
628,4301,TIGER DISCOUNT TRUCKSTOP,"I-94, EXIT 64 & I-94 BUS",Dickinson,ND,807,3.516,41.724336,-87.585436
640,4372,GRADYS TRUCKSTOP,"I-16, EXIT 111",Pulaski                                 ,GA,195,3.466,32.237319,-83.48914
646,4427,CASEYS #2654,"I-80/US-6, EXIT 93 & CR-P28",Stuart,IA,320,3.099,25.747429,-80.345851
656,4460,EXIT 62 TRUCKSTOP,"I-71, EXIT 62 & US-127",Glencoe,KY,415,3.166,38.732917,-84.823031
667,4555,PILOT TRAVEL CENTERS #406,"I-65, EXIT 22 & US-31A/SR-11",Cornersville,TN,460,3.799,35.386328,-86.872732
686,4637,THORNTONS #369 DBA PILOT TRAVEL CENTER #514,"I-55, EXIT 126 & SR-10",Lincoln                                 ,IL,318,3.399,38.884382,-121.238113
712,4827,PETRO BEAUMONT #304,"I-10, EXIT 848",Beaumont,TX,610,3.331,30.084818,-94.145006
721,4878,SHELL DBA ONE9 #1426,"I-84, EXIT 35",Nampa                                   ,ID,785,3.374,43.579764,-116.567877
733,4910,PILOT TRAVEL CENTER #892,"I-70 EXIT 164, & US-50",Green River,UT,835,3.686,38.991788,-110.11284
736,4921,PILOT TRAVEL CENTERS #231,"I-75, EXIT 29",Corbin,KY,410,3.609,36.940324,-84.104856
743,5003,TRAILWAY TRUCK STOP,US-301/SR-304,Centreville                             ,MD,22,3.259,34.730238,-86.588226
758,5131,TRAILS END TRUCK STOP,"I-29, EXIT 110 & US-136",Rock Port,MO,486,3.406,40.410496,-95.52837
769,5207,JJ TRAVEL PLAZA,"I-70, EXIT 70 & US-83",Oakley,KS,525,3.616,39.042681,-100.897282
780,5258,PT TRUCK STOP,"I-12, EXIT 42",Hammond                                 ,LA,623,3.249,30.501623,-90.46711
793,5349,JET FOOD STORE #17,US-1/SR=4/SR-540 & US-220/SR-47,Wrens,GA,135,3.416,33.207016,-82.386062
805,5435,MEADE AUTO AND TRUCK PLAZA,US-54,Meade                                   ,KS,525,3.799,37.238088,-100.36615
807,5446,PETRO STOPPING CENTER #308,"I-20, EXIT 8 & SR-526",Shreveport,LA,745,3.176,6.603755,3.619687
811,5477,CHEVRON #383766,"I-5, EXIT 216",Halsey,OR,935,3.099,44.382741,-123.109589
819,5537,HUCKS TRAVEL CENTER #51 DBA FLYING J #889,"I-57/I-64, EXIT 95 & SR-15",Mount Vernon,IL,574,3.459,42.810223,-71.57574
837,5618,MCCLURE OIL #52,"I-65/US-52, EXIT 140 & SR-32",Lebanon                                 ,IN,375,3.584,26.168259,-80.100266
855,5721,TA BALTIMORE SOUTH TRAVEL CENTER,"I-95, EXIT 41A & SR-175 & US-1",Jessup,MD,22,4.599,27.748934,-80.435578
871,5780,BILLS TRUCKSTOP,"I-85, EXIT 86                 ",Linwood                                 ,NC,65,3.449,35.777035,-80.314178
893,5949,EXXON,US-59 & LOOP 151,Texarkana                               ,TX,723,3.166,33.450855,-94.073677
896,5965,TRUCK TOWNE,I-29 EXIT 47 & SR-46,Beresford                               ,SD,572,3.159,43.077384,-96.777313
914,6041,COCKERHAM FUEL CENTER #4,"I-77, EXIT 14 & US-58/US-221",Hillsville,VA,185,3.282,58.6819,57.6423
928,6111,HAWGS EXXON,US-167/SR-25,Batesville                              ,AR,418,3.359,35.765873,-91.623262
942,6179,HENDERSON TRAVEL PLAZA,"I-10, EXIT 115 & SR-347",Breaux Bridge                           ,LA,690,3.386,30.282437,-91.902052
956,6227,MARLOWS FUEL CENTER,"I-20, EXIT 479",Dallas                                  ,TX,630,3.241,32.736212,-96.784359
970,6290,FUEL KING NAPOLEON TRAVEL CENTER,"US-6/US-24/SR/CR-3, EXIT 41",Napoleon,OH,550,3.439,41.384492,-84.17163
974,6305,I-95 Fuel Stop,"I-95, EXIT 126 & US-17/US-1",Fredericksburg,VA,180,3.264,38.296804,-77.482857
980,6318,Chisholm Corner #15,"I-35, EXIT 72 & US-19",Pauls Valley                            ,OK,569,3.387,34.734768,-97.237316
997,6393,PILOT TRAVEL CENTER #478,"I-64, EXIT 92",Leavenworth                             ,IN,415,3.959,38.19871,-86.344037
1014,6547,FLYING J TRAVEL PLAZA #762,"I-90, EXIT 126 & SR-59",Gillette,WY,836,3.899,41.151909,-81.386869
1021,6578,PILOT TRAVEL CENTER #909- TOWN PUMP,"I-15 & US-2, EXIT 363",Shelby                                  ,MT,815,3.636,-3.36667,36.85
1037,6677,ROADWAY TRAVEL CENTER,"I-29, EXIT 73",Sioux Falls                             ,SD,530,3.199,43.539387,-96.728952
1048,6745,TIGER TRUCK STOP,"I-10, EXIT 139",Grosse Tete,LA,600,3.059,30.416947,-91.438798
1049,6755,PETRO STOPPING CENTER #326,"I-40, EXIT 161 & SR-391",North Little Rock,AR,695,3.207,34.784787,-92.258199
1061,6857,TA SPARKS TRAVEL CENTER,"I-80, EXIT 19 & SR-659",Sparks,NV,966,3.899,39.540137,-119.719629
1072,6944,CROSSROADS TRUCK STOP,"I-82, EXIT 1 & US-730",Umatilla,OR,982,3.239,45.900607,-119.339305
1083,6975,TRUCKERS INN STOP,"I-90/I-94, EXIT 132 & US-51",De Forest,WI,420,3.199,43.250667,-89.350849
1102,7005,PETRO STOPPING CENTER,"I-81 & I-64, EXIT 205",Raphine,VA,185,3.659,37.357226,-79.958157
1113,7059,TA BIG SPRING TRAVEL CENTER,"I-20, EXIT 177 & US-87",Big Spring,TX,612,3.699,27.934256,-82.730156
1124,7092,LOVES TRAVEL STOP #445,I-90 EXIT 399 & SR 115,Sioux Falls,SD,530,3.889,43.539387,-96.728952
1125,7095,TA MANNING TRAVEL CENTER,"I-95, EXIT 119",Manning,SC,135,3.517,38.55529,-100.72348
1126,7106,PILOT DEALER #1163,"I-80, EXIT 42",Emlenton,PA,165,4.036,41.180448,-79.707518
1135,7135,PETRO STOPPING CENTER #336,"I-81, EXIT 52 & I-76, EXIT 226",Carlisle,PA,70,4.149,40.196702,-77.198508
1162,7213,SENECA ONE STOP,"I-90, EXIT 58",Irving                                  ,NY,38,2.899,42.5675589,-79.1128169
1176,7231,TA ALBUQUERQUE TRAVEL CENTER,"I-25, EXIT 227 OR 225",Albuquerque,NM,580,3.587,35.0841034,-106.650985
1188,7269,GRAND ISLAND TRAVEL CENTER,"I-80, EXIT 312 & US-281/US-34",Grand Island,NE,330,3.266,40.8873721,-98.3437305
1199,7300,B AND D AUTO TRUCK PLAZA,"I-44, EXIT 127",Lebanon,MO,416,3.099,37.6806669,-92.6637835
1202,7314,TA MERIDIAN TRAVEL CENTER,"I-20 & I-59, EXIT 160",Meridian,MS,705,2.912,32.36736,-88.67474
1223,7354,CIRCLE K #4707065,"I-95, EXIT 2",Kittery,ME,125,3.899,43.0856724,-70.743658
1232,7385,WAKEENEY 24 7 STORE #3,"I-70/US-40, EXIT 127 & US-283",Wakeeney,KS,525,3.091,39.0236309,-99.883729
1243,7410,PILOT TRAVEL CENTERS #373,"I-35 & I-80, EXIT 126",Urbandale                               ,IA,320,3.356,41.6274511,-93.7380243
1262,7469,PILOT TRAVEL CENTERS #313,"I-70/I-55, EXIT 4 & SR-203",East Saint Louis,IL,540,3.439,38.6268666,-90.159707
1292,7625,LOVES TRAVEL STOP #248,"I-40, EXIT 71",Clinton,OK,483,3.172,35.5156056,-98.9673069
1294,7629,ARNOLDS TRUCK STOP,US-72/SR-20/SR-157 & CR-59,Tuscumbia                               ,AL,615,3.169,34.7318811,-87.7028627
1313,7768,BIG D #30,"I-25/US-87, EXIT 9 & I-80, EXIT 359C & I-80 BUS/US-30",Cheyenne,WY,795,3.204,41.139981,-104.820246
1340,9354,BFS FOODS TRUCK PLAZA,"I-79, EXIT 1",Mount Morris,PA,165,4.499,39.7330025,-80.0685773
1350,9451,TA BETO JUNCTION TRAVEL CENTER,"I-35, EXIT 155 & US-75",Lebo,KS,336,3.231,38.4166818,-95.8530441
1361,9553,LYNDON STATION BP,I-90 & 94 EXIT 79,Lyndon Station,WI,420,3.177,43.7117126,-89.9004665
1362,9554,BIG D OIL #2,US-85 & US-34,Belle Fourche                           ,SD,506,3.227,44.6095243,-103.859149
1372,9717,COFFEE CUP FUEL STOP #8,"I-90, EXIT 212 & SR-83",Vivian                                  ,SD,455,3.097,43.926936,-100.301125
1388,9851,KWIK STOP #86,US-151/US-52/US-61,Dubuque                                 ,IA,335,3.489,42.5006243,-90.6647985
1406,10014,Sudden Service #6604,"I-40, EXIT 212",Nashville,TN,460,3.399,36.1622767,-86.7742984
1413,10047,TOWN PUMP FOOD STORE #8929,"I-15, EXIT 339",Conrad                                  ,MT,815,3.599,48.170251,-111.943019
1436,10154,I 49 TRUCK STOP,"I-49, EXIT 23 & US-167",Opelousas                               ,LA,600,3.199,30.525943,-92.085363
1441,10168,Express Stop,"I-94, EXIT 145",Jackson                                 ,MI,385,3.589,42.2474,-84.403848
1464,20050,LOVES TRAVEL STOP #260,"I-35, EXIT 106 & SR-9 W",Norman,OK,483,3.254,35.2225717,-97.4394816
1475,20108,TEX-BEST #501,"I-37, EXIT 125",Elmendorf                               ,TX,740,2.949,29.2560731,-98.3327903
1496,52070,FRIENDLY EXPRESS #31,US-1 & US-301,Folkston,GA,75,3.099,30.804701,-82.000537
1505,52106,FLYING J TRAVEL PLAZA #923 -TOWN PUMP,"I-90, EXIT 455",Billings                                ,MT,780,3.581,45.7874957,-108.49607
1519,52146,FLYING J TRAVEL PLAZA #758,"I-25, EXIT 185 & SR-258",Casper,WY,790,3.999,42.8501191,-106.325138
1523,52153,PILOT TRAVEL CENTER #1412,"I-94 & RUSSELL RD, EXIT 1",Wadsworth,IL,444,3.769,42.4904563,-87.9051003
1538,52241,Rocket,"I-25/US-85/US-87, EXIT 161 & SR-105",Monument                                ,CO,803,3.195,39.0916586,-104.872758
1585,52427,PILOT TRAVEL CENTERS #340,"I-80, EXIT 46",Fernley,NV,966,3.916,39.6078829,-119.2506489
1593,52450,PILOT #1290,"I-35, EXIT 410 & US-77",Red Oak,TX,630,3.299,32.5143898,-96.8066615
1594,52452,PLAINVIEW TRAVEL PLAZA,"US-41, EXIT 113 & SR-26",Oshkosh,WI,444,3.199,44.0206919,-88.5408574
1604,52466,FLYING J TRAVEL PLAZA #784,"I-95, EXIT 100 & SR-272",North East,MD,22,4.199,39.5992989,-75.9424217
1621,52483,FLYING J TRAVEL PLAZA #659,"I-70, EXIT 253",Salina,KS,523,3.772,38.8402805,-97.6114237
1636,52517,STRIPES 7FLEET #42562,US-84 & US-385,Littlefield,TX,700,3.199,33.9333368,-102.3268703
1650,52542,FLYING J TRAVEL PLAZA #624,"I-75, EXIT 285 & SR-52",San Antonio,FL,225,3.599,28.3361142,-82.2745308
1661,52562,MOBIL,"I-87, EXIT 36                 ",Plattsburgh                             ,NY,39,3.799,44.695549,-73.45682
1677,52591,FLYING J TRAVEL PLAZA #749,"I-95, EXIT 104",Ruther Glen,VA,180,3.619,37.9408753,-77.4618647
1682,52599,7-ELEVEN #40285,"I-76, EXIT 21/286",Bowmansville,PA,208,3.971,40.1967609,-76.0174416
1696,52615,PILOT TRAVEL CENTERS #4,"I-90, EXIT 151",Avon,OH,305,3.879,41.4516512,-82.0350598
1705,52625,FLYING J TRAVEL PLAZA #673,"I-44, EXIT 226 & SR-85",Sullivan                                ,MO,540,3.324,38.2078684,-91.160072
1725,52644,ONE9 #058,"I-95, EXIT 180 & SR-48",Pleasant Hill                           ,NC,205,3.399,36.257019,-80.89179
1738,52667,EXPRESS LANE TRAVEL CENTER,"I-20, EXIT 100 & US-80",Lawrence,MS,705,3.299,32.3251443,-89.2328394
1750,52685,LOVES TRAVEL STOP #275,"I-40/US-63, EXIT 233 & SR-261",Palestine,AR,435,3.316,34.9719871,-90.9035586
1762,52697,FLYING J TRAVEL PLAZA #747,"I-15, EXIT 261",Springville                             ,UT,835,3.766,40.1652447,-111.6114726
1766,60136,HOBO PANTRY #18,US-431,Headland                                ,AL,20,3.599,31.35704,-85.327316
1790,60294,LITTLE CAPITOL EXXON,"I-10, EXIT 115",Breaux Bridge                           ,LA,600,3.899,30.282437,-91.902052
1806,60347,KWIK TRIP #875,"I-90, EXIT 157, BRIDGE ST ENTRANCE",Albert Lea,MN,515,3.324,43.651475,-93.361429
1816,60398,TOWN PUMP FOOD STORE #610,"I-90, EXIT 333",Livingston                              ,MT,786,3.644,45.64438,-110.57021
1834,60515,FLASH MARKET #302,SR-9 & SR-151,Pageland,SC,46,3.386,34.7719578,-80.3914661
1840,60551,CIRCLE K #2744522,"I-30, EXIT 201  I-30 & SR-8",New Boston,TX,766,2.942,33.4598415,-94.4154787
1843,60579,SPEEDWAY #4633,US-220/US-221/US-460,Roanoke,VA,185,3.399,37.270973,-79.9414313
1856,60768,GAS N GO FOOD STORE,"I-75, EXIT 290/US-41",Cartersville,GA,48,2.942,34.0252178,-84.633246
1867,60807,BATAVIA GARDENS AND GAS,"US-34, EXIT 203",Batavia,IA,320,3.379,40.9940985,-92.1674331
1876,60846,EXPRESS LANE #50,"I-88, EXIT 10",Hillsdale                               ,IL,270,3.699,41.60837,-90.19346
1902,60988,GULF OIL LP #5020,"I-90, MM291",Blandford,MA,215,3.914,42.1806065,-72.9279125
1909,61019,MARDELA GOOSE CREEK FOOD STORE,US-50,Mardela Springs                         ,MD,194,3.979,38.4598391,-75.7590991
1931,61090,Northdale Oil,US-59 & SR-1,Thief River Falls                       ,MN,355,3.239,48.116226,-96.1601927
1935,61106,TEMP STOP #102,US-54 & SR-52,Eldon,MO,392,3.199,38.3460109,-92.5545976
1936,61110,HB OF RANDOLPH,"I-435, EXIT 55B & SR-210",Kansas City,MO,400,3.149,39.100105,-94.5781416
1947,61193,SPEEDWAY #8502,"I-75, EXIT 161 & CR-99",Findlay,OH,411,3.299,41.0413873,-83.6503982
1957,61301,SUNOCO- WALT WHITMAN PLAZA #7007,"NJTP,MILE POST 30",Cherry Hill,NJ,150,3.899,39.9348351,-75.0307264
1967,61346,SUNOCO- ALEXANDER HAMILTON PLAZA #7016,NEW JERSEY TURNPIKE SOUTH MILEPOST 111.6 ,Secaucus,NJ,115,3.899,40.7899291,-74.0566735
1982,61461,S&G,"I-280, EXIT 7                 ",Oregon                                  ,OH,550,3.599,41.6436603,-83.4868768
1996,61571,7-ELEVEN #40280,MILE MARKER 55 NE EXT PENN TPKE,Allentown,PA,90,3.589,40.6022552,-75.4716115
2007,61633,ECO TRAVEL PLAZA,"I-40, EXIT 320 & SR-298",Crossville,TN,405,3.026,35.949684,-85.0274835
2008,61642,PILOT TRAVEL CENTERS #252,"I-35, EXIT 26",Kearney,MO,400,3.699,39.3731886,-94.3621376
2016,61747,TEX-BEST #504,"I-35, EXIT 141",Von Ormy                                ,TX,740,3.157,29.28578,-98.6515
2072,62355,MINIT MART #600630,"I-39, EXIT 14",El Paso,IL,368,3.679,40.7392018,-89.0164626
2082,62550,Sunoco,"I-275, EXIT 11",New Boston                              ,MI,325,3.399,42.1625408,-83.4029885
2098,62841,SPEEDWAY #9912,"I-81, EXIT 10",Mc Graw,NY,32,4.309,30.207435,-91.824932
2108,63013,TA WEST GREENWICH,"I-95, EXIT 5B",West Greenwich,RI,175,3.766,41.612338,-71.665519
2109,63018,CIRCLE K #2723354,"I-526, EXIT 18A & US-78",Charleston,SC,42,3.299,32.7884363,-79.9399309
2125,63379,Petro Stopping Center #460,"I-70, EXIT 28",Oak Grove,MO,400,3.212,39.0048397,-94.1291914
2135,63500,SPEEDWAY #8723,"I-75, EXIT 144B",Bridgeport,MI,342,3.379,43.3594696,-83.8816364
2148,63517,TA LINCOLN TRAVEL CENTER,"I-20, EXIT 168 & SR-77",Lincoln,AL,615,3.084,33.6131588,-86.1183061
2171,63572,PILOT TRAVEL CENTER #211,"I-40, EXIT 9 & SR-95",Lake Havasu City,AZ,910,3.849,34.4755537,-114.3285898
2186,63588,KWIK TRIP #686,"I-94, EXIT 333/US-41 & SR-20",Sturtevant,WI,444,3.769,42.6901949,-87.9536353
2191,63598,PILOT TRAVEL CENTERS #164,"I-90/I-94, EXIT 69 & SR-82",Mauston,WI,420,3.299,43.7968543,-90.0756767
2200,63606,FLYING J TRAVEL PLAZA #652,"I-65/US-52, EXIT 139 & SR-39",Lebanon,IN,375,3.641,40.0483744,-86.4691677
2218,63623,PILOT TRAVEL CENTER #90,"I-95/SR-9, EXIT 129 & SR-91, EXIT 152 & SR-70",Fort Pierce,FL,95,3.519,27.4467056,-80.3256056
2247,63671,WESTERN TRAVEL TERMINAL,US-26 & US-85,Torrington                              ,WY,795,3.399,42.0771091,-104.2153532
2262,63706,QUICK FUEL #1003,"I-41/US-45, EXIT 45 & CR-EE",Milwaukee,WI,444,3.426,43.0386475,-87.9090751
2270,63724,LOVES TRAVEL STOP #244,"I-40, EXIT 87 & US-70/US-412",Jackson,TN,435,3.497,35.6714692,-88.8618549
2271,63725,TA CARTERSVILLE TRAVEL CENTER,"I-75, EXIT 296",Cartersville,GA,18,3.599,34.1652304,-84.7997613
2284,63736,PLATEAU TRUCK AND AUTO CENTER,"I-10, EXIT 159",Van Horn                                ,TX,640,3.099,32.255664,-96.081836
2305,63761,7Fleet #46589,"I-94/US-52, EXIT 205 & SR-241",Saint Michael,MN,448,3.309,45.210202,-93.6648083
2321,63771,FLYING J FUEL STOP #572,"I-35, EXIT 144",Williams                                ,IA,433,3.699,42.48776,-93.56882
2340,63794,PILOT TRAVEL CENTERS #157,"I-30, EXIT 122",Sulphur Springs,TX,723,3.309,33.135706,-95.605897
2352,63813,TA SAN ANTONIO TRAVELCENTER,"I-10 & FOSTER RD, EXIT 583",San Antonio,TX,740,3.207,29.479484,-98.3601963
2359,63850,PILOT TRAVEL CENTER #180,"I-40, EXIT 185",Bellemont,AZ,930,3.609,35.2373443,-111.820629
2362,63855,LOVES TRAVEL STOP #460,"I-10, EXIT 302",Benson,AZ,980,3.279,31.9679895,-110.2943314
2373,63907,QUIKTRIP #737,"I-85, EXIT 137",Jefferson,GA,16,3.119,34.1170537,-83.5723876
2385,63938,CUBBYS #301,US-34 & SR-48,Red Oak,IA,319,3.399,41.0095189,-95.228247
2394,63960,BUTLER ONE STOP,"I-69, EXIT 329",Butler                                  ,IN,370,3.519,41.427893,-84.87936
2408,63997,LEON GROCERY,US-400,Leon                                    ,KS,336,3.399,37.6902964,-96.7822508
2422,64042,LA PLACE TRAVEL CENTER,"I-10, EXIT 209 & I-55, EXIT 1",La Place,LA,725,3.259,32.3784735,-85.8627339
2435,64069,301 BP,US-301/SR-5,Brandywine,MD,22,3.259,38.6819342,-76.8734747
2438,64083,BIG DADDYS TRUCKSTOP,US-223 & US-23,Ottawa Lake,MI,325,3.499,41.7965075,-83.7289312
2439,64084,RPF OIL #92 PARMA TRAVEL CENTER,"I-94, EXIT 128",Parma,MI,431,3.499,42.26611,-84.61944
2451,64112,RAPID ROBERTS #123,"I-44, EXIT 80",Springfield                             ,MO,535,2.899,37.2081729,-93.2922715
2468,64172,CUBBYS #108,"I-80, EXIT 420 & SR-63",Greenwood,NE,319,3.399,40.962791,-96.4403478
2476,64201,POCO SHOP #2,"I-95, EXIT 31",Saint Pauls                             ,NC,205,3.799,34.8070226,-78.9707787
2489,64231,7-ELEVEN #40293,"OHIO TURNPIKE EB MILEPOST 139/I-80, EXIT 139",Amherst,OH,249,3.532,41.401243,-82.222246
2501,64275,7-ELEVEN #40279,I-276 & US-202 (KING OF PRUSSIA SERVICE PLAZA WB),King Of Prussia,PA,160,3.884,40.0908111,-75.3832484
2513,64310,Palmetto Roads #308,"I-95, EXIT 77                 ",Saint George                            ,SC,42,3.009,33.196,-80.60538
2527,64390,TXB #71 DBA KWIK CHEK FOOD STORES,"I-20, EXIT 136",Midland                                 ,TX,710,3.079,31.9973662,-102.077948
2544,64441,MILLER MART #55,US-460 & US-58/US-13,Suffolk,VA,130,3.092,36.8538657,-76.297323
2558,64481,LOVES TRAVEL STOP #282,"I-44, EXIT 4 & SR-43",Joplin,MO,277,3.397,37.0841838,-94.5133385
2573,64492,QUICK FUEL #2103,"I-70, EXIT 89",Indianapolis,IN,375,3.309,39.7683331,-86.1583502
2589,64508,QUICK FUEL #1150,US-51 & SR-30,Madison,WI,420,3.576,43.07469,-89.3841663
2595,64519,BLUE RIDGE TRAVEL PLAZA,"I-81 SOUTHBOUND, EXIT 155",Mountain Top,PA,200,3.649,40.1067654,-75.9527208
2608,64528,Raceway #7007,SR-74 & SR-180,Shelby                                  ,NC,46,3.249,35.2923513,-81.5356463
2621,64545,HOBO PANTRY #24,US-231 & SR-10,Brundidge                               ,AL,720,3.599,31.7326239,-85.839728
2638,64648,QUICK FUEL #2203,"I-20, EXIT 14",Atlanta,GA,18,3.319,33.786733,-84.382131
2648,64671,FLYING J TRAVEL PLAZA #756,"I-94, EXIT 116 & CR-A",Black River Falls,WI,450,3.382,44.2952152,-90.8484137
2662,64684,MR FUEL #721,"I-465, EXIT 4 & SR 37",Indianapolis,IN,375,3.319,39.7125784,-86.3019549
2692,64777,4 POINTS MARKET,US-441/SR-7 & SR-804,Boynton Beach,FL,95,3.229,26.5284562,-80.0813754
2715,64859,QUICK FUEL #2901,"I-35/I-80, EXIT 136",Des Moines,IA,320,3.137,41.5868654,-93.6249494
2726,64877,CASEYS #3900,"US-218, EXIT 80 & SR-22",Riverside,IA,380,3.171,41.4797157,-91.5812739
2735,64894,CIRCLE K #4701251,"I-55, EXIT 160B & SR-9",Bloomington,IL,280,3.399,40.4797828,-88.9939147
2748,64939,FAMILY EXPRESS #27 (DISCOUNT AVAILABLE),US-421,Medaryville,IN,365,3.649,41.0805951,-86.8919629
2757,64980,DOUBLE KWIK MARKET #1044,SR-15/SR-7/SR-160,Isom                                    ,KY,255,3.749,37.1878764,-82.8987718
2762,64996,AVONDALE TRUCK STOP,SR-90,Westwego                                ,LA,725,3.449,29.896585,-90.142372
2765,65000,SILVERS TRAVEL CENTER,"I-10, EXIT 109",Breaux Bridge                           ,LA,690,3.369,30.282437,-91.902052
2780,65030,CASH MAGIC THIBODAUX,SR-1,Thibodaux,LA,725,3.399,29.7957633,-90.822871
2788,65066,HURLOCK CITGO,SR-392 & SR-331,Hurlock                                 ,MD,194,3.259,38.6346863,-75.8637279
2807,65113,NORTHWIND TRAVEL CENTER,"US-131, EXIT 153 & US-10",Reed City,MI,456,3.599,43.875017,-85.51005
2819,65162,Petro Mart #15,I-270 EXIT 33,Saint Louis                             ,MO,540,2.904,38.6254063,-90.190009
2834,65216,STUCKEYS EXPRESS,US-43S,Pelahatchie                             ,MS,760,3.199,32.3132159,-89.7989402
2840,65246,DOBBS PLACE,"I-95, EXIT 17",Lumberton                               ,NC,245,3.159,34.6183305,-79.008205
2851,65284,Caseys #4526,"I-80, EXIT 237",Lexington,NE,330,3.057,40.74195,-99.74067
2860,65308,SUNOCO,SR-17,East Rutherford                         ,NJ,115,3.192,40.833989,-74.0970865
2871,65338,SWIFT FUEL STOP,"I-78, EXIT 13",Newark                                  ,NJ,115,3.879,40.735657,-74.1723667
2884,65379,MIRABITO #74,"SR-79 N/I-88E, EXIT 6",Harpursville                            ,NY,12,4.659,42.1784124,-75.6246298
2897,65423,BARNEYS CONVENIENCE MART #15,"I-75, EXIT 195 & I-90, EXIT 64 & SR-795",Rossford,OH,550,3.599,41.6097726,-83.5643782
2926,65490,PILOT TRAVEL CENTER #422,"I-85, EXIT 41 & US-29",Newnan,GA,18,3.699,33.374274,-84.799547
2928,65494,FLYING J TRAVEL PLAZA #633,"I-20, EXIT 138",Union Point,GA,135,3.859,33.6156831,-83.0745969
2945,65532,PILOT TRAVEL CENTERS #1,"I-80,  EXIT 173",Mill Hall,PA,14,4.016,41.1121786,-77.4893806
2955,65587,HOT SPOT #2022,US-25/US-76,Honea Path,SC,30,2.909,34.4462465,-82.3918959
2964,65622,QUICK STOP #34,US-11/SR-1,Bristol                                 ,TN,405,3.299,36.6028404,-82.1918077
2977,65678,ONE9 #1300,US-287 & SR-34,Ennis,TX,630,2.869,32.3210559,-96.662744
2986,65755,CIRCLE K #2723373,US-11 & SR-622,Atkins,VA,185,3.349,36.8673392,-81.4234428
2993,65770,JOLLEY #136,"I-89, EXIT 21",Alburgh                                 ,VT,39,3.539,44.974316,-73.304273
3004,65809,KWIK TRIP #399,SR-21 & SR-80,Necedah,WI,395,3.249,44.0254284,-90.07213
3005,65810,HIGHWAY HARRY'S,I-90/I-94 EXIT 61 & SR-80,New Lisbon,WI,420,3.172,43.8852802,-90.1520864
3013,65824,CHANEYS SERVICE STATION,US-30 & SR-2,Chester                                 ,WV,165,3.799,40.6129723,-80.5543638
3034,65862,PILOT TRAVEL CENTERS #396,"I-81, EXIT 213",Staunton                                ,VA,185,3.659,38.1495947,-79.072557
3058,65917,CUMBERLAND CORNER MART,SR-90 & US-127,Albany,KY,410,3.574,36.7125681,-85.1461283
3076,65989,DANCING EAGLE,"I-40, EXIT 108",Casa Blanca                             ,NM,580,3.359,35.046318,-107.4713938
3093,66030,Colfax Travel Center,"I-80, EXIT 159 & SR-117",Colfax,IA,320,3.149,41.6777241,-93.2452335
2687,64764,CORNER MARKET #62,SR-13/SR-789 & SR-64,Meeker,CO,800,3.729,,
2703,64819,CIRCLE K #4174,"I-285/SR-407, EXIT 53 & US-23/SR-42",Conley,GA,18,3.999,,
3103,66040,LOVES TRAVEL STOP #272,"I-40 & DW (RANCH RD), EXIT 59",Kingman,AZ,910,3.856,35.1895921,-114.0532996
3109,66045,FLYING J TRAVEL PLAZA #698,"I-71, EXIT 69",Jeffersonville,OH,315,3.399,39.64895,-83.5402
3119,66062,FLYING J TRAVEL PLAZA #716,"I-29, EXIT 83",Sioux Falls                             ,SD,530,3.899,43.5476008,-96.7293629
3131,66091,KEYSVILLE SAV U TIME,US-360,Keysville                               ,VA,180,3.399,37.062928,-78.46976
3145,66119,FLYING J TRAVEL PLAZA #645,"I-270 & SR-11, EXIT 6",Granite City,IL,540,3.699,38.7014389,-90.1487199
3168,66139,LOVES TRAVEL STOPS #305,"I-81, EXIT 291 & SR-651",Toms Brook,VA,60,3.649,38.9464989,-78.4391741
3180,66173,TIMEWISE FOOD STORE #160,"I-10, EXIT 661",Flatonia                                ,TX,740,3.199,29.6868046,-97.1071039
3181,66174,TIMEWISE FOOD STORE #162,"I-10, EXIT 456",Junction                                ,TX,740,3.099,30.4893555,-99.7720109
3187,66183,CHEVRON CURB STORE,SR-35 & SR-21,Forest                                  ,MS,705,3.569,32.3645888,-89.4742348
3216,66219,PETRO-CANADA,HWY-3,Lethbridge                              ,AB,50,4.127,29.3476859,-94.9411246
3238,66239,Hola,US-27/SR-80/SR-25,South Bay                               ,FL,95,3.419,26.664592,-80.715839
3253,66261,CIRCLE K #2723123,"I-95, EXIT 71",Dunn,NC,205,3.142,35.3076902,-78.6093257
3258,66273,PETRO STOPPING CENTER,"I-59, EXIT 181 & US-77",Gadsden                                 ,AL,615,3.999,34.0128323,-86.0030251
3281,66310,FLYING J #620,"I-70, EXIT 49",Smithton                                ,PA,165,4.109,40.1539613,-79.7411535
3288,66316,CASEYS #4204,SR-168,Knoxville                               ,TN,405,3.259,35.9603948,-83.9210261
3296,66323,PILOT TRAVEL CENTERS #905- TOWN PUMP,"I-90, EXIT 109",Milltown                                ,MT,820,3.609,46.8712952,-113.8817192
3319,66362,TA FLORENCE TRAVEL CENTER,"I-95, EXIT 164 & US-52",Florence,SC,46,3.326,34.1984435,-79.7671658
3331,66382,STATELINE CONOCO,"I-35, EXIT 114",Eagleville,MO,320,3.549,40.4691664,-93.9871736
3347,66399,CIRCLE K #2723672,"I-59/I-20, EXIT 128",Birmingham,AL,615,3.699,33.5206824,-86.8024326
3366,66422,PLAQUEMINE TRUCK STOP,ST 1                          ,Plaquemine                              ,LA,600,3.999,30.2840655,-91.2370772
3381,66461,YESWAY #1167,US-62 & CR-41/CR-168,Ropesville,TX,700,3.041,33.4125423,-102.1615599
3388,66480,LOVES TRAVEL STOP #360,"I-65, EXIT 58 & SR-218 & SR-335",Horse Cave,KY,415,3.429,37.179496,-85.9069175
3398,66508,SAMS SUNOCO,I-75                          ,Toledo                                  ,OH,550,3.399,41.6619972,-83.5637766
3419,66539,SOUTH RIDGE FARM MARKET,"I-80, EXIT 6",Clyde                                   ,OH,550,3.399,41.3040468,-82.9750686
3431,66571,LEXINGTON GULF,"I-128, NORTH MASS PIKE",Lexington                               ,MA,34,4.299,42.4473175,-71.2245003
3445,66606,BART INDUSTRIES,"I-91, EXIT 6",Bellows Falls                           ,VT,215,3.709,43.132499,-72.45526
3456,66624,Sunoco,"I-95, EXIT 25",Croydon                                 ,PA,160,3.659,40.0873329,-74.9034996
3460,66632,SHELL FOOD MART AND TRUCKSTOP,I-985,Gainesville,GA,16,3.399,34.2978794,-83.8240663
3468,66659,MARATHON,SR-37,Mitchell                                ,IN,415,3.599,38.741601,-86.4940299
3478,66680,BIG TOP TRAVEL CENTER,"I-20, EXIT 157",Delhi                                   ,LA,760,2.969,32.4576421,-91.4931736
3493,66738,TREX MART #9,I-29,Dearborn                                ,MO,400,2.999,39.5219411,-94.7699608
3504,66761,SPEEDWAY #4589,US-501 & SR-90,Conway,SC,205,3.064,33.8360035,-79.0478143
3528,66801,SUNSTOP #330,"I-75, EXIT 460 & SR-6",Jennings,FL,75,3.299,30.6041817,-83.0990699
3529,66802,MOBIL,US-27 & SR-66,Sebring                                 ,FL,140,3.459,27.4957453,-81.4410425
3545,66820,CM BREAUX BRIDGE,"I-10, EXIT 109",Breaux Bridge,LA,600,3.299,30.20860394520071,-91.82334656013184
3576,66843,FLYING J TRAVEL PLAZA #728,"I-10, EXIT 37",El Paso,TX,640,3.092,31.671743,-106.25114
3584,66854,TA WAPAKONETA TRAVEL CENTER,"I-75, EXIT 111",Wapakoneta                              ,OH,411,3.282,40.56088,-84.16995
3605,66880,LOVES TRAVEL STOP #324,I-80 EXIT 242 & SR 339,Mifflinville,PA,138,3.966,41.029534,-76.3077834
3619,66900,DODGE CITY PETRO #397,"I-65, EXIT 299 & SR-69",Hanceville,AL,615,3.919,34.0623275,-86.7627004
3631,66920,7-ELEVEN #35562,"I-85, EXIT 32",Charlotte,NC,46,3.379,35.2272086,-80.8430827
3632,66921,LOVES TRAVEL STOP #338,"I-95/SR-405, EXIT 90 & SR-144",Richmond Hill,GA,195,3.364,31.9382381,-81.3035515
3650,66941,PILOT TRAVEL CENTERS #367,"I-30, EXIT 87 & 88",Caddo Mills,TX,630,3.169,33.065668,-96.2278201
3672,66956,LOVES TRAVEL STOP #348,"I-69/I-24, EXIT 27 & US-62",Calvert City,KY,490,3.689,37.004768,-88.381639
3695,66972,PETRO STOPPING CENTER #339,"I-90, EXIT 272",Spokane,WA,970,3.999,47.6571934,-117.42351
3751,66987,LOVES TRAVEL STOP #354,"US-78 & I-20, EXIT 172",Thomson,GA,135,3.849,33.51125,-82.50235
3789,67011,FLYING J CARDLOCK #844,HWY 16,Yorkton                                 ,SK,550,4.900,34.66846934879352,-92.37527832560323
3837,67030,LOVES TRAVEL STOP #337,"I-90 & I-35, EXIT 11",Albert Lea,MN,515,4.089,43.6480127,-93.3682656
3844,67034,LOVES TRAVEL STOP #356,"I-75, EXIT 167",North Baltimore,OH,550,3.347,41.1828302,-83.6782668
3854,67049,FLYING J TRAVEL PLAZA #785,"HWY 2, EXIT 240",Calgary                                 ,AB,50,4.593,30.207435,-91.824932
3882,67073,PILOT TRAVEL CENTERS #81,"I-79, EXIT 99",Portersville,PA,165,4.259,40.9255114,-80.1442551
3895,67092,SPEEDWAY #8288,US-64 & SR-149,Plymouth,NC,177,3.207,35.8668281,-76.7485555
3906,67113,COLUMBUS WEST TRAVEL CENTER,"US-151, EXIT 118",Columbus,WI,420,3.119,43.329095,-89.008576
3914,67121,BETTY BEAVERS TRUCKSTOP,"I-88, EXIT 12 & CR-48",Otego                                   ,NY,12,3.819,40.765672,-73.997466
3930,67139,LOVES TRAVEL STOP #383,I-71 EXIT 55 & SR-1039,Sparta,KY,415,3.749,38.6880765,-84.8988044
3931,67140,Maverik Country Store #5069,I-35 EXIT 133,Ellsworth,IA,320,3.096,42.3120964,-93.5786963
3947,67165,SOMERSET TRAVEL CENTER,"I-76 , EXIT 110",Somerset,PA,14,4.219,40.008411,-79.0780831
3959,67186,KWIK TRIP #424,SR-15 & CR-26,Fairmont,MN,425,3.399,39.484898,-80.1426539
3969,67208,KWIK TRIP #363,US-14 & CR-O,Richland Center,WI,420,3.389,43.3355298,-90.3854141
3981,67235,FLYING J TRAVEL PLAZA #507,I-35,Jarrell,TX,765,3.221,30.8345928,-97.5996405
3990,67248,SPEEDWAY #6962,"I-40, EXIT 303",Garner,NC,177,2.921,35.7112642,-78.6141709
3998,67272,PILOT TRAVEL CENTER #922- TOWN PUMP,US-2 & SR-40,Columbia Falls                          ,MT,820,3.649,48.3669944,-114.1733621
4010,67294,MAPLEFIELDS,"I-87, EXIT 42/SR-11",Champlain,NY,300,3.799,44.986656,-73.446693
4011,67296,LOVES TRAVEL STOP #340,"I-15, EXIT 64 & US-93",Las Vegas,NV,910,3.689,36.1674263,-115.1484131
4019,67307,CMS FUELING CENTER,I-69 EXIT 153 AT MILE 153,Lapeer                                  ,MI,342,3.899,43.0514161,-83.3188341
4046,67336,LOVES TRAVEL STOPS #342,"I-37, EXIT 72 & US-281",Three Rivers,TX,740,3.089,28.4628109,-98.1818519
4058,67356,PRIDE CONVENIENCE STORE,"I-91, EXIT 8 & US-20",Springfield,MA,100,3.559,42.1111677,-72.5951599
4071,67370,CIRCLE M #43,US-441/US-23/SR-15,Rabun Gap                               ,GA,30,3.549,34.9572143,-83.3864536
4088,67397,EXPRESS LANE #51,I-80 EXIT 93 ROUTE 71,Ottawa                                  ,IL,290,3.899,41.3516628,-88.845436
4096,67406,GETGO #3701,"I-99, EXIT 23",East Freedom                            ,PA,14,4.099,40.3575744,-78.4297365
4101,67414,PILOT TRAVEL CENTERS #590,"I-94, EXIT 100",Alexandria,MN,250,3.466,45.8835101,-95.3745015
4110,67424,FLORIDA 595 TRUCK STOP,"I-595/SR-84, EXIT 9 & US-441",Fort Lauderdale,FL,64,3.769,26.1223084,-80.1433786
4127,67440,PILOT TRAVEL CENTERS #503,"I-79, EXIT 146 & CR-77",Morgantown,WV,165,4.059,39.6296809,-79.9559437
4168,67477,PETRO-CANADA,HWY 7 N,Brampton                                ,ON,720,3.450,45.909512,-87.028291
4232,67560,PETRO-CANADA,"HWY-401, EXIT 320 & HWY-8",Milton                                  ,ON,970,3.394,43.4806702,-71.0051042
4285,67628,LOVES TRAVEL STOP #394,"I-65,EXIT 230",Demotte,IN,365,3.512,41.1950369,-87.1986403
4294,67642,GO MART FOOD STORE #103,SR-16 & CR 50/39,Ellenboro                               ,WV,44,3.699,39.2645232,-81.0562217
4312,67676,VALERO,"I-530/US-65, EXIT 34 & SR-365",White Hall,AR,695,3.166,34.2752744,-92.0917001
4321,67695,MOREHEAD TRUCKSTOP,"I-64, EXIT 133 & SR- 801",Morehead,KY,255,3.599,38.1839705,-83.4326841
4346,67735,Fast Fuel,US-81/SR-3,Kingfisher,OK,483,3.191,35.8292669,-97.9332199
4353,67745,STRIPES #40628,"I-2, EXIT 134 & US-83",Mission,TX,639,3.259,26.2159066,-98.3252932
4361,67755,BLUE WATER #12,"I-526, EXIT 23",Charleston,SC,42,3.232,32.9914044,-80.0642301
4396,67797,CHEVRON,US-71 & SR-179,Coushatta                               ,LA,745,3.156,32.0148834,-93.3421165
4408,67822,SPINX #178 (DISCOUNT AVAILABLE),"I-385, EXIT 42 & I-85, EXIT 51B & US-25",Travelers Rest,SC,210,3.192,34.955183,-82.438781
4423,67847,E Z PICKENS,"US-20, EXIT 275 & SR-13",Manchester,IA,335,3.579,42.4840907,-91.4555379
4431,67861,CASEYS #4308,US-34,Chariton                                ,IA,320,3.539,41.0069156,-93.3165344
4433,67865,PILOT TRAVEL CENTER #897,"I-95, EXIT 12B, INTERSECTION OF SR-826 & 817",Opa Locka,FL,95,3.699,25.9023168,-80.2503271
4435,67866,QUICK DRAW TRAVEL PLAZA,"I-20, EXIT 49 & SR-531",Minden                                  ,LA,590,3.012,32.6154278,-93.2868354
4452,67900,SPRINT FOODS #725,"I-520, EXIT 16/SR-28",Beech Island                            ,SC,135,3.349,33.4280649,-81.8891583
4465,67931,Forks 1&23,US-1/US-23/SR-4 & SR-19,Alma                                    ,GA,195,3.599,31.5393701,-82.4623557
4479,67968,WHITESBURG BP,US-27/SR-16,Whitesburg                              ,GA,18,3.699,33.5620643,-85.0733357
4490,68012,ROYAL FARMS #120,US-13/CR-16,Greenwood                               ,DE,194,3.259,38.6384872,-75.5934107
4502,68040,MISHAWAKA ROAD FLEET SITE,SR-19 & CR-20,Elkhart                                 ,IN,465,3.689,41.6819935,-85.9766671
4503,68043,CARROLL MOTOR FUELS,US-40,Middle River,MD,22,3.139,39.329469,-76.426368
4516,68079,NORTH FORK TRUCK STOP,US-12/CR-103,White Pigeon,MI,465,3.559,41.7977077,-85.6515487
4527,68112,QUICK FUEL #3138,"I-35, EXIT 98/CR-26",Saint Paul,MN,448,3.617,44.9497487,-93.0931028
4539,68154,LOVES TRAVEL STOP #395,"I-57, EXIT 308",Kankakee,IL,290,3.379,41.1200325,-87.8611531
4553,68177,ONVO TRAVEL PLAZA - MIFFLINVILLE,"I-80, EXIT 242/CR-339",Mifflinville,PA,138,3.366,41.0311545,-76.3098429
4567,68225,OASIS TRUCK STOP,US-60 & US-83,Canadian,TX,585,3.299,35.9642527,-100.3614067
4576,68257,LOVES TRAVEL STOP #292,"I-55, EXIT 220",Dwight,IL,290,3.589,41.11725,-88.41395
4582,68260,ALVARADO MARKET STATION,"I-35W, EXIT 26A & US-67",Alvarado,TX,637,2.844,32.4095565,-97.2102881
4589,68271,PHOENIX #308,ST 210,Rocky Point                             ,NC,245,3.619,34.4351676,-77.8877638
4609,68306,BIG D #018,SR-387 & SR-59,Gillette,WY,790,3.459,44.2982234,-105.5087294
4617,68319,HOLIDAY STATIONSTORE #2746484,US-61 & US-10,Hastings,MN,448,3.569,44.72854,-92.854539
4631,68347,ENERGY EXPRESS TRAVEL CENTER,I-70 EXIT 247,Saint Louis,MO,540,2.909,38.6849703,-90.2307465
4643,68367,LOVES TRAVEL STOP #447,"I-10 E, EXIT 0",Anthony,TX,640,3.449,36.76792,-119.7199842
4654,68386,KWIK TRIP #884,US-45 & SR-22,Clintonville,WI,582,3.559,44.6045659,-88.7649178
4661,68411,PAWNEE TRAVEL PLAZA,US-412 & SR-18,Pawnee                                  ,OK,560,3.044,36.3384025,-96.8031766
4662,68416,STRIPES 7FLEET #42515,US-87 N,Lamesa,TX,710,3.099,32.7063314,-101.9256074
4663,68417,7-ELEVEN #42072,"I-20, EXIT 599/SR-281",Longview                                ,TX,766,3.207,32.5339563,-94.7638204
4676,68447,JUMPIN JACKS 419,SR-161,Rockport                                ,IN,487,3.999,37.885889,-87.051885
4690,68482,PETRO-CANADA,HWY 91,Delta                                   ,BC,800,4.595,33.00881522721487,-79.98141833654742
4707,68524,Coastal Fuel,US-421,Wilmington                              ,NC,245,3.399,34.2254918,-77.9461043
4506,68053,KJ TRAVEL CENTER,"US-20, EXIT 310",Idaho Falls,ID,825,3.407,,
4278,67623,LOVES TRAVEL STOP #301,"I-90, EXIT 2",Post Falls,ID,970,3.746,30.207435,-91.824932
4375,67771,DUCK THRU FOOD STORE #26,"I-95, EXIT 154 & SR-308 & SR-11/SR-42",Lewiston Woodville                      ,NC,177,3.399,,
4719,68572,FOOD N FUN #17,US-90 & SR-83 & CR-605,New Iberia                              ,LA,730,3.067,30.0035365,-91.8187285
4736,68623,FLYING J TRAVEL PLAZA #304,"I-469, EXIT 19 & US-30",New Haven,IN,370,3.859,41.0733059,-85.0173125
4740,68626,BECKS EXPRESS MART #14,SR-26,Princeton,IL,270,3.249,41.368092,-89.4648145
4741,68630,DOWNSTREAM Q STORE,US-166/US-400,Joplin,MO,277,3.199,36.9975118,-94.6116794
4763,68656,TA Express Williston,US-2 & US-85,Williston                               ,ND,807,3.447,48.2262562,-103.7397425
4776,68693,SUPER STOPS,SR-70 & SR-308,Belle Rose,LA,623,3.499,30.0504778,-91.0414892
4789,68730,KENT KWIK #315,SR-158 & FM-1788,Midland,TX,710,3.437,31.9973662,-102.077948
4804,68799,SHELL FOOD MART # 25,"I-20, EXIT 77 & SR-13",Morton,MS,705,3.199,32.3537557,-89.6545171
4815,68822,CASEYS #3919,"I-35/US-50, EXIT 148 & SR-131",Lebo,KS,400,3.089,38.4166818,-95.8530441
4825,68840,LOVES TRAVEL STOP #475,"I-20/US-84, EXIT 242 & FM-142",Sweetwater,TX,575,3.189,32.4709519,-100.405938
4833,68849,Circle K #2706632,US-80/SR-8 & CR-480,Selma,AL,720,3.699,32.417512,-86.9986603
4845,68865,QUICK FUEL #3192,"I-275, EXIT 42B & SR-747",Cincinnati,OH,300,3.252,39.1012809,-84.5127405
4858,68891,LOVES TRAVEL STOP #480,I-40 EXIT 364,Lenoir City,TN,405,3.439,35.7972998,-84.2560299
4870,68907,QUIKTRIP #943,"I-35E, EXIT 405 & US-77",Waxahachie,TX,630,2.896,32.3944908,-96.8439365
4879,68924,KWIK TRIP #326,"I-90, EXIT 171 & US-51 & US-14",Janesville,WI,420,3.374,42.71471,-88.98206
4889,68937,LANTZ CORNERS MINI MART #255,US-6 & US-219,Kane                                    ,PA,240,3.716,41.708079,-78.6935012
4903,68969,MAVERIK COUNTRY STORE #474,"I-80, EXIT 115, CR-154",Salt Lake City,UT,835,3.389,40.773201,-111.933984
4917,68990,LOVES TRAVEL STOP #490,"I-24, EXIT 158",Jasper,TN,285,3.252,35.0742448,-85.6260789
4931,69006,PILOT #449,"I-70, EXIT 208",Belmont                                 ,OH,165,3.539,40.028304,-81.042541
4942,69027,SPINX #134 (DISCOUNT AVAILABLE),SR-55 & 418,Simpsonville                            ,SC,30,3.066,34.7373045,-82.255371
4967,69048,QUICK FUEL #2104,"I-74, EXIT 11",Indianapolis,IN,375,3.662,39.7683331,-86.1583502
4983,69061,SPINX #125 (DISCOUNT AVAILABLE),US-25 & SR-331,Piedmont,SC,30,3.066,34.7023389,-82.4645714
4997,69095,JACKSONS FOOD STORE #23,"SR-395, EXIT 78",Reno                                    ,NV,966,3.999,39.5261788,-119.812658
5001,69099,LOVES TRAVEL STOP #523,"I-10, EXIT 92",Rayne,LA,600,3.149,30.23948,-92.267615
5003,69101,BROMPTON VALERO,"I-20, EXIT 147 WEST",Moody,AL,615,3.122,33.5909365,-86.4908168
5024,69133,PILOT TRAVEL CENTERS #557,US-180 & US-62,Hobbs                                   ,NM,593,3.729,32.7027017,-103.1355302
5040,69153,Pilot Travel Center #1550,"I-65, EXIT 304 & SR-69/CR-437",Cullman,AL,615,3.859,34.1192974,-86.8601457
5054,69172,KWIK TRIP #210,"US-53, EXIT 90",Eau Claire,WI,295,3.407,44.811349,-91.4984941
5062,69183,SPEEDWAY #7611,"I-71, EXIT 65 & SR-435",Jeffersonville,OH,315,3.229,39.6536719,-83.5638094
5081,69218,DANDY MINI MART #58,"I-86, EXIT 41 & US-17/15",Campbell,NY,32,3.899,42.2331295,-77.1974748
5093,69235,KWIK TRIP #203,US-2 & SR-35,Superior,WI,334,3.339,46.7207737,-92.1040796
5103,69258,TEX-BEST #525,"I-37, EXIT 109 & SR-97",Pleasanton,TX,740,3.099,28.967194,-98.4786269
5120,69296,KWIK TRIP #234,"I-35, EXIT 239",Cloquet,MN,334,3.319,46.741111,-92.460854
5132,69309,PILOT TRAVEL CENTER #1012,"US-218, EXIT 42B & US-34",Mount Pleasant,IA,270,3.566,40.966312,-91.5539956
5147,69333,SPEEDWAY #3578,"US-131, EXIT 64",Wayland,MI,456,3.599,42.672376,-85.661148
5157,69346,D AND C FUEL SALES,US-6 & CR-4019,Tunkhannock                             ,PA,200,3.699,41.5385159,-75.946844
5165,69365,Circle K #4703911,SR-109 & SR-52,Portland,TN,460,2.959,36.5139708,-86.5064794
5171,69383,PETRO-CANADA,"ALASKA HWY, MILE 635",Watson Lake                             ,YT,850,4.490,35.334131,-77.166378
5182,69398,SPEEDWAY #7114,"I-75, EXIT 4, SR-153, EXIT 1 & US-64/US-11",Chattanooga,TN,285,3.082,35.0767578,-85.1013694
5198,69425,5R TRAVEL CENTER,"I-10, US HWY 180, EXIT 82A",Deming,NM,640,3.049,32.2627416,-107.7581979
5208,69446,SUPER SAVE #4,SR-33 & SR-15,Farmerville,LA,719,3.479,32.7747312,-92.4046686
5216,69459,LOVES TRAVEL STOP #583,"I-64, EXIT 27 & SR-161",New Baden,IL,540,3.849,38.5349571,-89.7007595
5226,69480,VAN HOOK TRAVEL CENTER,US-23,New Town                                ,ND,452,3.562,47.980848,-102.49018
5237,69497,MACH ONE FOOD SHOP #10,"I-70 & EXIT 129, SR-49",Casey,IL,510,3.499,39.299627,-87.991764
5247,69510,CLARK #3121,SR-46 & SR-24,Caro                                    ,MI,260,3.399,43.491132,-83.396897
5259,69530,CIRCLE K #2741030,"I-35, EXIT 160",San Antonio,TX,740,2.999,29.4246002,-98.4951405
5278,69554,SPEEDWAY #8047,"I-70, EXIT 104 & SR-9",Greenfield,IN,375,3.599,39.7855096,-85.7681979
5288,69566,PILOT TRAVEL CENTER #1024,"I-80, EXIT 132B & SR-53",Joliet,IL,290,3.799,41.5263603,-88.0840212
5299,69581,BYRNE DAIRY #22,"I-81, EXIT 15 & US-20",La Fayette                              ,NY,220,4.299,38.426428,-116.5808
5321,69599,One9 SPEEDWAY #2917,SR-48 & SR-130,Monroeville,PA,165,3.992,40.4335167,-79.7606192
5326,69611,CUBBYS #2104,CR-131,Shelby                                  ,NE,313,3.399,41.1938252,-97.4260225
5329,69615,LOVES TRAVEL STOP #631,US-275/SR-64,Valley,NE,270,3.346,41.2992292,-96.3109077
5338,69632,Circle K #2709300,US-72/SR-2,Huntsville,AL,460,2.977,34.7730319,-86.5474685
5360,69649,SPEEDWAY #2921,"I-80, EXIT 29 & SR-8",Harrisville,PA,573,3.434,41.1367335,-80.0092442
5372,69668,LOVES TRAVEL STOP #643,"I-55/57, EXIT 66A & US-60",Sikeston,MO,490,3.549,36.876719,-89.5878579
5386,69682,PILOT #1577,"I-75, EXIT 141 & SR-63",Pioneer,TN,405,3.026,36.4175798,-84.3140995
5395,69694,MAVERIK COUNTRY STORE #533,US-91 & SR-101,Wellsville                              ,UT,835,3.444,41.6385432,-111.933834
5412,69719,SHEETZ #033,"I-99/US-220, EXIT 41 & SR-865",Altoona,PA,14,3.529,40.5193586,-78.3968299
5419,69731,PETRO-CARD 24 #910561,"I-49, EXIT 102A",Nevada                                  ,MO,277,3.349,37.8381108,-94.3596185
5075,69207,CIRCLE K #2705988,"I-10, EXIT 209A & US-90/SR-10",Tallahassee,FL,20,3.619,,
5427,69745,PILOT #1070,"I-40/US-54, EXIT 277 & US-84",Santa Rosa,NM,580,3.462,32.4409556,-104.2585331
5438,69770,SASSYS TRUCK STOP,"I-86, EXIT 23 & US-219",Limestone,NY,240,3.159,42.0272856,-78.6294717
5448,69789,LOVES TRAVEL STOP #620,US-301 & SR-20,Hawthorne,FL,140,3.789,29.5918856,-82.0869578
5460,69809,KWIK TRIP #162,"I-94, EXIT 202",Elk River,MN,451,3.297,45.3038538,-93.5671825
5470,69820,CUBBYS #304,SR-7,Manson                                  ,IA,319,3.299,42.5291439,-94.5341421
5481,69837,LOVES TRAVEL STOP #606,"I-94, EXIT 73B & US-6",South Holland,IL,290,3.489,41.6008681,-87.6069894
5494,69855,LOVES TRAVEL STOP #670,US-18,Floyd,IA,433,3.649,43.128716,-92.741152
5496,69858,TEX-BEST #528,US-181,Elmendorf                               ,TX,740,2.892,29.2588759,-98.2894278
5512,69878,SPEEDWAY #7412,SR-83 & SR-19,Bensenville,IL,293,3.379,41.9538384,-87.9431781
5523,69892,MAVERIK COUNTRY STORE #547,US-26,Casper,WY,790,3.186,42.8673765,-106.3454488
5535,69906,LOVES TRAVEL STOP #692,US-169 & SR-39,Chanute,KS,570,3.276,37.6719701,-95.4795104
5548,69923,Circle K #2741821,FM 471 & SR 211,San Antonio                             ,TX,740,3.032,29.4246002,-98.4951405
5561,69938,MAVERIK COUNTRY STORE #388,US-60 & SR-77,Show Low                                ,AZ,930,3.229,34.2542084,-110.029832
5574,69955,QUIKTRIP #1044,"I-85, EXIT 63 & SR-2180",Kannapolis,NC,46,3.154,35.4979605,-80.6240008
5575,69957,LOVES TRAVE STOP #698,"I-75/SR-401, EXIT 153",Macon,GA,85,3.369,32.8406946,-83.6324022
5576,69958,LOVES TRAVEL STOP #693,US-30/23 & SR-199,Upper Sandusky,OH,411,3.889,40.869145,-83.3127887
5587,69978,LOVES TRAVEL STOP #678,US-271,Paris,TX,630,3.366,33.7374565,-95.5471383
5597,69990,LOVES TRAVEL STOP #691,US-50/93 & US-6,Ely,NV,910,3.649,39.2139349,-114.855905
5607,70003,SPEEDWAY #2926,SR-837,Clairton,PA,165,3.926,40.290389,-79.885658
5616,70014,PETRO-CARD 24 #919141,SR-179,Jamestown                               ,MO,310,3.479,38.765587,-92.4807447
5632,70033,KWIK TRIP #111,SR-36 & CR-15,Stillwater,MN,448,3.541,45.0559126,-92.807572
5639,70040,TEX BEST #503,"I-35, EXIT 215 & CR-210",Kyle                                    ,TX,595,2.806,29.9892928,-97.8772103
5650,70062,KWIK TRIP #970,SR-164 & SR-59,Waukesha,WI,444,3.532,43.0115598,-88.2316352
5652,70066,KWIK TRIP #957,US-18 & CR-PD,Madison                                 ,WI,420,3.604,42.998617,-89.498692
5668,70085,Pilot Travel Center #1114,SR-83,Bensenville,IL,290,3.559,41.9538384,-87.9431781
5683,70099,QUIKTRIP #1883,"I-35, EXIT 497 & US-82",Gainesville,TX,253,2.976,33.6248484,-97.142753
5696,70124,TA Express Lamar,US-50/385,Lamar,CO,525,3.439,38.1158378,-102.6188204
5710,70137,RUTTERS #8,"I-83, EXIT 14 & SR-182",York,PA,70,4.199,39.962493,-76.7276989
5720,70150,LOVES TRAVEL STOP #704,"I-29, EXIT 35B & US-34",Pacific Junction,IA,319,3.789,41.0186897,-95.8003095
5740,70170,LOVES TRAVEL STOP #716,SR-3005,Elizabethtown,KY,460,3.599,37.693952,-85.8591285
5746,70177,MAVERIK COUNTRY STORE #497,US-160 & SR-145,Cortez,CO,614,3.416,37.3494528,-108.584073
5752,70183,PILOT # 1134,US-285 & CR-652,Orla,TX,593,3.759,31.82513,-103.90881
5760,70207,PILOT TRAVEL CENTERS #1344,I-20 EXIT 425,Fort Worth,TX,630,2.909,32.753177,-97.3327459
5774,70223,SPEEDWAY #8749,"I-75, EXIT 116",Flint,MI,342,3.089,43.024665,-83.699064
5785,70239,GOOD 2 GO #717,"I-25, EXIT 145",Colorado Springs,CO,803,3.479,38.7922967,-104.7028483
5795,70254,LOVES TRAVEL STOP #732,I-70 & CR-829,Abilene,KS,523,3.762,38.917252,-97.21377
5808,70269,CASEYS #3589,"I-29, EXIT 2",North Sioux City,SD,527,3.059,42.5246831,-96.4872384
5817,70280,LOVES TRAVEL STOP #668,"I-25, EXIT 250 & SR-56",Berthoud,CO,800,3.391,39.937123,-83.494857
5839,70292,FLYING J #1171,I-15,Mesquite,NV,910,3.706,36.8035642,-114.067141
5844,70298,LOVES TRAVEL STOP #740,"I-95, EXIT 38 & SR-68",Yemassee,SC,42,3.419,32.6901781,-80.8506626
5859,70310,LANCASTER CONVENIENCE,US-2 & US-70,Lancaster,MA,34,3.706,42.4431437,-71.6852823
5875,70325,KWIK STAR #927,US-169 & US-169 BUS/US-20 BUS,Fort Dodge,IA,433,3.202,42.4898682,-94.1941976
5889,70337,LOVES TRAVEL STOP #700,I-10 EXIT 404 & SR-467,Sonora,TX,710,3.647,30.5667344,-100.642859
5907,70352,KWIK TRIP #1019,CR-5 & SR-65,Isanti,MN,448,3.474,45.4902335,-93.2477046
5918,70374,LOVES TRAVEL STOP #746,I-72 & SR-121,Decatur,IL,280,3.449,39.8454163,-88.9524151
5929,70390,FLYING J #1206,SR-302 & CR-313,Kermit,TX,710,3.256,31.8578999,-103.0932149
5933,70404,MAVERIK COUNTRY STORE #602,"I-25 EXIT, 138",Colorado Springs,CO,803,3.289,38.7922967,-104.7028483
5947,70415,GARDEN TRUCK STOP,SR-55 /EXIT 35,Vineland,NJ,150,3.999,39.4862777,-75.0254256
5964,70425,LOVES TRAVEL STOP #731,"I-79, EXIT 105 & SR-108",Slippery Rock,PA,165,4.249,41.0663454,-80.0569436
5976,70437,Thorntons #155,"SR-1020 N, & SR1065 E",Louisville,KY,415,2.906,38.2542376,-85.759407
5989,70452,LOVES TRAVEL STOP #749,SR-78,Westmorland,CA,900,4.849,33.0372674,-115.621381
6001,70461,CIRCLE K #2741074,I-35 & FM-1103,New Braunfels,TX,740,2.844,29.7028266,-98.1257348
6012,70479,CROSSROADS MARKET,US-60 & SR-657,Gladstone,VA,185,3.439,37.5468094,-78.8494619
6023,70493,LOVES TRAVEL STOP #759,US-63/SR-11,Hazen,AR,695,3.226,34.8203109,-91.5667071
6026,70496,KWIK TRIP #1015,"I-43, EXIT 171",Denmark,WI,582,3.362,44.3479362,-87.8269868
6033,70507,ALLSUPS CONVENIENCE STORE #2154,SR-206 / US-283,Coleman,TX,575,3.159,31.8317602,-99.4176818
6048,70543,ALLSUPS CONVENIENCE STORE #2078,US-60,White Deer,TX,585,2.969,35.4405265,-101.162183
6059,70554,HORSESHOE CONVENIENCE,SR 302 & IC 200,Mentone,TX,710,3.107,31.7067317,-103.5985429
6069,70563,PILOT DEALER #1234,US-93 & CR-145,Willow Beach,AZ,910,3.839,35.8697801,-114.6600654
6082,70578,COMMON CENTS #125,"I-90/US-14, EXIT 61",Rapid City,SD,506,3.207,44.066697,-103.302464
6093,70590,CIRCLE K #2722291,US-1 & SR-206,Saint Augustine,FL,75,3.379,29.8946952,-81.3145395
6105,70601,24/7 TRAVEL STORE,I-70 EXIT 275,Abilene,KS,523,2.994,38.917252,-97.21377
6107,70604,KWIK STAR #940,US-69 & SR-9,Forest City,IA,433,3.449,43.273556,-93.6359423
4220,67550,PETRO-CANADA,QEW EXIT 88/89,Hamilton                                ,ON,430,3.653,,
6110,70606,SPEEDWAY #7179,"I-65 & SR-101, EXIT 38",Smiths Grove,KY,415,3.066,37.0525453,-86.2077608
6123,70620,LOVES TRAVEL STOP #779,I-30 EXIT 97,Malvern,AR,635,3.499,34.3625823,-92.8092694
6138,70634,CORNER MARKET #101,US-83 & SR-96,Scott City,KS,525,3.359,38.4655795,-100.9067746
6150,70648,BARRINGTON APPLEGREEN,SR-125 & SR-9,Barrington,NH,178,3.899,43.223191,-71.047211
6167,70658,CASEYS #3708,SR-235,New Carlisle,OH,411,3.259,39.939823,-84.030522
6176,70668,LOVES TRAVEL STOP #784,US-30 & CR-9,Schuyler,NE,486,3.282,41.4473547,-97.0572541
6186,70682,LOVES TRAVEL STOP #758,"I-255/US-50, EXIT 15",East Saint Louis,IL,540,3.589,38.6268666,-90.159707
6200,70704,KUM & GO #0702,"I-44, EXIT 6 & SR-86",Joplin,MO,535,3.009,37.0841838,-94.5133385
6201,70705,CASEYS #3464,SR-48 & CR-10,Morrisonville,IL,280,3.759,39.4200501,-89.4556486
6213,70718,ROAD RANGER #278,"I-40, EXIT 216 & US-49",Brinkley,AR,695,3.199,34.8878719,-91.1945688
6225,70731,PILOT TRAVEL CENTERS #1181,IL-38 E,Rochelle,IL,520,3.759,41.9344544,-89.0378883
6242,70743,CASEYS #3659,US-10 & SR-115,Randall,MN,250,3.486,46.0910771,-94.5036199
6252,70751,CASEYS #3795,"I-43, EXIT 96",Saukville,WI,444,3.289,43.385,-87.92806
6262,70763,CASEYS #3854,"US-20, EXIT 275 & SR-13",Manchester,IA,380,3.546,42.4840907,-91.4555379
6278,70776,CASEYS #3579,US-36,Smith Center,KS,330,3.179,39.7850675,-98.791361
6286,70786,CIRCLE K #2741502,"I-37, EXIT 9",Corpus Christi,TX,625,3.061,27.7635302,-97.4033191
6291,70791,LOVES TRAVEL STOP #791,"I-40, EXIT 126",Holladay,TN,460,3.122,36.14284,-85.54331
6293,70793,LOVES TRAVEL STOPS #119,"I-70, EXIT 160",Green River,UT,835,3.299,38.9952294,-110.161725
6304,70858,SPEEDWAY #1012,"I-65, EXIT 158 & CR-6",Hope Hull,AL,720,3.052,32.2698632,-86.3571916
6316,70878,MAVERIK COUNTRY STORE #630,I-15 EXIT 13,Malad City,ID,825,3.394,42.915283,-112.439735
6327,70890,PILOT #1299,US-287 & SR-148,Henrietta,TX,770,3.126,33.8166258,-98.194682
6336,70899,QUARLES #4304,"I-64 EXIT 96, SR-624",Waynesboro,VA,180,3.799,38.06971,-78.897408
6347,70910,QUARLES #4409,I-95 EXIT 50B,Baltimore,MD,22,3.499,39.267169,-76.621049
6356,70920,QUARLES #4423,SR-100 EXIT 11,Glen Burnie,MD,22,3.699,39.1648,-76.6249437
6366,70930,QUARLES #4504,I-81 EXIT 313A,Winchester,VA,60,3.799,39.1852184,-78.1652404
6369,70934,QUARLES #4509,I-270 EXIT 31B,Frederick,MD,60,3.599,39.415779,-77.4127562
6372,70938,QUARLES #4605,SR-606,Sterling,VA,60,3.659,39.004137,-77.403039
6380,70946,QUARLES #4703,US-29 & SR-616,Ruckersville,VA,180,3.699,38.2331873,-78.369175
6389,70955,QUARLES #4949,"I-95, EXIT 136, US-1",Fredericksburg,VA,60,3.759,38.296804,-77.482857
6400,70966,QUARLES #4927,SR-10 & SR-145,Chesterfield,VA,180,3.699,37.3777927,-77.5046698
6410,70977,QUARLES #4828,I-440 EXIT 13B,Raleigh,NC,177,3.709,35.7803977,-78.6390989
6420,70988,QUARLES #4909,I-664 EXIT 3,Hampton,VA,244,3.426,37.0264414,-76.3442846
6429,70997,QUARLES #4913,SR-76,Midlothian,VA,180,3.699,37.5062673,-77.649268
6437,71007,HAYDEN TRAVEL CENTER,"I-65, EXIT 284 & SR-160",Warrior,AL,615,3.129,33.8142682,-86.8094394
6445,71019,KWIK TRIP #489,SR-3,Northfield,MN,448,3.524,44.4582041,-93.161159
6446,71020,Fast Trac 21,SR-21 & CR-50,Caldwell,TX,670,3.299,30.5305813,-96.6969703
6457,71030,QUIKTRIP #1469,"I-10, EXIT 248 & SR-77",Marana,AZ,980,3.062,32.4483736,-111.211475
6467,71050,GILL MART CORNER STORE,US-131 & SR-216,Three Rivers,MI,465,3.699,41.9442722,-85.6346222
6479,71063,MAVERIK COUNTRY STORE #639,"I-40, EXIT 153",Albuquerque,NM,580,3.197,35.0841034,-106.650985
6495,71080,BIG INDIAN SMOKE SHOP,I-90 & US-20,Irving,NY,38,2.929,42.5699916,-79.1019318
6508,71095,HOBO PANTRY #29,US-84/SR-12 & SR-95,Gordon,AL,20,3.659,31.2020691,-85.3432586
6520,71103,FAT DOGS NORTH PLATTE SOUTH,"I-80, EXIT 177 & US-83",North Platte,NE,475,3.074,41.1368333,-100.7612819
6532,71115,FASTBREAK #6,US-50/US-151 & US-41,Vincennes,IN,510,4.039,38.693189,-87.4926757
6542,71124,LOVES TRAVEL STOP #761,"I-10, EXIT 343 & US-301",Jacksonville,FL,75,3.849,30.325196,-81.962936
6554,71141,CASEYS #3901,"I-55, EXIT 178 & CR-23",Lexington,IL,368,3.339,40.6414237,-88.7834001
6574,71152,LOVES TRAVEL STOP #841,"US-24, EXIT 41",Napoleon,OH,550,3.705,41.3922726,-84.1252243
6586,71165,PALMETTO EXPRESS #115,"I-26, EXIT 125 & US-176",Gaston,SC,135,3.199,33.8170974,-81.1009286
6601,71179,7-ELEVEN #41332,"I-26, EXIT 76 & SR-219",Newberry,SC,210,3.332,34.2753247,-81.6188633
6612,71194,ASAP GENERAL STORE #104,"I-40, EXIT 84 & US-54",Weatherford,OK,483,3.132,35.5261633,-98.7075744
6620,71202,QUIKTRIP #1181,"I-26, EXIT 154B & US-301",Orangeburg,SC,42,3.236,33.4918203,-80.8556476
6622,71207,GAS N WASH,"I-80, EXIT 148B & SR-43",Tinley Park,IL,365,3.679,41.5733669,-87.7844944
6636,71219,KUM & GO #1568,"I-44, EXIT 156",Waynesville,MO,535,3.099,37.8141419,-92.2266876
6644,71233,Fuel America Travel Center #2,"I-35, EXIT 32",Encinal,TX,693,3.049,28.0406329,-99.3552096
6656,71250,NAVAJO BLUE TRAVEL CENTER,I-40 EXIT 219,Flagstaff,AZ,930,3.609,35.1987522,-111.651822
6666,71262,LOVES TRAVEL STOP #892,"I-70, EXIT 118 & SR-310",Etna,OH,315,3.461,39.957562,-82.6819548
6681,71278,Kwik Trip #1506,SR-26,Fort Atkinson,WI,420,3.577,42.9288944,-88.8370509
6689,71287,RACETRAC #482,I-310 EXIT 2A,Saint Rose                              ,LA,725,3.126,29.9468716,-90.3231349
6697,71295,MOUNTAINEER MART #33,US-33/119,Buckhannon,WV,44,3.899,38.9984089,-80.2368134
6700,71300,SPEEDWAY #1407,"I-94, EXIT 145",Jackson,MI,385,3.599,42.2465036,-84.4016963
6710,71311,CIRCLE K #708,"I-85, EXIT 64 & US-29",Opelika,AL,50,3.266,32.6454116,-85.3782795
6725,71323,MAVERIK COUNTRY STORE #517,SR-114 & E MILL RD,Orem,UT,835,3.441,40.2981599,-111.6944313
6736,71333,ALLSUPS CONVENIENCE STORE #2105,"I-20, EXIT 332 & US-183",Cisco,TX,575,2.929,32.3881293,-98.9793386
6748,71345,ALLSUPS CONVENIENCE STORE #2084,US-377 & CR-234,Brownwood,TX,575,2.949,31.7208509,-98.9818701
6758,71355,ALLSUPS CONVENIENCE STORE #2249,US-377 & US-281 ,Stephenville,TX,630,3.159,32.2402256,-98.1946722
6771,71368,Kwik Star #1071,I-280 E and US-61 N,Davenport,IA,270,3.324,41.5224692,-90.5756401
6773,71370,MAVERIK COUNTRY STORE #645,"I-40, Exit 16",Gallup,NM,580,3.159,35.5283506,-108.743907
6781,71382,KWIK TRIP #346,US-151 BUS & CR-G/CR-D,Beaver Dam,WI,582,3.196,43.4369294,-88.863781
6796,71392,Loves Travel Stop #834,SR 17 & SR 1,Grant Park,IL,290,3.329,41.2454168,-87.6425237
6808,71406,FLYERS #3203,"I-10, Exit 139",Phoenix,AZ,930,3.319,33.60503,-112.070892
6818,71421,FLYERS #3236,"SR 601, Exit 22",El Paso,TX,640,3.229,31.777944,-106.453158
6827,71438,LOVES TRAVEL STOP #893,US-80 & SR-307,Savannah,GA,195,3.289,32.0790074,-81.0921335
6839,71447,KWIK TRIP #612,SR-116 ,Winneconne                              ,WI,582,3.532,44.1109462,-88.7136515
6852,71463,ALLSUPS CONVENIENCE STORE #2146,SR-18,Hobbs,NM,593,3.212,32.7027017,-103.1355302
6854,71465,ALLSUPS CONVENIENCE STORE #2173,US-20,Sweetwater,TX,575,2.846,32.4485692,-100.4068606
6859,71470,ALLSUPS CONVENIENCE STORE #2267,"I-20, EXIT 42 & CR-761",Pecos,TX,710,3.379,31.4254143,-103.4952894
6884,71496,SPEEDWAY/7fleet #1052,US-30 & SR-57,Orrville,OH,249,3.499,40.8436664,-81.7640212
6896,71512,RACETRAC #2603,Country Road 527,Orlando,FL,140,3.299,28.534564,-81.487465
6908,71522,Y NOT STOP BARBER SPUR,SR-10 & SR-13,Ville Platte,LA,730,3.499,30.6901838,-92.2774771
6917,71534,GOLDEN GATE - YERINGTON,SR-339 & US-95 ALT,Yerington,NV,966,3.716,38.9855429,-119.162989
6928,71561,ABBOTTS TRAVEL CENTER,I-35 EXIT 359,Abbott,TX,765,3.066,31.8899302,-97.0870831
6932,71565,CIRCLE K #2741253,"SR 375, Exit 39",El Paso,TX,640,3.196,31.7601001,-106.4870476
6942,71576,RACETRAC #2429,SR-161,Irving                                  ,TX,630,2.901,32.8295183,-96.9442177
6952,71592,THE WOODSHED,US-59 & SR-10,Welch                                   ,OK,307,3.099,36.8745952,-95.0937744
6971,71608,Loves Travel Stop #842,"I-194, eXIT 164",Saint Cloud,MN,448,3.291,45.5616075,-94.1642004
6980,71619,7-ELEVEN # 41365,"I-840/I-785, EXIT 18 & US-70",Greensboro,NC,65,3.199,36.0726355,-79.7919754
6990,71631,RACEWAY #6891,SR-20 & SR-67,Decatur                                 ,AL,615,3.099,34.6060203,-86.9838165
7000,71642,MAVERIK COUNTRY STORE #398,HWY 89 & LAKE POWELL BLVD,Page                                    ,AZ,930,3.456,36.91812091836734,-111.458773
7005,71648,QUIKTRIP #7149,I-24 Exit 8,Clarksville,TN,460,2.916,36.5752297,-87.2603429
7012,71655,79 ONE STOP,SR-62 & SR-37,Saint Croix                             ,IN,415,3.499,38.2239531,-86.5863387
7026,71676,CIRCLE K #4702409,US-52,Lafayette,IN,375,3.157,40.395806,-86.856191
7036,71687,ALLSUPS #2386,I-20 EXIT 216,Colorado City,TX,612,2.942,32.3930337,-100.86351
7046,71698,Kwik Star #1142,hwy 6,Iowa City                               ,IA,380,3.134,41.643878,-91.527021
7058,71712,MAVERIK COUNTRY STORE #693,"I-70, Exit 160 & hwy 191",Green River,UT,810,3.282,38.9952294,-110.161725
7071,71725,Allsups Convenience Store #2406,US-67,Rankin,TX,710,3.499,31.2248015,-101.941472
7082,71770,ONVO TRAVEL PLAZA,"I-81, Exit 155",Mountain Top,PA,200,3.587,40.1067654,-75.9527208
7084,71772,Kwik Trip #1137,US-8,Saint Croix Falls                       ,WI,451,3.524,45.3997753,-92.6214774
7096,71792,KWIK TRIP #1147,US-71 & SR-60,Windom                                  ,MN,425,3.349,43.8533471,-95.1141571
7115,71811,7-ELEVEN #41826,SR-722 & SR-283,Lancaster,PA,70,4.129,40.0379958,-76.3056707
7127,71824,QuikTrip #4052,US 181 S,San Antonio,TX,740,2.922,29.3076719,-98.3949816
7136,71830,One9 #1330,"I-40/US-63, EXIT 216 & US-49",Brinkley                                ,AR,695,3.199,34.8878719,-91.1945688
7152,71850,CEDAR GROVE OASIS,"I-43, Exit 113",Cedar Grove                             ,WI,444,3.239,43.57083,-87.79778
7166,71866,RACETRAC #2615,"I-65, EXIT 128",Louisville,KY,415,2.919,38.2542376,-85.759407
7168,71868,RACETRAC #2456,SR-44 & CR-491,Lecanto,FL,140,3.316,28.8516486,-82.4875982
7172,71872,KWIK STAR #1189,"I-80, EXIT 110",De Soto                                 ,IA,320,3.224,41.54054,-94.01273
7182,71887,SHELL,I-80 & SR-63,Greenwood                               ,NE,413,3.399,40.962791,-96.4403478
7196,71906,COMPASS TRAVEL CENTER,"I-65, EXIT 230",Demotte,IN,365,3.242,41.1950369,-87.1986403
7207,71924,JIFFY,I-80 Exit 60,Shippenville                            ,PA,240,4.132,41.252561,-79.4619452
7219,71941,RACETRAC #2628,I-85 EXIT 62 & US-280,Opelika,AL,50,2.999,32.6454116,-85.3782795
7226,71948,19 AND 75 FILLING STATION,US-75 & SR-19,Ivanhoe                                 ,MN,432,3.394,44.463229,-96.247372
7239,71968,BLONDIES FOOD AND FUEL,US-90 & SR-69,Grand Ridge                             ,FL,20,3.591,30.6805637,-85.0306048
7241,71970,BLUE BIRD 3 EXPRESS,"US-78, EXIT 1",Olive Branch,MS,435,3.199,34.9617605,-89.8295315
7246,71976,Loves Travel Stop #828,"I-295, EXIT 33",Jacksonville,FL,75,3.282,30.313899,-81.591119
7256,71988,C AND W GLOBAL,SR-429 & SR-438,Winter Garden                           ,FL,140,3.074,28.5656649,-81.5856742
7269,72006,CIRCLE K #4707123,SR-2,Canaan,ME,26,3.759,44.7630602,-69.5596522
7278,72017,CEFCO #1102,SR-24 & SR-286,Paris,TX,723,2.966,33.6617962,-95.555513
7285,72025,CENEX,US-2 ,Devils Lake                             ,ND,355,3.241,48.112779,-98.86512
7298,72046,CHEVRON DBA ONE9 #1429,US-30 & US-95,Fruitland                               ,ID,785,3.349,44.0422203,-116.9262308
7309,72075,CITGO SAMS FOOD STORE,"US-5, Exit 87",Hartford                                ,CT,100,3.499,41.7661621,-72.6732726
7315,72083,DANDY DANS,US-49/SR-42,Hattiesburg                             ,MS,620,3.066,31.2612672,-89.282838
7323,72096,EXPRESS #29,SR-29,East Dublin                             ,GA,85,3.632,32.5482221,-82.8718084
7334,72113,Food N Fuel,US-6 & CR-4,New Lenox                               ,IL,296,3.399,41.5119761,-87.9656098
7354,72132,GO TIME 4,I-64 Exit 94 & SR-1958,Winchester,KY,410,2.907,37.990079,-84.1796503
7363,72148,IRON HORSE TRAVEL CENTER,I-20 EXIT 270 & FM-1235,Merkel,TX,575,2.876,32.468588,-100.014347
7375,72171,LAWTEY SHELL SERVICE,US-301 ,Lawtey                                  ,FL,75,3.599,30.0531082,-82.0688878
6927,71560,CIRCLE K #2709675,"I-25, EXIT 41 & SR-543/SR-26",Hatch                                   ,NM,640,3.799,,
7387,72193,MERRIMAN COUNTRY STORE,SR-1 & CR-3700,Allen                                   ,OK,569,3.099,34.8789766,-96.4125075
7394,72200,Swift Mart,I-55/SR-7 & US-51,Grenada                                 ,MS,655,3.366,33.816994623158756,-89.83949007392523
7404,72213,PETRO-CANADA,Hwy 89 & Hwy 400,Cookstown,ON,720,4.099,40.0490024,-74.562377
7420,72229,REFUEL #1047,US-521,Sumter,SC,42,3.006,33.945142,-80.372681
7428,72237,ROYAL FARMS #135,SR-404 & SR-16,Denton                                  ,MD,194,3.339,38.8845583,-75.8271564
7440,72256,SHELL,US-1,Warren                                  ,ME,203,3.999,44.1088961,-69.1099613
7448,72266,SHELL SERVICE STATION,I-65 Exit 14 & US-64,Pulaski                                 ,TN,655,3.209,35.1998023,-87.0308412
7466,72293,SUNSTOP INLAND DBA ONE9 #1402,I-10 & SR-71,Marianna                                ,FL,20,3.299,30.7743487,-85.1983306
7477,72309,Racetrac #2608,"I-59, EXIT 181 & SR-77",Gadsden,AL,587,2.999,34.0128323,-86.0030251
7491,72320,THORNTONS #616,SR-265,Lebanon,TN,460,2.876,36.2079779,-86.2910945
7496,72328,Tropic Fleet Hialeah Cardlock,SR-953 & SR-934,Miami                                   ,FL,95,3.479,25.7741566,-80.1935973
7514,72348,7-ELEVEN #34718,"I-294, EXIT 25",Hinsdale,IL,290,3.719,41.802717,-87.914286
7528,72372,Eastland Truck Stop,I-20 Exit 340 & SR-6,Eastland                                ,TX,575,2.932,32.4006299,-98.8194482
7540,72394,LOVES TRAVEL STOP #871,"I-85, Exit 32",Piedmont,SC,30,3.197,34.7023389,-82.4645714
7551,72418,SHELL,SR-953,Miami                                   ,FL,95,3.479,25.7741566,-80.1935973
7558,72430,PATRIOT FUELING CENTER,SR-9,Lineville,AL,587,3.299,33.3106696,-85.7544051
7560,72433,RENFROE STORE,SR-25,Carthage,MS,705,4.099,32.811033,-89.485279
7574,72442,SHEETZ #239,I-70 Exit 57,New Stanton                             ,PA,68,3.286,40.2192258,-79.6097255
7585,72466,Holbrook Cardlock,I-40 EXIT 285,Holbrook                                ,AZ,930,3.232,34.9037105,-110.1593261
7600,72485,ALLSUPS CONVENIENCE STORE #2160,US 70,Roswell,NM,593,3.256,33.472143,-104.520568
7611,72497,ROAD RANGER #290,"I-44, Exit 13",Joplin,MO,277,3.212,37.0841838,-94.5133385
7628,72510,STUCK FLEET FUELING,US-19,Waynesburg,PA,165,4.499,39.8956327,-80.1848304
7635,72523,Petro-Card 24 #910820,US-60BUS,Willow Springs                          ,MO,535,3.399,37.034641,-92.003652
7643,72534,Petro-Card 24 #911290,US-59,Mound City                              ,MO,567,3.149,40.1317103,-95.2225869
7646,72537,PETRO-CARD 24 #910210,SR-7,Clinton                                 ,MO,400,3.399,38.35746,-93.77114
7661,72557,LITTLE NECK SHELL,I-16 Exit 152,Bloomingdale,GA,195,3.099,32.1324249,-81.2990018
7672,72569,RACETRAC #204,US-19 & SR-400,Dawsonville                             ,GA,18,3.319,34.4212053,-84.1190804
7688,72581,FASTRAC MARKET #500266,I-87 Exit 18,Queensbury,NY,12,3.999,43.3618532,-73.6652451
7701,72592,QUIKTRIP #7191,US-45 & I-57,Effingham,IL,510,3.199,39.1481633,-88.5162199
7709,72606,PETRO-CARD 24 #910474,US-65,Malta Bend                              ,MO,276,3.439,39.194105,-93.3635
7721,72622,Phillips 66,US- 60 & HWY AD,Dexter                                  ,MO,275,3.402,43.331243,-88.944947
7726,72625,PETRO-CARD 24,SR-46 & US-71,Maryville                               ,MO,567,3.129,40.3460468,-94.8723858
7730,72630,PETRO-CARD 24 #910250,US-54 BUS,Fulton                                  ,MO,392,3.299,38.820471,-91.978354
7750,72649,Love's Travel Stop #891,US 93,Jackpot,NV,835,3.627,41.9533443,-114.6833426
7759,72664,RACETRAC #2606,"I-30, EXIT 32B & SR-181",Grand Prairie,TX,630,2.926,32.7459645,-96.9977846
7773,72678,FLYING J #1056,I-90/ I-80,Edon                                    ,OH,550,3.899,41.541923,-84.768477
7786,72694,7-ELEVEN #42195,I-385 EXIT 23,Fountain Inn,SC,30,3.116,34.6925263,-82.1987922
7798,72707,QUIKTRIP #4299,"I-25, EXIT 158",Monument,CO,796,3.159,39.0916586,-104.872758
7808,72721,Racetrac #2625,SR 72 E & SHIELDS RD,Huntsville,AL,615,2.977,34.7802317,-86.5208599
7810,72724,ONE9 #484,I-40 EXIT 146,Ash Fork,AZ,930,3.329,35.224303,-112.483968
7817,72735,7-Eleven #41376,I-26 Exit 154B,Orangeburg,SC,42,3.226,33.4918203,-80.8556476
7827,72745,Loves Travel Stop #870,US-81 Exit 12 & SR-12,Watertown,NY,220,4.149,43.9747838,-75.9107565
7837,72756,Loves Travel Stop #876,I-94 Exit 34A,Michigan City,IN,365,3.789,41.7075394,-86.8950297
7850,72768,ROAD RANGER #287,I-57 EXIT 318,Bourbonnais,IL,290,3.339,41.1639309,-87.8839693
7859,72776,MARATHON,"1-75, Exit 80",Sycamore                                ,GA,85,3.299,31.6743474,-83.6373903
7873,72789,RACETRAC #237,HWY 30 & ROBERT WILSON RD,Gonzales                                ,LA,600,3.172,30.2146427,-90.9538923
7886,72803,Llanos Country Corner,"I-10/US-83, EXIT 456 & US-377",Junction                                ,TX,740,2.919,30.4893555,-99.7720109
7891,72809,LOVES TRAVEL STOP #894,I-95 EXIT 305,Saint Augustine,FL,75,3.442,29.897545,-81.315899
7896,72814,ALLSUPS #2468,"I35, EXIT 5",Thackerville,OK,253,2.917,33.7955237,-97.1438728
7905,72821,QUARLES #54231,CR-23 & CR-33,Eunice                                  ,NM,593,3.699,32.4388224,-103.159002
7919,72849,QUARLES #54349,CR-1140,Midland                                 ,TX,710,3.666,32.057198,-102.012335
7932,72869,MAVERIK #738,I-90 EXIT 129,Gillette,WY,790,3.359,44.278338,-105.495236
7946,72884,CEFCO #435,"I-10, EXIT 44 & US-90",Loxley,AL,715,3.026,30.6182476,-87.7530454
7954,72894,Allsups Convenience Store #2458,US-287 & FM-1655,Alvord,TX,630,2.899,33.3541879,-97.6944884
7967,72910,Ogden Cardlock (Bulk Plant),I-15 EXIT 343,Ogden                                   ,UT,835,3.489,41.2230048,-111.9738429
7970,72917,PETRO-CANADA,"HWY-407, EXIT 126 & CR-4",Mississauga,ON,720,3.591,35.341406,-97.60804
7981,72924,SHERMAN TRAVEL CENTER,SR-9 ,Senatobia,MS,435,3.029,34.6187807,-89.9646282
7993,72938,CIRCLE K #2723205,I-285 & CR-1642,Winston Salem,NC,65,3.521,36.0998131,-80.2440518
8003,72949,BOURBON TRAVEL PLAZA,US-30,Bourbon                                 ,IN,370,3.499,41.294343,-86.107921
8018,72968,LOVES TRAVEL STOP #883,US-52 EXIT 120,Rural Hall,NC,65,3.577,36.2404158,-80.2933838
8031,72981,Sprint Mart #2301,I-565 & CR-115,Madison,AL,742,3.492,34.6928726,-86.7511427
8042,72990,TA Express Jonesboro,I-555 EXIT 39,Jonesboro,AR,435,3.392,35.8348088,-90.7045297
8052,73007,VALERO,"I-85, EXIT 28 & SR-100",Hogansville                             ,GA,50,3.666,33.1731769,-84.914936
8057,73014,CIRCLE K #2726298,SR 33 & SR 50,Mascotte,FL,140,3.539,28.5783313,-81.8867452
8061,73018,Smart Stop Travel Center,US 271 & SR 37,Bogata,TX,723,3.199,33.4711597,-95.2144967
8074,73033,QUARLES #54242,SR-152,Pampa                                   ,TX,585,3.499,35.53307,-100.972085
8087,73047,RACETRAC #2642,"I-70, EXIT 77",Indianapolis,IN,375,3.259,39.7683331,-86.1583502
8096,73059,CIRCLE K #4705626,"I-77/US-62, EXIT 105 & SR-172",Canton,OH,249,3.459,40.7985464,-81.3749508
8110,73074,RACETRAC #2641,HWY 59 & FM 989,Texarkana                               ,TX,723,2.857,33.4466208,-94.0765653
8127,73093,GAS N WASH,I-355 EXIT 7,Lockport,IL,365,3.499,41.5894753,-88.057837
8138,73106,ALLSUPS CONVENIENCE STORE #2472,US-75,Atoka,OK,253,2.967,34.3423715,-96.1531671
8143,73119,Stinker #122,I-84 EXIT 36,Nampa,ID,785,3.402,45.346834,-118.155719
8145,73125,KWIK TRIP #1283,SR 83 & W CAPITOL DR,Hartland,WI,444,3.749,43.1017876,-88.3536959
2683,64721,FLASH MARKET #17049,"I-40/US-63, EXIT 216 & US-49/SR-17",Brinkley,AR,695,3.179,,
3515,66778,LOVES TRAVEL STOP #169,"I-44, EXIT 179 & US-377/SR-99",Stroud                                  ,OK,560,3.144,,
4331,67711,HOUMA COTEAU TRAVEL PLAZA,I-90/SR-20,Houma                                   ,LA,725,3.062,,
4909,68978,MAVERIK COUNTRY STORE #287,"I-84, EXIT 36 & US-30",Nampa,ID,785,3.386,,
5016,69119,CIRCLE K #2741217,"I-24, EXIT 242 & US-550/SR-24",Bernalillo,NM,580,3.526,,
2911,65469,PETRO-CANADA,BURLINGTON & PARKDALE/WINDEMER,Hamilton                                ,ON,430,3.653,,
3546,66821,DENTON GOOSE CREEK,SR-404/SR-619,Denton                                  ,MD,194,3.259,,
6871,71484,CIRCLE K #2745064,"I-75/SR-401, EXIT 101 & US-280/SR-30",Cordele,GA,10,2.999,,
